{
  "type": "FeatureCollection",
  "features": [
    {
      "h3_index": "8967412615bffff",
      "type": "Feature",
      "geometry": {
        "type": "Polygon",
        "coordinates": [
          [
            [
              -66.80596221815638,
              10.527093531700805
            ],
            [
              -66.80692079336711,
              10.525809684281537
            ],
            [
              -66.80614996768021,
              10.524239139792638
            ],
            [
              -66.80442057795547,
              10.523952476192823
            ],
            [
              -66.80346203416806,
              10.52523633991122
            ],
            [
              -66.80423284868141,
              10.526806850930628
            ],
            [
              -66.80596221815638,
              10.527093531700805
            ]
          ]
        ]
      },
      "properties": {
        "point_count": 1,
        "density_level": "LOW",
        "avg_speed": 43,
        "unique_vehicles": 1,
        "min_speed": 43,
        "max_speed": 43
      }
    },
    {
      "h3_index": "8967412cc8fffff",
      "type": "Feature",
      "geometry": {
        "type": "Polygon",
        "coordinates": [
          [
            [
              -66.92848992838711,
              10.420252161038775
            ],
            [
              -66.9294506870602,
              10.418964689710956
            ],
            [
              -66.92867919453296,
              10.417391603974194
            ],
            [
              -66.92694695436874,
              10.417106022992268
            ],
            [
              -66.92598622702272,
              10.418393510608622
            ],
            [
              -66.92675770851314,
              10.419966562918706
            ],
            [
              -66.92848992838711,
              10.420252161038775
            ]
          ]
        ]
      },
      "properties": {
        "point_count": 1,
        "density_level": "LOW",
        "avg_speed": 68,
        "unique_vehicles": 1,
        "min_speed": 68,
        "max_speed": 68
      }
    },
    {
      "h3_index": "8967412e2dbffff",
      "type": "Feature",
      "geometry": {
        "type": "Polygon",
        "coordinates": [
          [
            [
              -66.97109617122462,
              10.4908748998323
            ],
            [
              -66.97205733481147,
              10.489588576979388
            ],
            [
              -66.9712858953293,
              10.488016398804378
            ],
            [
              -66.96955330324057,
              10.487730576853043
            ],
            [
              -66.96859217092403,
              10.489016916049867
            ],
            [
              -66.9693635994252,
              10.490589060854429
            ],
            [
              -66.97109617122462,
              10.4908748998323
            ]
          ]
        ]
      },
      "properties": {
        "point_count": 1,
        "density_level": "LOW",
        "avg_speed": 8,
        "unique_vehicles": 1,
        "min_speed": 8,
        "max_speed": 8
      }
    },
    {
      "h3_index": "89674c5b62fffff",
      "type": "Feature",
      "geometry": {
        "type": "Polygon",
        "coordinates": [
          [
            [
              -66.8903718212821,
              10.400953337115665
            ],
            [
              -66.8913320732147,
              10.399665818778505
            ],
            [
              -66.89056064929471,
              10.398092652131902
            ],
            [
              -66.88882898452484,
              10.397807037282957
            ],
            [
              -66.88786876396064,
              10.399094571882992
            ],
            [
              -66.88864017679721,
              10.40066770506944
            ],
            [
              -66.8903718212821,
              10.400953337115665
            ]
          ]
        ]
      },
      "properties": {
        "point_count": 1,
        "density_level": "LOW",
        "avg_speed": 63,
        "unique_vehicles": 1,
        "min_speed": 63,
        "max_speed": 63
      }
    },
    {
      "h3_index": "89674127683ffff",
      "type": "Feature",
      "geometry": {
        "type": "Polygon",
        "coordinates": [
          [
            [
              -66.88268271338245,
              10.557117564251072
            ],
            [
              -66.8836423394422,
              10.555833614050064
            ],
            [
              -66.88287135009107,
              10.554263089484882
            ],
            [
              -66.88114074576019,
              10.553976548526506
            ],
            [
              -66.88018115104298,
              10.555260515072883
            ],
            [
              -66.8809521293134,
              10.556831006232594
            ],
            [
              -66.88268271338245,
              10.557117564251072
            ]
          ]
        ]
      },
      "properties": {
        "point_count": 1,
        "density_level": "LOW",
        "avg_speed": 23,
        "unique_vehicles": 1,
        "min_speed": 23,
        "max_speed": 23
      }
    },
    {
      "h3_index": "8967412dcb3ffff",
      "type": "Feature",
      "geometry": {
        "type": "Polygon",
        "coordinates": [
          [
            [
              -66.97853510300808,
              10.418375461970609
            ],
            [
              -66.97949661489416,
              10.417087445973442
            ],
            [
              -66.97872496188565,
              10.415514017105325
            ],
            [
              -66.97699180796795,
              10.41522863762765
            ],
            [
              -66.9760303273603,
              10.416516669932044
            ],
            [
              -66.97680196939122,
              10.418090065407219
            ],
            [
              -66.97853510300808,
              10.418375461970609
            ]
          ]
        ]
      },
      "properties": {
        "point_count": 2,
        "density_level": "LOW",
        "avg_speed": 47,
        "unique_vehicles": 2,
        "min_speed": 29,
        "max_speed": 65
      }
    },
    {
      "h3_index": "89674c5b06bffff",
      "type": "Feature",
      "geometry": {
        "type": "Polygon",
        "coordinates": [
          [
            [
              -66.88324025105142,
              10.389655328008283
            ],
            [
              -66.88420043322478,
              10.388367629489933
            ],
            [
              -66.88342900202768,
              10.386794320760869
            ],
            [
              -66.88169739974924,
              10.386508744019801
            ],
            [
              -66.88073724895365,
              10.387796458791982
            ],
            [
              -66.88150866905802,
              10.389369734051726
            ],
            [
              -66.88324025105142,
              10.389655328008283
            ]
          ]
        ]
      },
      "properties": {
        "point_count": 1,
        "density_level": "LOW",
        "avg_speed": 28,
        "unique_vehicles": 1,
        "min_speed": 28,
        "max_speed": 28
      }
    },
    {
      "h3_index": "8967412eb9bffff",
      "type": "Feature",
      "geometry": {
        "type": "Polygon",
        "coordinates": [
          [
            [
              -66.91195565887753,
              10.431981898848463
            ],
            [
              -66.91291613209115,
              10.430694855598647
            ],
            [
              -66.91214472204139,
              10.429122067608246
            ],
            [
              -66.91041284983285,
              10.428836356301574
            ],
            [
              -66.90945240795995,
              10.430123415839867
            ],
            [
              -66.91022380695416,
              10.431696170396695
            ],
            [
              -66.91195565887753,
              10.431981898848463
            ]
          ]
        ]
      },
      "properties": {
        "point_count": 1,
        "density_level": "LOW",
        "avg_speed": 73,
        "unique_vehicles": 1,
        "min_speed": 73,
        "max_speed": 73
      }
    },
    {
      "h3_index": "89674120b37ffff",
      "type": "Feature",
      "geometry": {
        "type": "Polygon",
        "coordinates": [
          [
            [
              -66.9172409418307,
              10.510871140904355
            ],
            [
              -66.91820123590725,
              10.509585807071753
            ],
            [
              -66.9174300166378,
              10.508014296584438
            ],
            [
              -66.91569851433444,
              10.507728153329806
            ],
            [
              -66.91473825157661,
              10.509013503496138
            ],
            [
              -66.91550945980272,
              10.510584980583694
            ],
            [
              -66.9172409418307,
              10.510871140904355
            ]
          ]
        ]
      },
      "properties": {
        "point_count": 2,
        "density_level": "LOW",
        "avg_speed": 62.5,
        "unique_vehicles": 2,
        "min_speed": 60,
        "max_speed": 65
      }
    },
    {
      "h3_index": "8967412e353ffff",
      "type": "Feature",
      "geometry": {
        "type": "Polygon",
        "coordinates": [
          [
            [
              -66.95394800207215,
              10.472151150902194
            ],
            [
              -66.95490897108063,
              10.470864582147978
            ],
            [
              -66.95413753562386,
              10.46929219907254
            ],
            [
              -66.95240514216067,
              10.469006418141078
            ],
            [
              -66.9514442044433,
              10.470293003222283
            ],
            [
              -66.9522156288973,
              10.471865352908301
            ],
            [
              -66.95394800207215,
              10.472151150902194
            ]
          ]
        ]
      },
      "properties": {
        "point_count": 1,
        "density_level": "LOW",
        "avg_speed": 55,
        "unique_vehicles": 1,
        "min_speed": 55,
        "max_speed": 55
      }
    },
    {
      "h3_index": "8967412e0abffff",
      "type": "Feature",
      "geometry": {
        "type": "Polygon",
        "coordinates": [
          [
            [
              -66.93972504428122,
              10.488587108461717
            ],
            [
              -66.94068574715273,
              10.487301050015125
            ],
            [
              -66.93991439914588,
              10.485729028732463
            ],
            [
              -66.93818235928518,
              10.485443099289622
            ],
            [
              -66.93722168771514,
              10.486729174066602
            ],
            [
              -66.93799302470362,
              10.48830116195637
            ],
            [
              -66.93972504428122,
              10.488587108461717
            ]
          ]
        ]
      },
      "properties": {
        "point_count": 1,
        "density_level": "LOW",
        "avg_speed": 24,
        "unique_vehicles": 1,
        "min_speed": 24,
        "max_speed": 24
      }
    },
    {
      "h3_index": "89674c5a63bffff",
      "type": "Feature",
      "geometry": {
        "type": "Polygon",
        "coordinates": [
          [
            [
              -66.837494361117,
              10.406681367090487
            ],
            [
              -66.8384538026297,
              10.405394509305435
            ],
            [
              -66.8376825604314,
              10.403821769753998
            ],
            [
              -66.8359518878652,
              10.403535921482177
            ],
            [
              -66.8349924777711,
              10.404822795512452
            ],
            [
              -66.8357637088239,
              10.406395501569673
            ],
            [
              -66.837494361117,
              10.406681367090487
            ]
          ]
        ]
      },
      "properties": {
        "point_count": 1,
        "density_level": "LOW",
        "avg_speed": 105,
        "unique_vehicles": 1,
        "min_speed": 105,
        "max_speed": 105
      }
    },
    {
      "h3_index": "89674120c7bffff",
      "type": "Feature",
      "geometry": {
        "type": "Polygon",
        "coordinates": [
          [
            [
              -66.9276738365172,
              10.551575093089552
            ],
            [
              -66.92863415320952,
              10.550290564995665
            ],
            [
              -66.92786300835348,
              10.548719667993277
            ],
            [
              -66.92613155783238,
              10.548433332461942
            ],
            [
              -66.92517127243991,
              10.549717876915736
            ],
            [
              -66.92594240626799,
              10.55128874054129
            ],
            [
              -66.9276738365172,
              10.551575093089552
            ]
          ]
        ]
      },
      "properties": {
        "point_count": 1,
        "density_level": "LOW",
        "avg_speed": 118,
        "unique_vehicles": 1,
        "min_speed": 118,
        "max_speed": 118
      }
    },
    {
      "h3_index": "89674120e97ffff",
      "type": "Feature",
      "geometry": {
        "type": "Polygon",
        "coordinates": [
          [
            [
              -66.93518175165781,
              10.5571466543711
            ],
            [
              -66.93614216223261,
              10.55586217536885
            ],
            [
              -66.93537100860392,
              10.554291324730272
            ],
            [
              -66.93363945541836,
              10.554004986463788
            ],
            [
              -66.93267907613486,
              10.555289481831895
            ],
            [
              -66.93345021874492,
              10.556860299100958
            ],
            [
              -66.93518175165781,
              10.5571466543711
            ]
          ]
        ]
      },
      "properties": {
        "point_count": 2,
        "density_level": "LOW",
        "avg_speed": 46,
        "unique_vehicles": 2,
        "min_speed": 20,
        "max_speed": 72
      }
    },
    {
      "h3_index": "8967412eb2bffff",
      "type": "Feature",
      "geometry": {
        "type": "Polygon",
        "coordinates": [
          [
            [
              -66.91039762258494,
              10.415822959436982
            ],
            [
              -66.9113581253626,
              10.414535571275318
            ],
            [
              -66.91058667773723,
              10.412962525291189
            ],
            [
              -66.90885473839214,
              10.41267690090982
            ],
            [
              -66.90789426696018,
              10.413964305350456
            ],
            [
              -66.90866570352692,
              10.415537317893808
            ],
            [
              -66.91039762258494,
              10.415822959436982
            ]
          ]
        ]
      },
      "properties": {
        "point_count": 1,
        "density_level": "LOW",
        "avg_speed": 33,
        "unique_vehicles": 1,
        "min_speed": 33,
        "max_speed": 33
      }
    },
    {
      "h3_index": "8967412550fffff",
      "type": "Feature",
      "geometry": {
        "type": "Polygon",
        "coordinates": [
          [
            [
              -66.87106691859539,
              10.494573560741086
            ],
            [
              -66.87202657549996,
              10.493288327895614
            ],
            [
              -66.87125545827072,
              10.491716834577167
            ],
            [
              -66.86952469523537,
              10.491430607542176
            ],
            [
              -66.868565069698,
              10.49271585669442
            ],
            [
              -66.86933617582805,
              10.494287316575218
            ],
            [
              -66.87106691859539,
              10.494573560741086
            ]
          ]
        ]
      },
      "properties": {
        "point_count": 1,
        "density_level": "LOW",
        "avg_speed": 75,
        "unique_vehicles": 1,
        "min_speed": 75,
        "max_speed": 75
      }
    },
    {
      "h3_index": "89674c5b287ffff",
      "type": "Feature",
      "geometry": {
        "type": "Polygon",
        "coordinates": [
          [
            [
              -66.89074948137869,
              10.395231852936767
            ],
            [
              -66.89170975766832,
              10.39394420319198
            ],
            [
              -66.89093831753416,
              10.392370939537766
            ],
            [
              -66.88920661219304,
              10.392085359090737
            ],
            [
              -66.88824636727266,
              10.393373025095386
            ],
            [
              -66.8890177963234,
              10.394946255287547
            ],
            [
              -66.89074948137869,
              10.395231852936767
            ]
          ]
        ]
      },
      "properties": {
        "point_count": 1,
        "density_level": "LOW",
        "avg_speed": 50,
        "unique_vehicles": 1,
        "min_speed": 50,
        "max_speed": 50
      }
    },
    {
      "h3_index": "89674135b2bffff",
      "type": "Feature",
      "geometry": {
        "type": "Polygon",
        "coordinates": [
          [
            [
              -66.84597026473384,
              10.556806677159614
            ],
            [
              -66.84692934233472,
              10.555523090796777
            ],
            [
              -66.8461584679012,
              10.553952790260759
            ],
            [
              -66.84442852699021,
              10.553666109518565
            ],
            [
              -66.84346948076757,
              10.554949712212325
            ],
            [
              -66.84424034407698,
              10.556519979317681
            ],
            [
              -66.84597026473384,
              10.556806677159614
            ]
          ]
        ]
      },
      "properties": {
        "point_count": 1,
        "density_level": "LOW",
        "avg_speed": 107,
        "unique_vehicles": 1,
        "min_speed": 107,
        "max_speed": 107
      }
    },
    {
      "h3_index": "89674c5a543ffff",
      "type": "Feature",
      "geometry": {
        "type": "Polygon",
        "coordinates": [
          [
            [
              -66.81134980821174,
              10.40525209451226
            ],
            [
              -66.81230886244957,
              10.403965468604639
            ],
            [
              -66.81153769941305,
              10.402392870279835
            ],
            [
              -66.80980749331448,
              10.402106931375606
            ],
            [
              -66.8088484705209,
              10.40339357351736
            ],
            [
              -66.80961962238095,
              10.404966138329545
            ],
            [
              -66.81134980821174,
              10.40525209451226
            ]
          ]
        ]
      },
      "properties": {
        "point_count": 1,
        "density_level": "LOW",
        "avg_speed": 3,
        "unique_vehicles": 1,
        "min_speed": 3,
        "max_speed": 3
      }
    },
    {
      "h3_index": "89674126343ffff",
      "type": "Feature",
      "geometry": {
        "type": "Polygon",
        "coordinates": [
          [
            [
              -66.82227963312889,
              10.518254562184882
            ],
            [
              -66.82323848188223,
              10.516970351860952
            ],
            [
              -66.8224675811171,
              10.515399557932785
            ],
            [
              -66.82073784275289,
              10.515113007790687
            ],
            [
              -66.81977902540898,
              10.516397234415278
            ],
            [
              -66.82054991501911,
              10.517967994881642
            ],
            [
              -66.82227963312889,
              10.518254562184882
            ]
          ]
        ]
      },
      "properties": {
        "point_count": 2,
        "density_level": "LOW",
        "avg_speed": 114.5,
        "unique_vehicles": 2,
        "min_speed": 112,
        "max_speed": 117
      }
    },
    {
      "h3_index": "8967412cd5bffff",
      "type": "Feature",
      "geometry": {
        "type": "Polygon",
        "coordinates": [
          [
            [
              -66.92423942475324,
              10.405091680731298
            ],
            [
              -66.92520016951008,
              10.40380391397546
            ],
            [
              -66.92442865042693,
              10.402230603697316
            ],
            [
              -66.92269639762922,
              10.40194509361068
            ],
            [
              -66.92173568420684,
              10.403232876645038
            ],
            [
              -66.92250719224697,
              10.40480615348785
            ],
            [
              -66.92423942475324,
              10.405091680731298
            ]
          ]
        ]
      },
      "properties": {
        "point_count": 2,
        "density_level": "LOW",
        "avg_speed": 108,
        "unique_vehicles": 2,
        "min_speed": 99,
        "max_speed": 117
      }
    },
    {
      "h3_index": "896741240b3ffff",
      "type": "Feature",
      "geometry": {
        "type": "Polygon",
        "coordinates": [
          [
            [
              -66.82647221132285,
              10.494413000930162
            ],
            [
              -66.82743120087204,
              10.493128214691078
            ],
            [
              -66.82666022413406,
              10.491556998251141
            ],
            [
              -66.82493026899803,
              10.491270601518808
            ],
            [
              -66.82397131085933,
              10.49255540404713
            ],
            [
              -66.82474227644546,
              10.494126587018892
            ],
            [
              -66.82647221132285,
              10.494413000930162
            ]
          ]
        ]
      },
      "properties": {
        "point_count": 2,
        "density_level": "LOW",
        "avg_speed": 81.5,
        "unique_vehicles": 2,
        "min_speed": 71,
        "max_speed": 92
      }
    },
    {
      "h3_index": "89674125c8fffff",
      "type": "Feature",
      "geometry": {
        "type": "Polygon",
        "coordinates": [
          [
            [
              -66.8518064493954,
              10.46828293512748
            ],
            [
              -66.8527659039358,
              10.46699730879541
            ],
            [
              -66.85199477834865,
              10.465425499573717
            ],
            [
              -66.85026420934433,
              10.46513935014535
            ],
            [
              -66.84930478619545,
              10.466424992762228
            ],
            [
              -66.85007590065865,
              10.467996768523003
            ],
            [
              -66.8518064493954,
              10.46828293512748
            ]
          ]
        ]
      },
      "properties": {
        "point_count": 1,
        "density_level": "LOW",
        "avg_speed": 116,
        "unique_vehicles": 1,
        "min_speed": 116,
        "max_speed": 116
      }
    },
    {
      "h3_index": "89674124e6bffff",
      "type": "Feature",
      "geometry": {
        "type": "Polygon",
        "coordinates": [
          [
            [
              -66.82410220184475,
              10.450702469545993
            ],
            [
              -66.82506129876427,
              10.44941672994302
            ],
            [
              -66.8242902146615,
              10.447844803318064
            ],
            [
              -66.82256004479649,
              10.447558649782994
            ],
            [
              -66.82160097929913,
              10.448844405650249
            ],
            [
              -66.82237205224392,
              10.450416298788621
            ],
            [
              -66.82410220184475,
              10.450702469545993
            ]
          ]
        ]
      },
      "properties": {
        "point_count": 1,
        "density_level": "LOW",
        "avg_speed": 83,
        "unique_vehicles": 1,
        "min_speed": 83,
        "max_speed": 83
      }
    },
    {
      "h3_index": "8967412405bffff",
      "type": "Feature",
      "geometry": {
        "type": "Polygon",
        "coordinates": [
          [
            [
              -66.84492066152204,
              10.49313572978956
            ],
            [
              -66.8458799316623,
              10.491850728655349
            ],
            [
              -66.84510889315416,
              10.490279375225741
            ],
            [
              -66.84337859563526,
              10.48999305638676
            ],
            [
              -66.84241935688789,
              10.491278073816728
            ],
            [
              -66.84319038426585,
              10.492849393790264
            ],
            [
              -66.84492066152204,
              10.49313572978956
            ]
          ]
        ]
      },
      "properties": {
        "point_count": 1,
        "density_level": "LOW",
        "avg_speed": 44,
        "unique_vehicles": 1,
        "min_speed": 44,
        "max_speed": 44
      }
    },
    {
      "h3_index": "8967412f14bffff",
      "type": "Feature",
      "geometry": {
        "type": "Polygon",
        "coordinates": [
          [
            [
              -66.9932191946062,
              10.474291232630351
            ],
            [
              -66.99418074239084,
              10.47300431703323
            ],
            [
              -66.99340919087248,
              10.47143172568475
            ],
            [
              -66.99167610252476,
              10.471146083295302
            ],
            [
              -66.99071458599224,
              10.472433015236001
            ],
            [
              -66.9914861265546,
              10.474005573222904
            ],
            [
              -66.9932191946062,
              10.474291232630351
            ]
          ]
        ]
      },
      "properties": {
        "point_count": 1,
        "density_level": "LOW",
        "avg_speed": 3,
        "unique_vehicles": 1,
        "min_speed": 3,
        "max_speed": 3
      }
    },
    {
      "h3_index": "896741254cfffff",
      "type": "Feature",
      "geometry": {
        "type": "Polygon",
        "coordinates": [
          [
            [
              -66.89339644780162,
              10.514148586523856
            ],
            [
              -66.89435637471375,
              10.51286356633261
            ],
            [
              -66.89358523874542,
              10.511292259053743
            ],
            [
              -66.89185418693555,
              10.511006005381269
            ],
            [
              -66.8908942913647,
              10.512291041898697
            ],
            [
              -66.89166541626173,
              10.51386231576274
            ],
            [
              -66.89339644780162,
              10.514148586523856
            ]
          ]
        ]
      },
      "properties": {
        "point_count": 1,
        "density_level": "LOW",
        "avg_speed": 7,
        "unique_vehicles": 1,
        "min_speed": 7,
        "max_speed": 7
      }
    },
    {
      "h3_index": "896741245a7ffff",
      "type": "Feature",
      "geometry": {
        "type": "Polygon",
        "coordinates": [
          [
            [
              -66.80533942796127,
              10.496686956352333
            ],
            [
              -66.80629809323959,
              10.495402434573318
            ],
            [
              -66.80552718959622,
              10.493831388721338
            ],
            [
              -66.80379763185041,
              10.493544898130393
            ],
            [
              -66.80283899800253,
              10.494829436191637
            ],
            [
              -66.80360989046932,
              10.496400448561914
            ],
            [
              -66.80533942796127,
              10.496686956352333
            ]
          ]
        ]
      },
      "properties": {
        "point_count": 2,
        "density_level": "LOW",
        "avg_speed": 90,
        "unique_vehicles": 2,
        "min_speed": 81,
        "max_speed": 99
      }
    },
    {
      "h3_index": "89674120177ffff",
      "type": "Feature",
      "geometry": {
        "type": "Polygon",
        "coordinates": [
          [
            [
              -66.93999790448127,
              10.56371610697038
            ],
            [
              -66.94095836545384,
              10.562431726549768
            ],
            [
              -66.94018721408827,
              10.56086095571216
            ],
            [
              -66.93845561276186,
              10.56057459865916
            ],
            [
              -66.93749518307452,
              10.561858995451056
            ],
            [
              -66.93826632342767,
              10.56342973292499
            ],
            [
              -66.93999790448127,
              10.56371610697038
            ]
          ]
        ]
      },
      "properties": {
        "point_count": 1,
        "density_level": "LOW",
        "avg_speed": 75,
        "unique_vehicles": 1,
        "min_speed": 75,
        "max_speed": 75
      }
    },
    {
      "h3_index": "8967412e53bffff",
      "type": "Feature",
      "geometry": {
        "type": "Polygon",
        "coordinates": [
          [
            [
              -66.9237596005515,
              10.49172891811996
            ],
            [
              -66.92472005467557,
              10.49044309060964
            ],
            [
              -66.9239487647247,
              10.488871220996938
            ],
            [
              -66.9222170316861,
              10.488585212297547
            ],
            [
              -66.9212566088785,
              10.489871056133707
            ],
            [
              -66.92202788779231,
              10.491442892343752
            ],
            [
              -66.9237596005515,
              10.49172891811996
            ]
          ]
        ]
      },
      "properties": {
        "point_count": 1,
        "density_level": "LOW",
        "avg_speed": 114,
        "unique_vehicles": 1,
        "min_speed": 114,
        "max_speed": 114
      }
    },
    {
      "h3_index": "89674135b43ffff",
      "type": "Feature",
      "geometry": {
        "type": "Polygon",
        "coordinates": [
          [
            [
              -66.85597377476016,
              10.564234393779499
            ],
            [
              -66.85693297784576,
              10.562950872760178
            ],
            [
              -66.85616209134288,
              10.561380633545328
            ],
            [
              -66.85443201286543,
              10.56109394877107
            ],
            [
              -66.85347284114678,
              10.562377486129234
            ],
            [
              -66.85424371653792,
              10.563947691923143
            ],
            [
              -66.85597377476016,
              10.564234393779499
            ]
          ]
        ]
      },
      "properties": {
        "point_count": 1,
        "density_level": "LOW",
        "avg_speed": 9,
        "unique_vehicles": 1,
        "min_speed": 9,
        "max_speed": 9
      }
    },
    {
      "h3_index": "8967412ebd3ffff",
      "type": "Feature",
      "geometry": {
        "type": "Polygon",
        "coordinates": [
          [
            [
              -66.91715139236639,
              10.432839054441057
            ],
            [
              -66.91811194043461,
              10.43155197804001
            ],
            [
              -66.91734051638772,
              10.429979171778367
            ],
            [
              -66.91560855532126,
              10.429693475347765
            ],
            [
              -66.9146480385885,
              10.430980568039804
            ],
            [
              -66.91541945158606,
              10.432553340871767
            ],
            [
              -66.91715139236639,
              10.432839054441057
            ]
          ]
        ]
      },
      "properties": {
        "point_count": 1,
        "density_level": "LOW",
        "avg_speed": 94,
        "unique_vehicles": 1,
        "min_speed": 94,
        "max_speed": 94
      }
    },
    {
      "h3_index": "89674120ed7ffff",
      "type": "Feature",
      "geometry": {
        "type": "Polygon",
        "coordinates": [
          [
            [
              -66.94306868917228,
              10.557007501605344
            ],
            [
              -66.94402921795843,
              10.555722940029025
            ],
            [
              -66.94325803938973,
              10.554152038131889
            ],
            [
              -66.94152634304345,
              10.55386573117559
            ],
            [
              -66.94056584554093,
              10.555150309120762
            ],
            [
              -66.94133701310037,
              10.556721177653719
            ],
            [
              -66.94306868917228,
              10.557007501605344
            ]
          ]
        ]
      },
      "properties": {
        "point_count": 1,
        "density_level": "LOW",
        "avg_speed": 40,
        "unique_vehicles": 1,
        "min_speed": 40,
        "max_speed": 40
      }
    },
    {
      "h3_index": "8967412dc63ffff",
      "type": "Feature",
      "geometry": {
        "type": "Polygon",
        "coordinates": [
          [
            [
              -66.98969447216577,
              10.408640861194106
            ],
            [
              -66.99065618233536,
              10.407352516154557
            ],
            [
              -66.98988446923978,
              10.405778856470077
            ],
            [
              -66.98815105693897,
              10.40549357521442
            ],
            [
              -66.98718937803893,
              10.40678193656026
            ],
            [
              -66.98796108016943,
              10.408355562855801
            ],
            [
              -66.98969447216577,
              10.408640861194106
            ]
          ]
        ]
      },
      "properties": {
        "point_count": 1,
        "density_level": "LOW",
        "avg_speed": 55,
        "unique_vehicles": 1,
        "min_speed": 55,
        "max_speed": 55
      }
    },
    {
      "h3_index": "89674122a37ffff",
      "type": "Feature",
      "geometry": {
        "type": "Polygon",
        "coordinates": [
          [
            [
              -66.91327131202175,
              10.570838401695019
            ],
            [
              -66.91423135047783,
              10.56955445022444
            ],
            [
              -66.9134603012796,
              10.567983964248763
            ],
            [
              -66.91172922466805,
              10.567697463123194
            ],
            [
              -66.91076921752175,
              10.568981430958498
            ],
            [
              -66.91154025567648,
              10.57055188355497
            ],
            [
              -66.91327131202175,
              10.570838401695019
            ]
          ]
        ]
      },
      "properties": {
        "point_count": 1,
        "density_level": "LOW",
        "avg_speed": 38,
        "unique_vehicles": 1,
        "min_speed": 38,
        "max_speed": 38
      }
    },
    {
      "h3_index": "8967412ca47ffff",
      "type": "Feature",
      "geometry": {
        "type": "Polygon",
        "coordinates": [
          [
            [
              -66.95694151312797,
              10.387336040521605
            ],
            [
              -66.95790280437578,
              10.38604754934659
            ],
            [
              -66.9571311368078,
              10.38447374084441
            ],
            [
              -66.95539818899688,
              10.384188456937098
            ],
            [
              -66.9544369290553,
              10.385476964393742
            ],
            [
              -66.95520858561771,
              10.387050739476404
            ],
            [
              -66.95694151312797,
              10.387336040521605
            ]
          ]
        ]
      },
      "properties": {
        "point_count": 1,
        "density_level": "LOW",
        "avg_speed": 62,
        "unique_vehicles": 1,
        "min_speed": 62,
        "max_speed": 62
      }
    },
    {
      "h3_index": "89674121a9bffff",
      "type": "Feature",
      "geometry": {
        "type": "Polygon",
        "coordinates": [
          [
            [
              -66.99693247328781,
              10.537029969460471
            ],
            [
              -66.9978938709241,
              10.535744418795893
            ],
            [
              -66.99712247282442,
              10.534172849922179
            ],
            [
              -66.99538968803466,
              10.533886865048277
            ],
            [
              -66.99442832163349,
              10.535172432091928
            ],
            [
              -66.99519970878629,
              10.53674396763073
            ],
            [
              -66.99693247328781,
              10.537029969460471
            ]
          ]
        ]
      },
      "properties": {
        "point_count": 1,
        "density_level": "LOW",
        "avg_speed": 13,
        "unique_vehicles": 1,
        "min_speed": 13,
        "max_speed": 13
      }
    },
    {
      "h3_index": "896741272a3ffff",
      "type": "Feature",
      "geometry": {
        "type": "Polygon",
        "coordinates": [
          [
            [
              -66.87918837971625,
              10.530563937406155
            ],
            [
              -66.8801480403983,
              10.52927942788066
            ],
            [
              -66.87937699221895,
              10.527708482574164
            ],
            [
              -66.87764629444375,
              10.527422080211688
            ],
            [
              -66.87668666511331,
              10.528706606066773
            ],
            [
              -66.87745770220577,
              10.530277517955081
            ],
            [
              -66.87918837971625,
              10.530563937406155
            ]
          ]
        ]
      },
      "properties": {
        "point_count": 1,
        "density_level": "LOW",
        "avg_speed": 72,
        "unique_vehicles": 1,
        "min_speed": 72,
        "max_speed": 72
      }
    },
    {
      "h3_index": "896741240abffff",
      "type": "Feature",
      "geometry": {
        "type": "Polygon",
        "coordinates": [
          [
            [
              -66.82934923569074,
              10.490558526923026
            ],
            [
              -66.83030828096024,
              10.489273625395382
            ],
            [
              -66.82953728497019,
              10.487702326878553
            ],
            [
              -66.82780725485868,
              10.487415963357384
            ],
            [
              -66.8268482409977,
              10.48870088117327
            ],
            [
              -66.827619225839,
              10.490272146222415
            ],
            [
              -66.82934923569074,
              10.490558526923026
            ]
          ]
        ]
      },
      "properties": {
        "point_count": 1,
        "density_level": "LOW",
        "avg_speed": 31,
        "unique_vehicles": 1,
        "min_speed": 31,
        "max_speed": 31
      }
    },
    {
      "h3_index": "8967412ca53ffff",
      "type": "Feature",
      "geometry": {
        "type": "Polygon",
        "coordinates": [
          [
            [
              -66.95925648630525,
              10.392057256659067
            ],
            [
              -66.96021779666137,
              10.390768847461143
            ],
            [
              -66.95944613430284,
              10.389195102657762
            ],
            [
              -66.95771317258992,
              10.3889098004688
            ],
            [
              -66.95675189353675,
              10.390198225951874
            ],
            [
              -66.95752354489282,
              10.391771937339092
            ],
            [
              -66.95925648630525,
              10.392057256659067
            ]
          ]
        ]
      },
      "properties": {
        "point_count": 1,
        "density_level": "LOW",
        "avg_speed": 21,
        "unique_vehicles": 1,
        "min_speed": 21,
        "max_speed": 21
      }
    },
    {
      "h3_index": "89674125e73ffff",
      "type": "Feature",
      "geometry": {
        "type": "Polygon",
        "coordinates": [
          [
            [
              -66.87639775235938,
              10.453568817270522
            ],
            [
              -66.87735762315616,
              10.452282614156314
            ],
            [
              -66.87658638138484,
              10.45071040666297
            ],
            [
              -66.87485527991201,
              10.450424435733899
            ],
            [
              -66.87389544048601,
              10.451710655134494
            ],
            [
              -66.87466667116132,
              10.453282829178107
            ],
            [
              -66.87639775235938,
              10.453568817270522
            ]
          ]
        ]
      },
      "properties": {
        "point_count": 1,
        "density_level": "LOW",
        "avg_speed": 23,
        "unique_vehicles": 1,
        "min_speed": 23,
        "max_speed": 23
      }
    },
    {
      "h3_index": "8967412156bffff",
      "type": "Feature",
      "geometry": {
        "type": "Polygon",
        "coordinates": [
          [
            [
              -66.99928052908828,
              10.580731732947463
            ],
            [
              -67.00024181852001,
              10.579447136801171
            ],
            [
              -66.99947052806547,
              10.577876283734657
            ],
            [
              -66.99773795911935,
              10.5775900601311
            ],
            [
              -66.99677670091111,
              10.578874672680948
            ],
            [
              -66.9975479804248,
              10.580445492431124
            ],
            [
              -66.99928052908828,
              10.580731732947463
            ]
          ]
        ]
      },
      "properties": {
        "point_count": 1,
        "density_level": "LOW",
        "avg_speed": 59,
        "unique_vehicles": 1,
        "min_speed": 59,
        "max_speed": 59
      }
    },
    {
      "h3_index": "89674125483ffff",
      "type": "Feature",
      "geometry": {
        "type": "Polygon",
        "coordinates": [
          [
            [
              -66.8853239972706,
              10.517144489745593
            ],
            [
              -66.88628379364685,
              10.515859617994039
            ],
            [
              -66.88551269090175,
              10.514288410963976
            ],
            [
              -66.88378180286033,
              10.514002109104997
            ],
            [
              -66.88282203783255,
              10.515286997181239
            ],
            [
              -66.88359312949702,
              10.516858170792114
            ],
            [
              -66.8853239972706,
              10.517144489745593
            ]
          ]
        ]
      },
      "properties": {
        "point_count": 1,
        "density_level": "LOW",
        "avg_speed": 13,
        "unique_vehicles": 1,
        "min_speed": 13,
        "max_speed": 13
      }
    },
    {
      "h3_index": "89674125d77ffff",
      "type": "Feature",
      "geometry": {
        "type": "Polygon",
        "coordinates": [
          [
            [
              -66.83754969115768,
              10.445703890425678
            ],
            [
              -66.8385090059533,
              10.4444179034022
            ],
            [
              -66.83773786610715,
              10.442845809366167
            ],
            [
              -66.83600742260715,
              10.442559735833255
            ],
            [
              -66.83504813922173,
              10.443845739123534
            ],
            [
              -66.83581926792539,
              10.445417799680262
            ],
            [
              -66.83754969115768,
              10.445703890425678
            ]
          ]
        ]
      },
      "properties": {
        "point_count": 1,
        "density_level": "LOW",
        "avg_speed": 78,
        "unique_vehicles": 1,
        "min_speed": 78,
        "max_speed": 78
      }
    },
    {
      "h3_index": "89674c5a5d3ffff",
      "type": "Feature",
      "geometry": {
        "type": "Polygon",
        "coordinates": [
          [
            [
              -66.80809705972302,
              10.41482945352926
            ],
            [
              -66.80905603388268,
              10.413543074257724
            ],
            [
              -66.80828490634745,
              10.41197065477096
            ],
            [
              -66.80655481583143,
              10.411684648067233
            ],
            [
              -66.80559587311713,
              10.412971043576931
            ],
            [
              -66.80636698947278,
              10.414543429552513
            ],
            [
              -66.80809705972302,
              10.41482945352926
            ]
          ]
        ]
      },
      "properties": {
        "point_count": 1,
        "density_level": "LOW",
        "avg_speed": 84,
        "unique_vehicles": 1,
        "min_speed": 84,
        "max_speed": 84
      }
    },
    {
      "h3_index": "8967412f403ffff",
      "type": "Feature",
      "geometry": {
        "type": "Polygon",
        "coordinates": [
          [
            [
              -66.99883265293445,
              10.508453614414318
            ],
            [
              -66.99979417250044,
              10.507167405680228
            ],
            [
              -66.99902269342466,
              10.505595348420101
            ],
            [
              -66.99728970572897,
              10.505309533239004
            ],
            [
              -66.99632821740231,
              10.506595758337438
            ],
            [
              -66.99709968553132,
              10.508167782252945
            ],
            [
              -66.99883265293445,
              10.508453614414318
            ]
          ]
        ]
      },
      "properties": {
        "point_count": 1,
        "density_level": "LOW",
        "avg_speed": 118,
        "unique_vehicles": 1,
        "min_speed": 118,
        "max_speed": 118
      }
    },
    {
      "h3_index": "89674122a8fffff",
      "type": "Feature",
      "geometry": {
        "type": "Polygon",
        "coordinates": [
          [
            [
              -66.91789753286332,
              10.580260702890842
            ],
            [
              -66.91885760959042,
              10.578976915871584
            ],
            [
              -66.91808657070123,
              10.577406558540343
            ],
            [
              -66.91635546612157,
              10.577120021601049
            ],
            [
              -66.9153954206977,
              10.57840382499195
            ],
            [
              -66.91616644854956,
              10.579974148950829
            ],
            [
              -66.91789753286332,
              10.580260702890842
            ]
          ]
        ]
      },
      "properties": {
        "point_count": 1,
        "density_level": "LOW",
        "avg_speed": 41,
        "unique_vehicles": 1,
        "min_speed": 41,
        "max_speed": 41
      }
    },
    {
      "h3_index": "89674126617ffff",
      "type": "Feature",
      "geometry": {
        "type": "Polygon",
        "coordinates": [
          [
            [
              -66.82790157360135,
              10.552369260233089
            ],
            [
              -66.82886039504062,
              10.551085757106101
            ],
            [
              -66.82808956614211,
              10.549515495707537
            ],
            [
              -66.82635992694937,
              10.549228770881006
            ],
            [
              -66.82540113690679,
              10.550512290329463
            ],
            [
              -66.82617195465956,
              10.552082518283306
            ],
            [
              -66.82790157360135,
              10.552369260233089
            ]
          ]
        ]
      },
      "properties": {
        "point_count": 1,
        "density_level": "LOW",
        "avg_speed": 19,
        "unique_vehicles": 1,
        "min_speed": 19,
        "max_speed": 19
      }
    },
    {
      "h3_index": "89674122807ffff",
      "type": "Feature",
      "geometry": {
        "type": "Polygon",
        "coordinates": [
          [
            [
              -66.89943939353756,
              10.581532366991459
            ],
            [
              -66.90039919025193,
              10.58024879469341
            ],
            [
              -66.8996282124962,
              10.578678573303932
            ],
            [
              -66.89789744908447,
              10.578391957597335
            ],
            [
              -66.89693768369108,
              10.579675546260527
            ],
            [
              -66.89770865038773,
              10.581245734265512
            ],
            [
              -66.89943939353756,
              10.581532366991459
            ]
          ]
        ]
      },
      "properties": {
        "point_count": 1,
        "density_level": "LOW",
        "avg_speed": 91,
        "unique_vehicles": 1,
        "min_speed": 91,
        "max_speed": 91
      }
    },
    {
      "h3_index": "8967412d5a7ffff",
      "type": "Feature",
      "geometry": {
        "type": "Polygon",
        "coordinates": [
          [
            [
              -66.99242444425013,
              10.446693045796865
            ],
            [
              -66.99338607055357,
              10.445405522085535
            ],
            [
              -66.99261444897942,
              10.443832476887925
            ],
            [
              -66.99088121206012,
              10.443546988774626
            ],
            [
              -66.98991961701543,
              10.444834528814154
            ],
            [
              -66.99069122763058,
              10.446407540639123
            ],
            [
              -66.99242444425013,
              10.446693045796865
            ]
          ]
        ]
      },
      "properties": {
        "point_count": 1,
        "density_level": "LOW",
        "avg_speed": 46,
        "unique_vehicles": 1,
        "min_speed": 46,
        "max_speed": 46
      }
    },
    {
      "h3_index": "8967412c10bffff",
      "type": "Feature",
      "geometry": {
        "type": "Polygon",
        "coordinates": [
          [
            [
              -66.95159349045298,
              10.428398217764276
            ],
            [
              -66.9525545675108,
              10.427110695930695
            ],
            [
              -66.9517830244189,
              10.425537601058483
            ],
            [
              -66.95005041527726,
              10.425252061427894
            ],
            [
              -66.94908936952216,
              10.426539599563586
            ],
            [
              -66.94986090160523,
              10.42811266102809
            ],
            [
              -66.95159349045298,
              10.428398217764276
            ]
          ]
        ]
      },
      "properties": {
        "point_count": 1,
        "density_level": "LOW",
        "avg_speed": 104,
        "unique_vehicles": 1,
        "min_speed": 104,
        "max_speed": 104
      }
    },
    {
      "h3_index": "8967413586fffff",
      "type": "Feature",
      "geometry": {
        "type": "Polygon",
        "coordinates": [
          [
            [
              -66.85003070640677,
              10.574787962837828
            ],
            [
              -66.85098978597992,
              10.573504738405934
            ],
            [
              -66.85021894599909,
              10.571934712352022
            ],
            [
              -66.84848903756237,
              10.571647944151183
            ],
            [
              -66.84752998935966,
              10.57293118492534
            ],
            [
              -66.84830081822254,
              10.5745011775584
            ],
            [
              -66.85003070640677,
              10.574787962837828
            ]
          ]
        ]
      },
      "properties": {
        "point_count": 1,
        "density_level": "LOW",
        "avg_speed": 53,
        "unique_vehicles": 1,
        "min_speed": 53,
        "max_speed": 53
      }
    },
    {
      "h3_index": "89674c5b2cfffff",
      "type": "Feature",
      "geometry": {
        "type": "Polygon",
        "coordinates": [
          [
            [
              -66.90132917231172,
              10.394084318906247
            ],
            [
              -66.9022896105928,
              10.392796537110561
            ],
            [
              -66.90151813426321,
              10.39122318812792
            ],
            [
              -66.8997862307228,
              10.390937654396524
            ],
            [
              -66.89882582380089,
              10.392225452455627
            ],
            [
              -66.89959728905951,
              10.393798767983032
            ],
            [
              -66.90132917231172,
              10.394084318906247
            ]
          ]
        ]
      },
      "properties": {
        "point_count": 1,
        "density_level": "LOW",
        "avg_speed": 119,
        "unique_vehicles": 1,
        "min_speed": 119,
        "max_speed": 119
      }
    },
    {
      "h3_index": "89674125123ffff",
      "type": "Feature",
      "geometry": {
        "type": "Polygon",
        "coordinates": [
          [
            [
              -66.86738272403163,
              10.470858211381934
            ],
            [
              -66.86834240336182,
              10.469572485483711
            ],
            [
              -66.86757123540777,
              10.468000621339007
            ],
            [
              -66.86584039922815,
              10.467714516542161
            ],
            [
              -66.86488075127379,
              10.469000258732724
            ],
            [
              -66.8656519081225,
              10.470572089428133
            ],
            [
              -66.86738272403163,
              10.470858211381934
            ]
          ]
        ]
      },
      "properties": {
        "point_count": 1,
        "density_level": "LOW",
        "avg_speed": 72,
        "unique_vehicles": 1,
        "min_speed": 72,
        "max_speed": 72
      }
    },
    {
      "h3_index": "89674c5a5cbffff",
      "type": "Feature",
      "geometry": {
        "type": "Polygon",
        "coordinates": [
          [
            [
              -66.81097403796178,
              10.410970200510354
            ],
            [
              -66.8119330678812,
              10.409683706035846
            ],
            [
              -66.81116192106136,
              10.4081112045916
            ],
            [
              -66.80943175549787,
              10.407825231132877
            ],
            [
              -66.80847275702183,
              10.409111741844542
            ],
            [
              -66.80924389266518,
              10.410684209778104
            ],
            [
              -66.81097403796178,
              10.410970200510354
            ]
          ]
        ]
      },
      "properties": {
        "point_count": 1,
        "density_level": "LOW",
        "avg_speed": 101,
        "unique_vehicles": 1,
        "min_speed": 101,
        "max_speed": 101
      }
    },
    {
      "h3_index": "89674127123ffff",
      "type": "Feature",
      "geometry": {
        "type": "Polygon",
        "coordinates": [
          [
            [
              -66.84591606968233,
              10.51783983637139
            ],
            [
              -66.846875273938,
              10.516555377937516
            ],
            [
              -66.84610429722255,
              10.514984428917336
            ],
            [
              -66.84437412737789,
              10.514697971777217
            ],
            [
              -66.84341495450886,
              10.515982446520747
            ],
            [
              -66.84418592009717,
              10.51755336209509
            ],
            [
              -66.84591606968233,
              10.51783983637139
            ]
          ]
        ]
      },
      "properties": {
        "point_count": 2,
        "density_level": "LOW",
        "avg_speed": 80,
        "unique_vehicles": 2,
        "min_speed": 60,
        "max_speed": 100
      }
    },
    {
      "h3_index": "896741229a3ffff",
      "type": "Feature",
      "geometry": {
        "type": "Polygon",
        "coordinates": [
          [
            [
              -66.87654823142306,
              10.570528273518253
            ],
            [
              -66.87750772182412,
              10.569244685708213
            ],
            [
              -66.87673678703034,
              10.567674423114411
            ],
            [
              -66.87500637292177,
              10.567387781735425
            ],
            [
              -66.87404691386635,
              10.568671385895737
            ],
            [
              -66.87481783757315,
              10.570241615085102
            ],
            [
              -66.87654823142306,
              10.570528273518253
            ]
          ]
        ]
      },
      "properties": {
        "point_count": 1,
        "density_level": "LOW",
        "avg_speed": 39,
        "unique_vehicles": 1,
        "min_speed": 39,
        "max_speed": 39
      }
    },
    {
      "h3_index": "89674c5b44bffff",
      "type": "Feature",
      "geometry": {
        "type": "Polygon",
        "coordinates": [
          [
            [
              -66.88673605171608,
              10.416256470930687
            ],
            [
              -66.88769619921847,
              10.414969330605135
            ],
            [
              -66.88692482691472,
              10.413396440020193
            ],
            [
              -66.88519331819447,
              10.413110723218002
            ],
            [
              -66.88423320206076,
              10.414397879813448
            ],
            [
              -66.88500456327792,
              10.41597073694154
            ],
            [
              -66.88673605171608,
              10.416256470930687
            ]
          ]
        ]
      },
      "properties": {
        "point_count": 1,
        "density_level": "LOW",
        "avg_speed": 115,
        "unique_vehicles": 1,
        "min_speed": 115,
        "max_speed": 115
      }
    },
    {
      "h3_index": "8967412c803ffff",
      "type": "Feature",
      "geometry": {
        "type": "Polygon",
        "coordinates": [
          [
            [
              -66.93269746474289,
              10.396361952469412
            ],
            [
              -66.9336583644247,
              10.39507390602943
            ],
            [
              -66.93288679601913,
              10.393500398356212
            ],
            [
              -66.93115433896469,
              10.393214970556134
            ],
            [
              -66.93019347061094,
              10.394503033273159
            ],
            [
              -66.93096502798286,
              10.396076507513555
            ],
            [
              -66.93269746474289,
              10.396361952469412
            ]
          ]
        ]
      },
      "properties": {
        "point_count": 1,
        "density_level": "LOW",
        "avg_speed": 101,
        "unique_vehicles": 1,
        "min_speed": 101,
        "max_speed": 101
      }
    },
    {
      "h3_index": "89674121d57ffff",
      "type": "Feature",
      "geometry": {
        "type": "Polygon",
        "coordinates": [
          [
            [
              -66.96498872905337,
              10.543307268973988
            ],
            [
              -66.96594962982911,
              10.542022180032193
            ],
            [
              -66.965178347104,
              10.540450913580887
            ],
            [
              -66.96344617458678,
              10.540164769426164
            ],
            [
              -66.96248530507617,
              10.541449874737948
            ],
            [
              -66.96325657681693,
              10.543021107834807
            ],
            [
              -66.96498872905337,
              10.543307268973988
            ]
          ]
        ]
      },
      "properties": {
        "point_count": 1,
        "density_level": "LOW",
        "avg_speed": 109,
        "unique_vehicles": 1,
        "min_speed": 109,
        "max_speed": 109
      }
    },
    {
      "h3_index": "89674121acbffff",
      "type": "Feature",
      "geometry": {
        "type": "Polygon",
        "coordinates": [
          [
            [
              -67.00501541617669,
              10.53403107800848
            ],
            [
              -67.00597694408087,
              10.532745379032864
            ],
            [
              -67.00520551315925,
              10.531173710163221
            ],
            [
              -67.00347256527029,
              10.530887773600025
            ],
            [
              -67.00251106859389,
              10.53217348895625
            ],
            [
              -67.00328248857798,
              10.533745124495393
            ],
            [
              -67.00501541617669,
              10.53403107800848
            ]
          ]
        ]
      },
      "properties": {
        "point_count": 1,
        "density_level": "LOW",
        "avg_speed": 85,
        "unique_vehicles": 1,
        "min_speed": 85,
        "max_speed": 85
      }
    },
    {
      "h3_index": "8967412752fffff",
      "type": "Feature",
      "geometry": {
        "type": "Polygon",
        "coordinates": [
          [
            [
              -66.84478678962604,
              10.53496987659677
            ],
            [
              -66.84574592093749,
              10.533685813068328
            ],
            [
              -66.84497499282833,
              10.532115156179321
            ],
            [
              -66.84324494453415,
              10.531828596259063
            ],
            [
              -66.84228584460676,
              10.533112676106072
            ],
            [
              -66.84305676158877,
              10.53468329955511
            ],
            [
              -66.84478678962604,
              10.53496987659677
            ]
          ]
        ]
      },
      "properties": {
        "point_count": 1,
        "density_level": "LOW",
        "avg_speed": 2,
        "unique_vehicles": 1,
        "min_speed": 2,
        "max_speed": 2
      }
    },
    {
      "h3_index": "89674120ba3ffff",
      "type": "Feature",
      "geometry": {
        "type": "Polygon",
        "coordinates": [
          [
            [
              -66.91686280444154,
              10.516584485919353
            ],
            [
              -66.91782307416794,
              10.515299283693407
            ],
            [
              -66.91705187109866,
              10.513727870685114
            ],
            [
              -66.91532040934563,
              10.513441693300901
            ],
            [
              -66.91436017093709,
              10.514726911863532
            ],
            [
              -66.91513136296301,
              10.51629829147402
            ],
            [
              -66.91686280444154,
              10.516584485919353
            ]
          ]
        ]
      },
      "properties": {
        "point_count": 1,
        "density_level": "LOW",
        "avg_speed": 61,
        "unique_vehicles": 1,
        "min_speed": 61,
        "max_speed": 61
      }
    },
    {
      "h3_index": "89674121e13ffff",
      "type": "Feature",
      "geometry": {
        "type": "Polygon",
        "coordinates": [
          [
            [
              -66.99598253702214,
              10.55131384670904
            ],
            [
              -66.9969438737041,
              10.550028625172205
            ],
            [
              -66.99617251608674,
              10.548457300676347
            ],
            [
              -66.99443983273368,
              10.548171231047691
            ],
            [
              -66.99347852728471,
              10.549456468970948
            ],
            [
              -66.99424987395511,
              10.551027760136767
            ],
            [
              -66.99598253702214,
              10.55131384670904
            ]
          ]
        ]
      },
      "properties": {
        "point_count": 1,
        "density_level": "LOW",
        "avg_speed": 79,
        "unique_vehicles": 1,
        "min_speed": 79,
        "max_speed": 79
      }
    },
    {
      "h3_index": "89674125b8bffff",
      "type": "Feature",
      "geometry": {
        "type": "Polygon",
        "coordinates": [
          [
            [
              -66.85694552210316,
              10.430126801470289
            ],
            [
              -66.85790517835743,
              10.428840270909038
            ],
            [
              -66.85713393628313,
              10.427267796954702
            ],
            [
              -66.8554030490746,
              10.42698188703394
            ],
            [
              -66.85444342421503,
              10.428268433861014
            ],
            [
              -66.85521465516857,
              10.429840874343371
            ],
            [
              -66.85694552210316,
              10.430126801470289
            ]
          ]
        ]
      },
      "properties": {
        "point_count": 1,
        "density_level": "LOW",
        "avg_speed": 98,
        "unique_vehicles": 1,
        "min_speed": 98,
        "max_speed": 98
      }
    },
    {
      "h3_index": "8967412c8d7ffff",
      "type": "Feature",
      "geometry": {
        "type": "Polygon",
        "coordinates": [
          [
            [
              -66.93482278894895,
              10.403943560376135
            ],
            [
              -66.9357836955788,
              10.402655661623303
            ],
            [
              -66.93501214046057,
              10.401082266175917
            ],
            [
              -66.9332796897423,
              10.400796802910193
            ],
            [
              -66.9323188144368,
              10.402084717945076
            ],
            [
              -66.93309035852448,
              10.403658079963966
            ],
            [
              -66.93482278894895,
              10.403943560376135
            ]
          ]
        ]
      },
      "properties": {
        "point_count": 1,
        "density_level": "LOW",
        "avg_speed": 80,
        "unique_vehicles": 1,
        "min_speed": 80,
        "max_speed": 80
      }
    },
    {
      "h3_index": "89674125113ffff",
      "type": "Feature",
      "geometry": {
        "type": "Polygon",
        "coordinates": [
          [
            [
              -66.87200965761161,
              10.480288785564433
            ],
            [
              -66.87296937534965,
              10.479003223805035
            ],
            [
              -66.8721982176074,
              10.477431487259116
            ],
            [
              -66.87046735322556,
              10.477145345915407
            ],
            [
              -66.86950766685685,
              10.478430923974113
            ],
            [
              -66.87027881349995,
              10.480002627077543
            ],
            [
              -66.87200965761161,
              10.480288785564433
            ]
          ]
        ]
      },
      "properties": {
        "point_count": 1,
        "density_level": "LOW",
        "avg_speed": 40,
        "unique_vehicles": 1,
        "min_speed": 40,
        "max_speed": 40
      }
    },
    {
      "h3_index": "8967412c1afffff",
      "type": "Feature",
      "geometry": {
        "type": "Polygon",
        "coordinates": [
          [
            [
              -66.94119840097584,
              10.426684802723699
            ],
            [
              -66.94215932842936,
              10.425397347141173
            ],
            [
              -66.94138781318317,
              10.423824288683535
            ],
            [
              -66.93965538150402,
              10.423538719224258
            ],
            [
              -66.93869448536378,
              10.424826191103861
            ],
            [
              -66.9394659895887,
              10.426399216145999
            ],
            [
              -66.94119840097584,
              10.426684802723699
            ]
          ]
        ]
      },
      "properties": {
        "point_count": 1,
        "density_level": "LOW",
        "avg_speed": 22,
        "unique_vehicles": 1,
        "min_speed": 22,
        "max_speed": 22
      }
    },
    {
      "h3_index": "8967412c51bffff",
      "type": "Feature",
      "geometry": {
        "type": "Polygon",
        "coordinates": [
          [
            [
              -66.95007736581499,
              10.451279034099558
            ],
            [
              -66.9510383453607,
              10.449992038164156
            ],
            [
              -66.95026686709556,
              10.448419332421668
            ],
            [
              -66.94853442029293,
              10.448133656014956
            ],
            [
              -66.94757347204657,
              10.449420668264416
            ],
            [
              -66.94834493930279,
              10.450993340606855
            ],
            [
              -66.95007736581499,
              10.451279034099558
            ]
          ]
        ]
      },
      "properties": {
        "point_count": 1,
        "density_level": "LOW",
        "avg_speed": 89,
        "unique_vehicles": 1,
        "min_speed": 89,
        "max_speed": 89
      }
    },
    {
      "h3_index": "8967412f1c3ffff",
      "type": "Feature",
      "geometry": {
        "type": "Polygon",
        "coordinates": [
          [
            [
              -66.98745029739626,
              10.482011919883126
            ],
            [
              -66.98841173389577,
              10.48072523466937
            ],
            [
              -66.98764022049306,
              10.479152807545214
            ],
            [
              -66.9859072815524,
              10.47886709899773
            ],
            [
              -66.98494587630903,
              10.480153800556993
            ],
            [
              -66.98571737874947,
              10.481726194318556
            ],
            [
              -66.98745029739626,
              10.482011919883126
            ]
          ]
        ]
      },
      "properties": {
        "point_count": 1,
        "density_level": "LOW",
        "avg_speed": 36,
        "unique_vehicles": 1,
        "min_speed": 36,
        "max_speed": 36
      }
    },
    {
      "h3_index": "89674127043ffff",
      "type": "Feature",
      "geometry": {
        "type": "Polygon",
        "coordinates": [
          [
            [
              -66.87612093708442,
              10.537272378169114
            ],
            [
              -66.87708052992274,
              10.535988049779547
            ],
            [
              -66.87630950903007,
              10.53441723536069
            ],
            [
              -66.87457890638836,
              10.534130782749406
            ],
            [
              -66.87361934490318,
              10.53541512747102
            ],
            [
              -66.87439035470587,
              10.536985908472197
            ],
            [
              -66.87612093708442,
              10.537272378169114
            ]
          ]
        ]
      },
      "properties": {
        "point_count": 1,
        "density_level": "LOW",
        "avg_speed": 95,
        "unique_vehicles": 1,
        "min_speed": 95,
        "max_speed": 95
      }
    },
    {
      "h3_index": "89674c5b0b7ffff",
      "type": "Feature",
      "geometry": {
        "type": "Polygon",
        "coordinates": [
          [
            [
              -66.86690284844312,
              10.398527072967875
            ],
            [
              -66.86786275708958,
              10.397239736832779
            ],
            [
              -66.86709140060316,
              10.39566667741939
            ],
            [
              -66.86536014658093,
              10.39538098761859
            ],
            [
              -66.86440026932624,
              10.39666834000596
            ],
            [
              -66.86517161470128,
              10.398241365942198
            ],
            [
              -66.86690284844312,
              10.398527072967875
            ]
          ]
        ]
      },
      "properties": {
        "point_count": 1,
        "density_level": "LOW",
        "avg_speed": 107,
        "unique_vehicles": 1,
        "min_speed": 107,
        "max_speed": 107
      }
    },
    {
      "h3_index": "8967412e32bffff",
      "type": "Feature",
      "geometry": {
        "type": "Polygon",
        "coordinates": [
          [
            [
              -66.94412245418077,
              10.46185939617337
            ],
            [
              -66.94508331019327,
              10.460572696365016
            ],
            [
              -66.94431187825668,
              10.459000203423898
            ],
            [
              -66.94257960132205,
              10.458714443691575
            ],
            [
              -66.94161877661246,
              10.46000115981743
            ],
            [
              -66.94239019753387,
              10.461573619358445
            ],
            [
              -66.94412245418077,
              10.46185939617337
            ]
          ]
        ]
      },
      "properties": {
        "point_count": 2,
        "density_level": "LOW",
        "avg_speed": 25.5,
        "unique_vehicles": 2,
        "min_speed": 23,
        "max_speed": 28
      }
    },
    {
      "h3_index": "89674135aa3ffff",
      "type": "Feature",
      "geometry": {
        "type": "Polygon",
        "coordinates": [
          [
            [
              -66.85772140660015,
              10.577505054887629
            ],
            [
              -66.85868059242357,
              10.5762218136325
            ],
            [
              -66.85790973530368,
              10.574651784900135
            ],
            [
              -66.85617970346831,
              10.574365030837782
            ],
            [
              -66.85522054900729,
              10.57564828843965
            ],
            [
              -66.85599139501852,
              10.577218283757464
            ],
            [
              -66.85772140660015,
              10.577505054887629
            ]
          ]
        ]
      },
      "properties": {
        "point_count": 1,
        "density_level": "LOW",
        "avg_speed": 54,
        "unique_vehicles": 1,
        "min_speed": 54,
        "max_speed": 54
      }
    },
    {
      "h3_index": "89674c5a2a7ffff",
      "type": "Feature",
      "geometry": {
        "type": "Polygon",
        "coordinates": [
          [
            [
              -66.83074130461006,
              10.38966616264894
            ],
            [
              -66.83170070051744,
              10.388378993316358
            ],
            [
              -66.83092943500625,
              10.38680601514061
            ],
            [
              -66.82919878474175,
              10.386520239803037
            ],
            [
              -66.82823942026315,
              10.387807425368742
            ],
            [
              -66.82901067461955,
              10.38938037003923
            ],
            [
              -66.83074130461006,
              10.38966616264894
            ]
          ]
        ]
      },
      "properties": {
        "point_count": 1,
        "density_level": "LOW",
        "avg_speed": 0,
        "unique_vehicles": 1,
        "min_speed": 0,
        "max_speed": 0
      }
    },
    {
      "h3_index": "896741271a3ffff",
      "type": "Feature",
      "geometry": {
        "type": "Polygon",
        "coordinates": [
          [
            [
              -66.84285038130729,
              10.524548076574249
            ],
            [
              -66.84380951770423,
              10.52326379926791
            ],
            [
              -66.84303856831863,
              10.521692981048984
            ],
            [
              -66.84130849366562,
              10.521406473582065
            ],
            [
              -66.84034938865685,
              10.522690767200524
            ],
            [
              -66.8411203269122,
              10.524261551974122
            ],
            [
              -66.84285038130729,
              10.524548076574249
            ]
          ]
        ]
      },
      "properties": {
        "point_count": 1,
        "density_level": "LOW",
        "avg_speed": 109,
        "unique_vehicles": 1,
        "min_speed": 109,
        "max_speed": 109
      }
    },
    {
      "h3_index": "8967412594fffff",
      "type": "Feature",
      "geometry": {
        "type": "Polygon",
        "coordinates": [
          [
            [
              -66.84656076602217,
              10.428411164803824
            ],
            [
              -66.8475202723486,
              10.427124700651563
            ],
            [
              -66.84674905856339,
              10.425552263557142
            ],
            [
              -66.84501834958418,
              10.425266324095059
            ],
            [
              -66.84405887466289,
              10.42655280450811
            ],
            [
              -66.84483007731497,
              10.428125208122793
            ],
            [
              -66.84656076602217,
              10.428411164803824
            ]
          ]
        ]
      },
      "properties": {
        "point_count": 2,
        "density_level": "LOW",
        "avg_speed": 20.5,
        "unique_vehicles": 2,
        "min_speed": 3,
        "max_speed": 38
      }
    },
    {
      "h3_index": "8967412506fffff",
      "type": "Feature",
      "geometry": {
        "type": "Polygon",
        "coordinates": [
          [
            [
              -66.89297090345269,
              10.480864795054172
            ],
            [
              -66.89393093290093,
              10.479579034849797
            ],
            [
              -66.89315971078533,
              10.478007176761317
            ],
            [
              -66.89142847029514,
              10.477721112305453
            ],
            [
              -66.8904684721957,
              10.479006888817668
            ],
            [
              -66.89123968323696,
              10.480578713478234
            ],
            [
              -66.89297090345269,
              10.480864795054172
            ]
          ]
        ]
      },
      "properties": {
        "point_count": 2,
        "density_level": "LOW",
        "avg_speed": 100,
        "unique_vehicles": 2,
        "min_speed": 85,
        "max_speed": 115
      }
    },
    {
      "h3_index": "8967412428bffff",
      "type": "Feature",
      "geometry": {
        "type": "Polygon",
        "coordinates": [
          [
            [
              -66.85298976242328,
              10.490139489688012
            ],
            [
              -66.85394916321043,
              10.488854340083892
            ],
            [
              -66.85317809133036,
              10.487282886294814
            ],
            [
              -66.85144762978332,
              10.486996615561882
            ],
            [
              -66.85048826038187,
              10.48828178146326
            ],
            [
              -66.85125932114106,
              10.489853201800633
            ],
            [
              -66.85298976242328,
              10.490139489688012
            ]
          ]
        ]
      },
      "properties": {
        "point_count": 1,
        "density_level": "LOW",
        "avg_speed": 116,
        "unique_vehicles": 1,
        "min_speed": 116,
        "max_speed": 116
      }
    },
    {
      "h3_index": "89674126263ffff",
      "type": "Feature",
      "geometry": {
        "type": "Polygon",
        "coordinates": [
          [
            [
              -66.83497132401412,
              10.524686142818679
            ],
            [
              -66.83593034192737,
              10.523401948210118
            ],
            [
              -66.83515941784047,
              10.521831181654314
            ],
            [
              -66.83342948697917,
              10.521544643158046
            ],
            [
              -66.8324705004617,
              10.522828854075732
            ],
            [
              -66.83324141340907,
              10.524399587180884
            ],
            [
              -66.83497132401412,
              10.524686142818679
            ]
          ]
        ]
      },
      "properties": {
        "point_count": 1,
        "density_level": "LOW",
        "avg_speed": 103,
        "unique_vehicles": 1,
        "min_speed": 103,
        "max_speed": 103
      }
    },
    {
      "h3_index": "89674127097ffff",
      "type": "Feature",
      "geometry": {
        "type": "Polygon",
        "coordinates": [
          [
            [
              -66.86248285414227,
              10.545115382098816
            ],
            [
              -66.86344221722271,
              10.543831367021895
            ],
            [
              -66.86267125991068,
              10.542260768443136
            ],
            [
              -66.860940950623,
              10.541974218365562
            ],
            [
              -66.85998161890726,
              10.543258249773476
            ],
            [
              -66.86075256511378,
              10.544828814928298
            ],
            [
              -66.86248285414227,
              10.545115382098816
            ]
          ]
        ]
      },
      "properties": {
        "point_count": 1,
        "density_level": "LOW",
        "avg_speed": 40,
        "unique_vehicles": 1,
        "min_speed": 40,
        "max_speed": 40
      }
    },
    {
      "h3_index": "8967412e10fffff",
      "type": "Feature",
      "geometry": {
        "type": "Polygon",
        "coordinates": [
          [
            [
              -66.92758706292878,
              10.4735807032891
            ],
            [
              -66.92854763362546,
              10.472294431669567
            ],
            [
              -66.92777628403108,
              10.47072223649755
            ],
            [
              -66.92604437477324,
              10.470436346352368
            ],
            [
              -66.92508383539315,
              10.471722634289339
            ],
            [
              -66.92585517395362,
              10.473294796054377
            ],
            [
              -66.92758706292878,
              10.4735807032891
            ]
          ]
        ]
      },
      "properties": {
        "point_count": 1,
        "density_level": "LOW",
        "avg_speed": 35,
        "unique_vehicles": 1,
        "min_speed": 35,
        "max_speed": 35
      }
    },
    {
      "h3_index": "89674c5b457ffff",
      "type": "Feature",
      "geometry": {
        "type": "Polygon",
        "coordinates": [
          [
            [
              -66.88135296510264,
              10.418259119258929
            ],
            [
              -66.88231302551485,
              10.41697207783459
            ],
            [
              -66.88154167538738,
              10.415399254164823
            ],
            [
              -66.87981027593978,
              10.415113505379516
            ],
            [
              -66.87885024690107,
              10.416400563072727
            ],
            [
              -66.87962158593572,
              10.417973353282715
            ],
            [
              -66.88135296510264,
              10.418259119258929
            ]
          ]
        ]
      },
      "properties": {
        "point_count": 2,
        "density_level": "LOW",
        "avg_speed": 23.5,
        "unique_vehicles": 2,
        "min_speed": 11,
        "max_speed": 36
      }
    },
    {
      "h3_index": "89674125333ffff",
      "type": "Feature",
      "geometry": {
        "type": "Polygon",
        "coordinates": [
          [
            [
              -66.88602990039526,
              10.466717552152645
            ],
            [
              -66.88698987230265,
              10.465431545727185
            ],
            [
              -66.8862186348017,
              10.463859496099015
            ],
            [
              -66.8844874364762,
              10.463573486334745
            ],
            [
              -66.88352749592737,
              10.46485950905758
            ],
            [
              -66.88429872234474,
              10.466431525247652
            ],
            [
              -66.88602990039526,
              10.466717552152645
            ]
          ]
        ]
      },
      "properties": {
        "point_count": 2,
        "density_level": "LOW",
        "avg_speed": 116.5,
        "unique_vehicles": 2,
        "min_speed": 113,
        "max_speed": 120
      }
    },
    {
      "h3_index": "89674120213ffff",
      "type": "Feature",
      "geometry": {
        "type": "Polygon",
        "coordinates": [
          [
            [
              -66.97579874882462,
              10.578294621628254
            ],
            [
              -66.97675969622229,
              10.577010207169987
            ],
            [
              -66.9759884719686,
              10.575439458302567
            ],
            [
              -66.97425631128544,
              10.575153157227176
            ],
            [
              -66.97329539513483,
              10.576437588078543
            ],
            [
              -66.9740666084196,
              10.578008303612533
            ],
            [
              -66.97579874882462,
              10.578294621628254
            ]
          ]
        ]
      },
      "properties": {
        "point_count": 1,
        "density_level": "LOW",
        "avg_speed": 31,
        "unique_vehicles": 1,
        "min_speed": 31,
        "max_speed": 31
      }
    },
    {
      "h3_index": "896741240a7ffff",
      "type": "Feature",
      "geometry": {
        "type": "Polygon",
        "coordinates": [
          [
            [
              -66.82415929530859,
              10.48969936993879
            ],
            [
              -66.8251182656026,
              10.488414501622326
            ],
            [
              -66.82434728380969,
              10.48684322143901
            ],
            [
              -66.82261734287697,
              10.48655684304406
            ],
            [
              -66.82165840399668,
              10.487841727646282
            ],
            [
              -66.82242937463467,
              10.489412974358032
            ],
            [
              -66.82415929530859,
              10.48969936993879
            ]
          ]
        ]
      },
      "properties": {
        "point_count": 1,
        "density_level": "LOW",
        "avg_speed": 1,
        "unique_vehicles": 1,
        "min_speed": 1,
        "max_speed": 1
      }
    },
    {
      "h3_index": "89674125e47ffff",
      "type": "Feature",
      "geometry": {
        "type": "Polygon",
        "coordinates": [
          [
            [
              -66.87890010158382,
              10.455426965405971
            ],
            [
              -66.87986000374855,
              10.454140778580136
            ],
            [
              -66.87908875898862,
              10.452568586231484
            ],
            [
              -66.87735762315616,
              10.452282614156314
            ],
            [
              -66.87639775235938,
              10.453568817270522
            ],
            [
              -66.8771689860264,
              10.455140976171878
            ],
            [
              -66.87890010158382,
              10.455426965405971
            ]
          ]
        ]
      },
      "properties": {
        "point_count": 1,
        "density_level": "LOW",
        "avg_speed": 105,
        "unique_vehicles": 1,
        "min_speed": 105,
        "max_speed": 105
      }
    },
    {
      "h3_index": "89674125c03ffff",
      "type": "Feature",
      "geometry": {
        "type": "Polygon",
        "coordinates": [
          [
            [
              -66.8546848687341,
              10.46442594088452
            ],
            [
              -66.855644378992,
              10.463140199307025
            ],
            [
              -66.85487323417985,
              10.46156830803664
            ],
            [
              -66.85314259022992,
              10.461282191804507
            ],
            [
              -66.85218311136157,
              10.462567949665825
            ],
            [
              -66.85295424505289,
              10.46413980747578
            ],
            [
              -66.8546848687341,
              10.46442594088452
            ]
          ]
        ]
      },
      "properties": {
        "point_count": 2,
        "density_level": "LOW",
        "avg_speed": 56,
        "unique_vehicles": 2,
        "min_speed": 33,
        "max_speed": 79
      }
    },
    {
      "h3_index": "8967412111bffff",
      "type": "Feature",
      "geometry": {
        "type": "Polygon",
        "coordinates": [
          [
            [
              -66.9973466249922,
              10.57030788459836
            ],
            [
              -66.99830791976586,
              10.569023074493492
            ],
            [
              -66.9975366078734,
              10.567452059011266
            ],
            [
              -66.9958040121505,
              10.567165886955962
            ],
            [
              -66.99484274860446,
              10.568450713458022
            ],
            [
              -66.995614049553,
              10.570021695618523
            ],
            [
              -66.9973466249922,
              10.57030788459836
            ]
          ]
        ]
      },
      "properties": {
        "point_count": 2,
        "density_level": "LOW",
        "avg_speed": 66,
        "unique_vehicles": 2,
        "min_speed": 62,
        "max_speed": 70
      }
    },
    {
      "h3_index": "89674c5a25bffff",
      "type": "Feature",
      "geometry": {
        "type": "Polygon",
        "coordinates": [
          [
            [
              -66.85151118351082,
              10.393095292658415
            ],
            [
              -66.85247087942393,
              10.391807990437592
            ],
            [
              -66.85169955722051,
              10.390234938050813
            ],
            [
              -66.84996855023323,
              10.38994922137497
            ],
            [
              -66.84900888572801,
              10.39123653983901
            ],
            [
              -66.84978019680146,
              10.39280955873602
            ],
            [
              -66.85151118351082,
              10.393095292658415
            ]
          ]
        ]
      },
      "properties": {
        "point_count": 1,
        "density_level": "LOW",
        "avg_speed": 99,
        "unique_vehicles": 1,
        "min_speed": 99,
        "max_speed": 99
      }
    },
    {
      "h3_index": "89674125d0bffff",
      "type": "Feature",
      "geometry": {
        "type": "Polygon",
        "coordinates": [
          [
            [
              -66.83986308130851,
              10.45041996331016
            ],
            [
              -66.84082241534897,
              10.449134058306388
            ],
            [
              -66.84005128057447,
              10.447562027875101
            ],
            [
              -66.83832082289821,
              10.447275935923857
            ],
            [
              -66.83736152026471,
              10.448561857197939
            ],
            [
              -66.8381326438998,
              10.450133854153298
            ],
            [
              -66.83986308130851,
              10.45041996331016
            ]
          ]
        ]
      },
      "properties": {
        "point_count": 2,
        "density_level": "LOW",
        "avg_speed": 72,
        "unique_vehicles": 2,
        "min_speed": 50,
        "max_speed": 94
      }
    },
    {
      "h3_index": "8967412c88bffff",
      "type": "Feature",
      "geometry": {
        "type": "Polygon",
        "coordinates": [
          [
            [
              -66.9323188144368,
              10.402084717945076
            ],
            [
              -66.9332796897423,
              10.400796802910193
            ],
            [
              -66.93250813754881,
              10.399223392334878
            ],
            [
              -66.93077572108277,
              10.398937930225692
            ],
            [
              -66.92981487710446,
              10.40022586154062
            ],
            [
              -66.9305864182643,
              10.401799238685019
            ],
            [
              -66.9323188144368,
              10.402084717945076
            ]
          ]
        ]
      },
      "properties": {
        "point_count": 1,
        "density_level": "LOW",
        "avg_speed": 74,
        "unique_vehicles": 1,
        "min_speed": 74,
        "max_speed": 74
      }
    },
    {
      "h3_index": "89674125187ffff",
      "type": "Feature",
      "geometry": {
        "type": "Polygon",
        "coordinates": [
          [
            [
              -66.86662871916008,
              10.482287427641895
            ],
            [
              -66.86758834982412,
              10.48100196483802
            ],
            [
              -66.86681721428327,
              10.479430295178533
            ],
            [
              -66.86508645918305,
              10.47914412176866
            ],
            [
              -66.86412685989313,
              10.480429600870833
            ],
            [
              -66.8648979843286,
              10.482001237084923
            ],
            [
              -66.86662871916008,
              10.482287427641895
            ]
          ]
        ]
      },
      "properties": {
        "point_count": 1,
        "density_level": "LOW",
        "avg_speed": 27,
        "unique_vehicles": 1,
        "min_speed": 27,
        "max_speed": 27
      }
    },
    {
      "h3_index": "89674122997ffff",
      "type": "Feature",
      "geometry": {
        "type": "Polygon",
        "coordinates": [
          [
            [
              -66.87867243056321,
              10.57809243999567
            ],
            [
              -66.87963192798483,
              10.576809000253633
            ],
            [
              -66.87886100640019,
              10.575238850680508
            ],
            [
              -66.87713059847708,
              10.5749521742498
            ],
            [
              -66.8761711323974,
              10.576235630347043
            ],
            [
              -66.87694204289818,
              10.577805746520136
            ],
            [
              -66.87867243056321,
              10.57809243999567
            ]
          ]
        ]
      },
      "properties": {
        "point_count": 1,
        "density_level": "LOW",
        "avg_speed": 97,
        "unique_vehicles": 1,
        "min_speed": 97,
        "max_speed": 97
      }
    },
    {
      "h3_index": "8967412c6dbffff",
      "type": "Feature",
      "geometry": {
        "type": "Polygon",
        "coordinates": [
          [
            [
              -66.9912845018864,
              10.46385405572823
            ],
            [
              -66.99224605500669,
              10.462566926508025
            ],
            [
              -66.99147448204145,
              10.460994173577339
            ],
            [
              -66.98974136691426,
              10.460708583234071
            ],
            [
              -66.98877984505019,
              10.461995728791388
            ],
            [
              -66.98955140705635,
              10.463568448355192
            ],
            [
              -66.9912845018864,
              10.46385405572823
            ]
          ]
        ]
      },
      "properties": {
        "point_count": 1,
        "density_level": "LOW",
        "avg_speed": 54,
        "unique_vehicles": 1,
        "min_speed": 54,
        "max_speed": 54
      }
    },
    {
      "h3_index": "8967412024bffff",
      "type": "Feature",
      "geometry": {
        "type": "Polygon",
        "coordinates": [
          [
            [
              -66.98657190451068,
              10.574301777801654
            ],
            [
              -66.98753302561018,
              10.57301716550805
            ],
            [
              -66.98676175751214,
              10.571446283321524
            ],
            [
              -66.9850293792703,
              10.571160046756518
            ],
            [
              -66.98406828940814,
              10.572444675445265
            ],
            [
              -66.98483954654978,
              10.574015524304203
            ],
            [
              -66.98657190451068,
              10.574301777801654
            ]
          ]
        ]
      },
      "properties": {
        "point_count": 1,
        "density_level": "LOW",
        "avg_speed": 73,
        "unique_vehicles": 1,
        "min_speed": 73,
        "max_speed": 73
      }
    },
    {
      "h3_index": "896741202cfffff",
      "type": "Feature",
      "geometry": {
        "type": "Polygon",
        "coordinates": [
          [
            [
              -66.9809953470615,
              10.579153545027111
            ],
            [
              -66.981956369129,
              10.57786909750334
            ],
            [
              -66.9811851310419,
              10.576298330893229
            ],
            [
              -66.97945288184924,
              10.576012045136723
            ],
            [
              -66.97849189102354,
              10.577296509056078
            ],
            [
              -66.97926311814797,
              10.578867242336669
            ],
            [
              -66.9809953470615,
              10.579153545027111
            ]
          ]
        ]
      },
      "properties": {
        "point_count": 1,
        "density_level": "LOW",
        "avg_speed": 106,
        "unique_vehicles": 1,
        "min_speed": 106,
        "max_speed": 106
      }
    },
    {
      "h3_index": "8967412eeafffff",
      "type": "Feature",
      "geometry": {
        "type": "Polygon",
        "coordinates": [
          [
            [
              -66.92102321240175,
              10.45371250194355
            ],
            [
              -66.92198375004149,
              10.452425852591388
            ],
            [
              -66.92121236873665,
              10.450853368400969
            ],
            [
              -66.9194804608345,
              10.450567566982127
            ],
            [
              -66.918519954522,
              10.451854232638263
            ],
            [
              -66.91929132478369,
              10.4534266834096
            ],
            [
              -66.92102321240175,
              10.45371250194355
            ]
          ]
        ]
      },
      "properties": {
        "point_count": 1,
        "density_level": "LOW",
        "avg_speed": 86,
        "unique_vehicles": 1,
        "min_speed": 86,
        "max_speed": 86
      }
    },
    {
      "h3_index": "89674121b8bffff",
      "type": "Feature",
      "geometry": {
        "type": "Polygon",
        "coordinates": [
          [
            [
              -66.97959398861708,
              10.521169557668575
            ],
            [
              -66.98055517973644,
              10.519883826584323
            ],
            [
              -66.97978379355028,
              10.518312100391666
            ],
            [
              -66.97805122721275,
              10.51802613863656
            ],
            [
              -66.9770900673489,
              10.519311886084521
            ],
            [
              -66.97786144256638,
              10.520883578924213
            ],
            [
              -66.97959398861708,
              10.521169557668575
            ]
          ]
        ]
      },
      "properties": {
        "point_count": 1,
        "density_level": "LOW",
        "avg_speed": 63,
        "unique_vehicles": 1,
        "min_speed": 63,
        "max_speed": 63
      }
    },
    {
      "h3_index": "8967412c483ffff",
      "type": "Feature",
      "geometry": {
        "type": "Polygon",
        "coordinates": [
          [
            [
              -66.9620284858961,
              10.469148594018149
            ],
            [
              -66.96298958532698,
              10.467861876958688
            ],
            [
              -66.96221811688066,
              10.46628939372381
            ],
            [
              -66.96048555999616,
              10.466003660933733
            ],
            [
              -66.9595244918491,
              10.467290394321717
            ],
            [
              -66.96029594930202,
              10.468862844171573
            ],
            [
              -66.9620284858961,
              10.469148594018149
            ]
          ]
        ]
      },
      "properties": {
        "point_count": 1,
        "density_level": "LOW",
        "avg_speed": 59,
        "unique_vehicles": 1,
        "min_speed": 59,
        "max_speed": 59
      }
    },
    {
      "h3_index": "89674124333ffff",
      "type": "Feature",
      "geometry": {
        "type": "Polygon",
        "coordinates": [
          [
            [
              -66.83085374342566,
              10.467705724022725
            ],
            [
              -66.83181288595704,
              10.466420296275007
            ],
            [
              -66.831041825135,
              10.464848609054657
            ],
            [
              -66.8293116329296,
              10.4645623830578
            ],
            [
              -66.82835252181022,
              10.465847827081781
            ],
            [
              -66.82912357148352,
              10.467419480826695
            ],
            [
              -66.83085374342566,
              10.467705724022725
            ]
          ]
        ]
      },
      "properties": {
        "point_count": 1,
        "density_level": "LOW",
        "avg_speed": 96,
        "unique_vehicles": 1,
        "min_speed": 96,
        "max_speed": 96
      }
    },
    {
      "h3_index": "89674c5a0b7ffff",
      "type": "Feature",
      "geometry": {
        "type": "Polygon",
        "coordinates": [
          [
            [
              -66.8117255946654,
              10.399533531901843
            ],
            [
              -66.81268467322273,
              10.398246774571172
            ],
            [
              -66.81191349396892,
              10.39667407938575
            ],
            [
              -66.81018324733354,
              10.396388175045862
            ],
            [
              -66.8092242002213,
              10.397674948607644
            ],
            [
              -66.80999536829864,
              10.399247610278545
            ],
            [
              -66.8117255946654,
              10.399533531901843
            ]
          ]
        ]
      },
      "properties": {
        "point_count": 1,
        "density_level": "LOW",
        "avg_speed": 23,
        "unique_vehicles": 1,
        "min_speed": 23,
        "max_speed": 23
      }
    },
    {
      "h3_index": "8967412e407ffff",
      "type": "Feature",
      "geometry": {
        "type": "Polygon",
        "coordinates": [
          [
            [
              -66.94109222420472,
              10.507590911981252
            ],
            [
              -66.94205288528302,
              10.506305264603204
            ],
            [
              -66.94128158296357,
              10.50473355108044
            ],
            [
              -66.93954963058046,
              10.504447518320687
            ],
            [
              -66.93858900079827,
              10.505733182040007
            ],
            [
              -66.93936029210238,
              10.50730486217812
            ],
            [
              -66.94109222420472,
              10.507590911981252
            ]
          ]
        ]
      },
      "properties": {
        "point_count": 1,
        "density_level": "LOW",
        "avg_speed": 37,
        "unique_vehicles": 1,
        "min_speed": 37,
        "max_speed": 37
      }
    },
    {
      "h3_index": "8967412d58bffff",
      "type": "Feature",
      "geometry": {
        "type": "Polygon",
        "coordinates": [
          [
            [
              -67.00244412280026,
              10.454126970316183
            ],
            [
              -67.00340587411014,
              10.45283951193766
            ],
            [
              -67.00263424113768,
              10.451266528104338
            ],
            [
              -67.00090086780112,
              10.450981036012772
            ],
            [
              -66.99993914773854,
              10.452268510727501
            ],
            [
              -67.00071076976448,
              10.453841461197918
            ],
            [
              -67.00244412280026,
              10.454126970316183
            ]
          ]
        ]
      },
      "properties": {
        "point_count": 1,
        "density_level": "LOW",
        "avg_speed": 93,
        "unique_vehicles": 1,
        "min_speed": 93,
        "max_speed": 93
      }
    },
    {
      "h3_index": "8967412ce37ffff",
      "type": "Feature",
      "geometry": {
        "type": "Polygon",
        "coordinates": [
          [
            [
              -66.94271381298336,
              10.403797489580759
            ],
            [
              -66.94367483794892,
              10.402509508269066
            ],
            [
              -66.94290325786335,
              10.400936061110263
            ],
            [
              -66.94117066383271,
              10.400650628686623
            ],
            [
              -66.94020967018382,
              10.401938626283398
            ],
            [
              -66.94098123924819,
              10.403512040019084
            ],
            [
              -66.94271381298336,
              10.403797489580759
            ]
          ]
        ]
      },
      "properties": {
        "point_count": 1,
        "density_level": "LOW",
        "avg_speed": 49,
        "unique_vehicles": 1,
        "min_speed": 49,
        "max_speed": 49
      }
    },
    {
      "h3_index": "8967412d567ffff",
      "type": "Feature",
      "geometry": {
        "type": "Polygon",
        "coordinates": [
          [
            [
              -67.00339475547369,
              10.439823614700622
            ],
            [
              -67.00435656778572,
              10.438535827619043
            ],
            [
              -67.00358489430492,
              10.436962600248057
            ],
            [
              -67.00185141945786,
              10.436677193326659
            ],
            [
              -67.00088963839526,
              10.437964996737
            ],
            [
              -67.0016613009296,
              10.439538190740304
            ],
            [
              -67.00339475547369,
              10.439823614700622
            ]
          ]
        ]
      },
      "properties": {
        "point_count": 1,
        "density_level": "LOW",
        "avg_speed": 81,
        "unique_vehicles": 1,
        "min_speed": 81,
        "max_speed": 81
      }
    },
    {
      "h3_index": "8967412e377ffff",
      "type": "Feature",
      "geometry": {
        "type": "Polygon",
        "coordinates": [
          [
            [
              -66.94662616887481,
              10.46371761829154
            ],
            [
              -66.94758705618737,
              10.462430934802702
            ],
            [
              -66.94681562134093,
              10.460858457140429
            ],
            [
              -66.94508331019327,
              10.460572696365016
            ],
            [
              -66.94412245418077,
              10.46185939617337
            ],
            [
              -66.94489387801515,
              10.463431840437957
            ],
            [
              -66.94662616887481,
              10.46371761829154
            ]
          ]
        ]
      },
      "properties": {
        "point_count": 1,
        "density_level": "LOW",
        "avg_speed": 47,
        "unique_vehicles": 1,
        "min_speed": 47,
        "max_speed": 47
      }
    },
    {
      "h3_index": "89674121a87ffff",
      "type": "Feature",
      "geometry": {
        "type": "Polygon",
        "coordinates": [
          [
            [
              -66.99192420692017,
              10.533314880053073
            ],
            [
              -66.99288554208337,
              10.532029296632338
            ],
            [
              -66.99211414968657,
              10.530457696717113
            ],
            [
              -66.99038143307897,
              10.530171713562744
            ],
            [
              -66.98942012915657,
              10.531457313358588
            ],
            [
              -66.99019151060027,
              10.533028879934022
            ],
            [
              -66.99192420692017,
              10.533314880053073
            ]
          ]
        ]
      },
      "properties": {
        "point_count": 1,
        "density_level": "LOW",
        "avg_speed": 16,
        "unique_vehicles": 1,
        "min_speed": 16,
        "max_speed": 16
      }
    },
    {
      "h3_index": "896741244d7ffff",
      "type": "Feature",
      "geometry": {
        "type": "Polygon",
        "coordinates": [
          [
            [
              -66.83534751572061,
              10.518976106002311
            ],
            [
              -66.83630655794458,
              10.517691779765569
            ],
            [
              -66.83553561765463,
              10.516120915870072
            ],
            [
              -66.83380564627953,
              10.515834411664267
            ],
            [
              -66.83284663545217,
              10.517118754207162
            ],
            [
              -66.8336175646026,
              10.518689584650046
            ],
            [
              -66.83534751572061,
              10.518976106002311
            ]
          ]
        ]
      },
      "properties": {
        "point_count": 1,
        "density_level": "LOW",
        "avg_speed": 97,
        "unique_vehicles": 1,
        "min_speed": 97,
        "max_speed": 97
      }
    },
    {
      "h3_index": "896741266dbffff",
      "type": "Feature",
      "geometry": {
        "type": "Polygon",
        "coordinates": [
          [
            [
              -66.83790369514554,
              10.559796997395358
            ],
            [
              -66.8388626421434,
              10.558513559574115
            ],
            [
              -66.83809180109148,
              10.556943359334406
            ],
            [
              -66.8363620241744,
              10.556656630351295
            ],
            [
              -66.83540310856198,
              10.557940084501938
            ],
            [
              -66.83617393848048,
              10.559510251306646
            ],
            [
              -66.83790369514554,
              10.559796997395358
            ]
          ]
        ]
      },
      "properties": {
        "point_count": 1,
        "density_level": "LOW",
        "avg_speed": 14,
        "unique_vehicles": 1,
        "min_speed": 14,
        "max_speed": 14
      }
    },
    {
      "h3_index": "8967412c4abffff",
      "type": "Feature",
      "geometry": {
        "type": "Polygon",
        "coordinates": [
          [
            [
              -66.95990370112146,
              10.461571815985051
            ],
            [
              -66.96086479364658,
              10.460284951080434
            ],
            [
              -66.96009331188856,
              10.458712355139081
            ],
            [
              -66.95836074860121,
              10.458426657492042
            ],
            [
              -66.95739968736362,
              10.459713538720203
            ],
            [
              -66.95817115812514,
              10.461286101272192
            ],
            [
              -66.95990370112146,
              10.461571815985051
            ]
          ]
        ]
      },
      "properties": {
        "point_count": 1,
        "density_level": "LOW",
        "avg_speed": 69,
        "unique_vehicles": 1,
        "min_speed": 69,
        "max_speed": 69
      }
    },
    {
      "h3_index": "89674120067ffff",
      "type": "Feature",
      "geometry": {
        "type": "Polygon",
        "coordinates": [
          [
            [
              -66.95770750121692,
              10.573860549623092
            ],
            [
              -66.95866819328569,
              10.572576218002654
            ],
            [
              -66.95789701349786,
              10.571005506905172
            ],
            [
              -66.95616515263121,
              10.570719160776024
            ],
            [
              -66.95520449182818,
              10.57200350878014
            ],
            [
              -66.95597566062534,
              10.573574186530049
            ],
            [
              -66.95770750121692,
              10.573860549623092
            ]
          ]
        ]
      },
      "properties": {
        "point_count": 1,
        "density_level": "LOW",
        "avg_speed": 81,
        "unique_vehicles": 1,
        "min_speed": 81,
        "max_speed": 81
      }
    },
    {
      "h3_index": "8967412f42fffff",
      "type": "Feature",
      "geometry": {
        "type": "Polygon",
        "coordinates": [
          [
            [
              -66.99420379032354,
              10.499021113814564
            ],
            [
              -66.99516527179566,
              10.49773474077564
            ],
            [
              -66.99439378222174,
              10.4961625549975
            ],
            [
              -66.99266082212796,
              10.495876775610055
            ],
            [
              -66.9916993719017,
              10.497163165006384
            ],
            [
              -66.99247085052265,
              10.498735317433097
            ],
            [
              -66.99420379032354,
              10.499021113814564
            ]
          ]
        ]
      },
      "properties": {
        "point_count": 1,
        "density_level": "LOW",
        "avg_speed": 58,
        "unique_vehicles": 1,
        "min_speed": 58,
        "max_speed": 58
      }
    },
    {
      "h3_index": "8967412eb43ffff",
      "type": "Feature",
      "geometry": {
        "type": "Polygon",
        "coordinates": [
          [
            [
              -66.9204114174832,
              10.42325743604166
            ],
            [
              -66.9213720456152,
              10.421970113015997
            ],
            [
              -66.9206005862078,
              10.420397127563676
            ],
            [
              -66.91886850971387,
              10.420111498568438
            ],
            [
              -66.91790791291619,
              10.421398837881116
            ],
            [
              -66.91867936127738,
              10.422971789902348
            ],
            [
              -66.9204114174832,
              10.42325743604166
            ]
          ]
        ]
      },
      "properties": {
        "point_count": 1,
        "density_level": "LOW",
        "avg_speed": 33,
        "unique_vehicles": 1,
        "min_speed": 33,
        "max_speed": 33
      }
    },
    {
      "h3_index": "89674124137ffff",
      "type": "Feature",
      "geometry": {
        "type": "Polygon",
        "coordinates": [
          [
            [
              -66.80953015114983,
              10.472840519026862
            ],
            [
              -66.81048895722546,
              10.47155542147499
            ],
            [
              -66.8097179775751,
              10.469983953540963
            ],
            [
              -66.80798820302185,
              10.469697616647181
            ],
            [
              -66.80702942837772,
              10.470982730469814
            ],
            [
              -66.80780039685462,
              10.47255416491581
            ],
            [
              -66.80953015114983,
              10.472840519026862
            ]
          ]
        ]
      },
      "properties": {
        "point_count": 1,
        "density_level": "LOW",
        "avg_speed": 23,
        "unique_vehicles": 1,
        "min_speed": 23,
        "max_speed": 23
      }
    },
    {
      "h3_index": "89674125557ffff",
      "type": "Feature",
      "geometry": {
        "type": "Polygon",
        "coordinates": [
          [
            [
              -66.87607072845603,
              10.498288926396686
            ],
            [
              -66.87703044808647,
              10.497003726170734
            ],
            [
              -66.87625932487227,
              10.495432263310835
            ],
            [
              -66.8745284931199,
              10.495146034110025
            ],
            [
              -66.87356880485098,
              10.496431250646733
            ],
            [
              -66.87433991697219,
              10.498002680073842
            ],
            [
              -66.87607072845603,
              10.498288926396686
            ]
          ]
        ]
      },
      "properties": {
        "point_count": 2,
        "density_level": "LOW",
        "avg_speed": 39.5,
        "unique_vehicles": 2,
        "min_speed": 14,
        "max_speed": 65
      }
    },
    {
      "h3_index": "8967412eaafffff",
      "type": "Feature",
      "geometry": {
        "type": "Polygon",
        "coordinates": [
          [
            [
              -66.92234739238283,
              10.433696165365967
            ],
            [
              -66.92330801529626,
              10.432409055818257
            ],
            [
              -66.92253657726452,
              10.430836231300018
            ],
            [
              -66.92080452736178,
              10.430550549755608
            ],
            [
              -66.91984393577856,
              10.431837675596837
            ],
            [
              -66.92061536276718,
              10.433410466689281
            ],
            [
              -66.92234739238283,
              10.433696165365967
            ]
          ]
        ]
      },
      "properties": {
        "point_count": 1,
        "density_level": "LOW",
        "avg_speed": 85,
        "unique_vehicles": 1,
        "min_speed": 85,
        "max_speed": 85
      }
    },
    {
      "h3_index": "8967413590bffff",
      "type": "Feature",
      "geometry": {
        "type": "Polygon",
        "coordinates": [
          [
            [
              -66.83196237400337,
              10.570349945115979
            ],
            [
              -66.83292119747107,
              10.569066803885917
            ],
            [
              -66.83215040298647,
              10.567496816755702
            ],
            [
              -66.83042079617312,
              10.567210004290793
            ],
            [
              -66.82946200409434,
              10.568493161853684
            ],
            [
              -66.83023278743933,
              10.570063115548992
            ],
            [
              -66.83196237400337,
              10.570349945115979
            ]
          ]
        ]
      },
      "properties": {
        "point_count": 1,
        "density_level": "LOW",
        "avg_speed": 107,
        "unique_vehicles": 1,
        "min_speed": 107,
        "max_speed": 107
      }
    },
    {
      "h3_index": "8967412eda3ffff",
      "type": "Feature",
      "geometry": {
        "type": "Polygon",
        "coordinates": [
          [
            [
              -66.88447106674685,
              10.450567927708352
            ],
            [
              -66.88543106815595,
              10.449281576203653
            ],
            [
              -66.88465979311532,
              10.447709268369884
            ],
            [
              -66.88292852775155,
              10.447423345486502
            ],
            [
              -66.881968557706,
              10.448709713279099
            ],
            [
              -66.88273982165998,
              10.450281987667516
            ],
            [
              -66.88447106674685,
              10.450567927708352
            ]
          ]
        ]
      },
      "properties": {
        "point_count": 1,
        "density_level": "LOW",
        "avg_speed": 23,
        "unique_vehicles": 1,
        "min_speed": 23,
        "max_speed": 23
      }
    },
    {
      "h3_index": "896741274cfffff",
      "type": "Feature",
      "geometry": {
        "type": "Polygon",
        "coordinates": [
          [
            [
              -66.87192263548934,
              10.561106541450568
            ],
            [
              -66.87288208751711,
              10.55982278924482
            ],
            [
              -66.87211114250752,
              10.558252398310243
            ],
            [
              -66.87038075656258,
              10.557965792992999
            ],
            [
              -66.86942133588693,
              10.559249561542101
            ],
            [
              -66.87019226980338,
              10.56081991906542
            ],
            [
              -66.87192263548934,
              10.561106541450568
            ]
          ]
        ]
      },
      "properties": {
        "point_count": 1,
        "density_level": "LOW",
        "avg_speed": 105,
        "unique_vehicles": 1,
        "min_speed": 105,
        "max_speed": 105
      }
    },
    {
      "h3_index": "8967412e42fffff",
      "type": "Feature",
      "geometry": {
        "type": "Polygon",
        "coordinates": [
          [
            [
              -66.9389676656353,
              10.50001828228673
            ],
            [
              -66.93992831977948,
              10.498732486981703
            ],
            [
              -66.93915700417513,
              10.497160660609145
            ],
            [
              -66.9374250454443,
              10.496874662930965
            ],
            [
              -66.93646442259994,
              10.498160474572304
            ],
            [
              -66.93723572718588,
              10.499732267555839
            ],
            [
              -66.9389676656353,
              10.50001828228673
            ]
          ]
        ]
      },
      "properties": {
        "point_count": 1,
        "density_level": "LOW",
        "avg_speed": 107,
        "unique_vehicles": 1,
        "min_speed": 107,
        "max_speed": 107
      }
    },
    {
      "h3_index": "8967412c047ffff",
      "type": "Feature",
      "geometry": {
        "type": "Polygon",
        "coordinates": [
          [
            [
              -66.97181755426014,
              10.440406289128314
            ],
            [
              -66.97277889383082,
              10.439118832045923
            ],
            [
              -66.97200731950402,
              10.437545810489777
            ],
            [
              -66.97027441658975,
              10.437260279405569
            ],
            [
              -66.96931310829942,
              10.438547752804618
            ],
            [
              -66.97008467164228,
              10.440120740971537
            ],
            [
              -66.97181755426014,
              10.440406289128314
            ]
          ]
        ]
      },
      "properties": {
        "point_count": 1,
        "density_level": "LOW",
        "avg_speed": 37,
        "unique_vehicles": 1,
        "min_speed": 37,
        "max_speed": 37
      }
    },
    {
      "h3_index": "89674125257ffff",
      "type": "Feature",
      "geometry": {
        "type": "Polygon",
        "coordinates": [
          [
            [
              -66.91374785705875,
              10.484297384581676
            ],
            [
              -66.9147081859,
              10.48301149177996
            ],
            [
              -66.91393690771012,
              10.48143956101408
            ],
            [
              -66.91220531172779,
              10.481153556462631
            ],
            [
              -66.91124501421436,
              10.482439465582203
            ],
            [
              -66.91201628135474,
              10.484011362935712
            ],
            [
              -66.91374785705875,
              10.484297384581676
            ]
          ]
        ]
      },
      "properties": {
        "point_count": 2,
        "density_level": "LOW",
        "avg_speed": 45,
        "unique_vehicles": 2,
        "min_speed": 24,
        "max_speed": 66
      }
    },
    {
      "h3_index": "8967412c457ffff",
      "type": "Feature",
      "geometry": {
        "type": "Polygon",
        "coordinates": [
          [
            [
              -66.97029957957234,
              10.463285999059188
            ],
            [
              -66.97126082160155,
              10.461999067950261
            ],
            [
              -66.97048931209227,
              10.46042643586321
            ],
            [
              -66.96875657153709,
              10.460140768266978
            ],
            [
              -66.96779536078485,
              10.461427715704472
            ],
            [
              -66.96856685931012,
              10.463000314409959
            ],
            [
              -66.97029957957234,
              10.463285999059188
            ]
          ]
        ]
      },
      "properties": {
        "point_count": 3,
        "density_level": "LOW",
        "avg_speed": 49.67,
        "unique_vehicles": 3,
        "min_speed": 0,
        "max_speed": 101
      }
    },
    {
      "h3_index": "89674122a8bffff",
      "type": "Feature",
      "geometry": {
        "type": "Polygon",
        "coordinates": [
          [
            [
              -66.92039968221114,
              10.582117566179909
            ],
            [
              -66.92135979023867,
              10.580833795534259
            ],
            [
              -66.92058874841156,
              10.579263453694963
            ],
            [
              -66.91885760959042,
              10.578976915871584
            ],
            [
              -66.91789753286332,
              10.580260702890842
            ],
            [
              -66.9186685636562,
              10.581831011360212
            ],
            [
              -66.92039968221114,
              10.582117566179909
            ]
          ]
        ]
      },
      "properties": {
        "point_count": 1,
        "density_level": "LOW",
        "avg_speed": 58,
        "unique_vehicles": 1,
        "min_speed": 58,
        "max_speed": 58
      }
    },
    {
      "h3_index": "89674125003ffff",
      "type": "Feature",
      "geometry": {
        "type": "Polygon",
        "coordinates": [
          [
            [
              -66.8897133970629,
              10.490436343762607
            ],
            [
              -66.89067334647741,
              10.48915083036858
            ],
            [
              -66.88990215974289,
              10.48757915169453
            ],
            [
              -66.88817103467059,
              10.48729301984131
            ],
            [
              -66.88721111660598,
              10.488578549547139
            ],
            [
              -66.88798229226305,
              10.490150194794717
            ],
            [
              -66.8897133970629,
              10.490436343762607
            ]
          ]
        ]
      },
      "properties": {
        "point_count": 1,
        "density_level": "LOW",
        "avg_speed": 107,
        "unique_vehicles": 1,
        "min_speed": 107,
        "max_speed": 107
      }
    },
    {
      "h3_index": "89674125d3bffff",
      "type": "Feature",
      "geometry": {
        "type": "Polygon",
        "coordinates": [
          [
            [
              -66.83485999670164,
              10.446703737222634
            ],
            [
              -66.83581926792539,
              10.445417799680262
            ],
            [
              -66.83504813922173,
              10.443845739123534
            ],
            [
              -66.83331775043916,
              10.443559649590284
            ],
            [
              -66.83235851062798,
              10.444845603398946
            ],
            [
              -66.83312962818607,
              10.446417630474919
            ],
            [
              -66.83485999670164,
              10.446703737222634
            ]
          ]
        ]
      },
      "properties": {
        "point_count": 1,
        "density_level": "LOW",
        "avg_speed": 14,
        "unique_vehicles": 1,
        "min_speed": 14,
        "max_speed": 14
      }
    },
    {
      "h3_index": "89674c5b0c3ffff",
      "type": "Feature",
      "geometry": {
        "type": "Polygon",
        "coordinates": [
          [
            [
              -66.88229655721341,
              10.403958651372257
            ],
            [
              -66.88325667850268,
              10.402671281369347
            ],
            [
              -66.88248528784231,
              10.401098215107611
            ],
            [
              -66.88075378698473,
              10.400812552313683
            ],
            [
              -66.87979369707108,
              10.402099938577956
            ],
            [
              -66.88056507663867,
              10.403672971375137
            ],
            [
              -66.88229655721341,
              10.403958651372257
            ]
          ]
        ]
      },
      "properties": {
        "point_count": 2,
        "density_level": "LOW",
        "avg_speed": 8.5,
        "unique_vehicles": 2,
        "min_speed": 0,
        "max_speed": 17
      }
    },
    {
      "h3_index": "89674125033ffff",
      "type": "Feature",
      "geometry": {
        "type": "Polygon",
        "coordinates": [
          [
            [
              -66.88470887345565,
              10.486720741164573
            ],
            [
              -66.88566876016749,
              10.485435195148938
            ],
            [
              -66.88489757938662,
              10.48386348600389
            ],
            [
              -66.88316652297685,
              10.483577356306148
            ],
            [
              -66.8822066676206,
              10.484862918629595
            ],
            [
              -66.88297783731781,
              10.486434594343319
            ],
            [
              -66.88470887345565,
              10.486720741164573
            ]
          ]
        ]
      },
      "properties": {
        "point_count": 1,
        "density_level": "LOW",
        "avg_speed": 91,
        "unique_vehicles": 1,
        "min_speed": 91,
        "max_speed": 91
      }
    },
    {
      "h3_index": "89674125a83ffff",
      "type": "Feature",
      "geometry": {
        "type": "Polygon",
        "coordinates": [
          [
            [
              -66.87177031457183,
              10.444135417803171
            ],
            [
              -66.87273014696437,
              10.442849050622925
            ],
            [
              -66.87195889496941,
              10.44127671571983
            ],
            [
              -66.87022782168339,
              10.440990781453808
            ],
            [
              -66.86926802066814,
              10.442277164913417
            ],
            [
              -66.87003926156092,
              10.443849466360028
            ],
            [
              -66.87177031457183,
              10.444135417803171
            ]
          ]
        ]
      },
      "properties": {
        "point_count": 2,
        "density_level": "LOW",
        "avg_speed": 32,
        "unique_vehicles": 2,
        "min_speed": 10,
        "max_speed": 54
      }
    },
    {
      "h3_index": "89674c5a2abffff",
      "type": "Feature",
      "geometry": {
        "type": "Polygon",
        "coordinates": [
          [
            [
              -66.83593337301036,
              10.39052351116696
            ],
            [
              -66.83689284393313,
              10.389236308605504
            ],
            [
              -66.83612156423055,
              10.387663311855023
            ],
            [
              -66.83439082475304,
              10.38737755116773
            ],
            [
              -66.83343138525383,
              10.388664769964839
            ],
            [
              -66.83420265380785,
              10.39023773321393
            ],
            [
              -66.83593337301036,
              10.39052351116696
            ]
          ]
        ]
      },
      "properties": {
        "point_count": 1,
        "density_level": "LOW",
        "avg_speed": 118,
        "unique_vehicles": 1,
        "min_speed": 118,
        "max_speed": 118
      }
    },
    {
      "h3_index": "89674121e57ffff",
      "type": "Feature",
      "geometry": {
        "type": "Polygon",
        "coordinates": [
          [
            [
              -67.00137074303748,
              10.549315478989913
            ],
            [
              -67.00233216655943,
              10.54803015856748
            ],
            [
              -67.00156078705751,
              10.546458767415938
            ],
            [
              -66.9998279949737,
              10.54617273001427
            ],
            [
              -66.99886660267987,
              10.54745806682415
            ],
            [
              -66.99963797124106,
              10.549029424648593
            ],
            [
              -67.00137074303748,
              10.549315478989913
            ]
          ]
        ]
      },
      "properties": {
        "point_count": 1,
        "density_level": "LOW",
        "avg_speed": 61,
        "unique_vehicles": 1,
        "min_speed": 61,
        "max_speed": 61
      }
    },
    {
      "h3_index": "8967412037bffff",
      "type": "Feature",
      "geometry": {
        "type": "Polygon",
        "coordinates": [
          [
            [
              -66.96404070009272,
              10.557587325713763
            ],
            [
              -66.96500153995352,
              10.556302565935004
            ],
            [
              -66.96423029771296,
              10.554731543753837
            ],
            [
              -66.96249822659527,
              10.554445314701333
            ],
            [
              -66.96153741799746,
              10.55573009085746
            ],
            [
              -66.96230864925364,
              10.557301079689049
            ],
            [
              -66.96404070009272,
              10.557587325713763
            ]
          ]
        ]
      },
      "properties": {
        "point_count": 1,
        "density_level": "LOW",
        "avg_speed": 25,
        "unique_vehicles": 1,
        "min_speed": 25,
        "max_speed": 25
      }
    },
    {
      "h3_index": "89674125e6bffff",
      "type": "Feature",
      "geometry": {
        "type": "Polygon",
        "coordinates": [
          [
            [
              -66.87927742046035,
              10.44971009271064
            ],
            [
              -66.88023734696773,
              10.448423774380537
            ],
            [
              -66.87946608599913,
              10.446851484850935
            ],
            [
              -66.87773490961526,
              10.446565547100995
            ],
            [
              -66.87677501447665,
              10.447851881716476
            ],
            [
              -66.8775462643524,
              10.44942413779686
            ],
            [
              -66.87927742046035,
              10.44971009271064
            ]
          ]
        ]
      },
      "properties": {
        "point_count": 1,
        "density_level": "LOW",
        "avg_speed": 27,
        "unique_vehicles": 1,
        "min_speed": 27,
        "max_speed": 27
      }
    },
    {
      "h3_index": "8967412c0c7ffff",
      "type": "Feature",
      "geometry": {
        "type": "Polygon",
        "coordinates": [
          [
            [
              -66.96874392230731,
              10.447128597073261
            ],
            [
              -66.96970519401876,
              10.44584132089092
            ],
            [
              -66.9689336468812,
              10.444268430059571
            ],
            [
              -66.96720083901856,
              10.443982848799688
            ],
            [
              -66.96623959858906,
              10.445270141301139
            ],
            [
              -66.96701113473951,
              10.446842998743712
            ],
            [
              -66.96874392230731,
              10.447128597073261
            ]
          ]
        ]
      },
      "properties": {
        "point_count": 1,
        "density_level": "LOW",
        "avg_speed": 33,
        "unique_vehicles": 1,
        "min_speed": 33,
        "max_speed": 33
      }
    },
    {
      "h3_index": "89674120cc7ffff",
      "type": "Feature",
      "geometry": {
        "type": "Polygon",
        "coordinates": [
          [
            [
              -66.9244147393324,
              10.561138557919223
            ],
            [
              -66.92537497603126,
              10.559854276820761
            ],
            [
              -66.92460386649573,
              10.558283559669034
            ],
            [
              -66.92287253129169,
              10.557997156991458
            ],
            [
              -66.92191232589381,
              10.559281454453734
            ],
            [
              -66.92268342439829,
              10.560852138230102
            ],
            [
              -66.9244147393324,
              10.561138557919223
            ]
          ]
        ]
      },
      "properties": {
        "point_count": 1,
        "density_level": "LOW",
        "avg_speed": 115,
        "unique_vehicles": 1,
        "min_speed": 115,
        "max_speed": 115
      }
    },
    {
      "h3_index": "8967412c02bffff",
      "type": "Feature",
      "geometry": {
        "type": "Polygon",
        "coordinates": [
          [
            [
              -66.96430432753186,
              10.434830637496516
            ],
            [
              -66.96526557325296,
              10.433543131470177
            ],
            [
              -66.96449400757812,
              10.431970064125766
            ],
            [
              -66.96276120717472,
              10.431684536204546
            ],
            [
              -66.96179999274253,
              10.432972058541523
            ],
            [
              -66.9625715474241,
              10.434545092489422
            ],
            [
              -66.96430432753186,
              10.434830637496516
            ]
          ]
        ]
      },
      "properties": {
        "point_count": 2,
        "density_level": "LOW",
        "avg_speed": 69.5,
        "unique_vehicles": 2,
        "min_speed": 21,
        "max_speed": 118
      }
    },
    {
      "h3_index": "8967412deb3ffff",
      "type": "Feature",
      "geometry": {
        "type": "Polygon",
        "coordinates": [
          [
            [
              -66.99740005874287,
              10.411355639954861
            ],
            [
              -66.99836187490591,
              10.410067278135376
            ],
            [
              -66.99759014514173,
              10.408493615558044
            ],
            [
              -66.99585661016948,
              10.408208348183114
            ],
            [
              -66.99489482526783,
              10.409496726313415
            ],
            [
              -66.9956665440763,
              10.41107035550816
            ],
            [
              -66.99740005874287,
              10.411355639954861
            ]
          ]
        ]
      },
      "properties": {
        "point_count": 2,
        "density_level": "LOW",
        "avg_speed": 92,
        "unique_vehicles": 2,
        "min_speed": 68,
        "max_speed": 116
      }
    },
    {
      "h3_index": "8967412628bffff",
      "type": "Feature",
      "geometry": {
        "type": "Polygon",
        "coordinates": [
          [
            [
              -66.83153023391199,
              10.537102100084654
            ],
            [
              -66.83248915965963,
              10.535818218273008
            ],
            [
              -66.83171827911654,
              10.534247679902379
            ],
            [
              -66.82998848396775,
              10.533961056791917
            ],
            [
              -66.82902958961654,
              10.53524495491813
            ],
            [
              -66.829800459017,
              10.536815459840579
            ],
            [
              -66.83153023391199,
              10.537102100084654
            ]
          ]
        ]
      },
      "properties": {
        "point_count": 1,
        "density_level": "LOW",
        "avg_speed": 102,
        "unique_vehicles": 1,
        "min_speed": 102,
        "max_speed": 102
      }
    },
    {
      "h3_index": "89674135bcbffff",
      "type": "Feature",
      "geometry": {
        "type": "Polygon",
        "coordinates": [
          [
            [
              -66.85559715376837,
              10.569941570379559
            ],
            [
              -66.85655633254113,
              10.568658181064091
            ],
            [
              -66.85578546223537,
              10.567088039393354
            ],
            [
              -66.85405542426791,
              10.566801320457376
            ],
            [
              -66.85309627686125,
              10.568084726114655
            ],
            [
              -66.85386713605524,
              10.56965483436643
            ],
            [
              -66.85559715376837,
              10.569941570379559
            ]
          ]
        ]
      },
      "properties": {
        "point_count": 1,
        "density_level": "LOW",
        "avg_speed": 2,
        "unique_vehicles": 1,
        "min_speed": 2,
        "max_speed": 2
      }
    },
    {
      "h3_index": "8967412f543ffff",
      "type": "Feature",
      "geometry": {
        "type": "Polygon",
        "coordinates": [
          [
            [
              -66.98919499043947,
              10.495305201681202
            ],
            [
              -66.99015640941698,
              10.494018795929444
            ],
            [
              -66.98938492555376,
              10.49244657928478
            ],
            [
              -66.9876520336715,
              10.492160801748506
            ],
            [
              -66.98669064594556,
              10.493447223853687
            ],
            [
              -66.9874621188496,
              10.495019407142046
            ],
            [
              -66.98919499043947,
              10.495305201681202
            ]
          ]
        ]
      },
      "properties": {
        "point_count": 1,
        "density_level": "LOW",
        "avg_speed": 33,
        "unique_vehicles": 1,
        "min_speed": 33,
        "max_speed": 33
      }
    },
    {
      "h3_index": "8967412de37ffff",
      "type": "Feature",
      "geometry": {
        "type": "Polygon",
        "coordinates": [
          [
            [
              -66.99797033023479,
              10.40276922374202
            ],
            [
              -66.99893218300546,
              10.401480664805295
            ],
            [
              -66.99816042892928,
              10.399906856337871
            ],
            [
              -66.99642683303742,
              10.399621640192946
            ],
            [
              -66.99546501152942,
              10.400910215435994
            ],
            [
              -66.99623675464991,
              10.402483990517986
            ],
            [
              -66.99797033023479,
              10.40276922374202
            ]
          ]
        ]
      },
      "properties": {
        "point_count": 1,
        "density_level": "LOW",
        "avg_speed": 63,
        "unique_vehicles": 1,
        "min_speed": 63,
        "max_speed": 63
      }
    },
    {
      "h3_index": "89674c5a6a3ffff",
      "type": "Feature",
      "geometry": {
        "type": "Polygon",
        "coordinates": [
          [
            [
              -66.83192622860518,
              10.41154250446213
            ],
            [
              -66.83288557078534,
              10.410255811333057
            ],
            [
              -66.83211435898892,
              10.408683187236859
            ],
            [
              -66.83038381616338,
              10.408397289766237
            ],
            [
              -66.82942450540618,
              10.409683999141027
            ],
            [
              -66.83019570605087,
              10.411256589741058
            ],
            [
              -66.83192622860518,
              10.41154250446213
            ]
          ]
        ]
      },
      "properties": {
        "point_count": 1,
        "density_level": "LOW",
        "avg_speed": 75,
        "unique_vehicles": 1,
        "min_speed": 75,
        "max_speed": 75
      }
    },
    {
      "h3_index": "8967412ea57ffff",
      "type": "Feature",
      "geometry": {
        "type": "Polygon",
        "coordinates": [
          [
            [
              -66.9352438910638,
              10.43726873541964
            ],
            [
              -66.9362046949563,
              10.435981575892798
            ],
            [
              -66.9354332260681,
              10.434408730106965
            ],
            [
              -66.93370096431424,
              10.434123077263889
            ],
            [
              -66.93274019173859,
              10.435410253091277
            ],
            [
              -66.93351164959924,
              10.436983065461533
            ],
            [
              -66.9352438910638,
              10.43726873541964
            ]
          ]
        ]
      },
      "properties": {
        "point_count": 1,
        "density_level": "LOW",
        "avg_speed": 120,
        "unique_vehicles": 1,
        "min_speed": 120,
        "max_speed": 120
      }
    },
    {
      "h3_index": "89674127383ffff",
      "type": "Feature",
      "geometry": {
        "type": "Polygon",
        "coordinates": [
          [
            [
              -66.86649171348085,
              10.524132636378331
            ],
            [
              -66.86745120521402,
              10.522848111038234
            ],
            [
              -66.86668018009853,
              10.521277137972971
            ],
            [
              -66.86494967435152,
              10.520990723677485
            ],
            [
              -66.86399021398366,
              10.522275265338713
            ],
            [
              -66.8647612279968,
              10.523846204974621
            ],
            [
              -66.86649171348085,
              10.524132636378331
            ]
          ]
        ]
      },
      "properties": {
        "point_count": 1,
        "density_level": "LOW",
        "avg_speed": 49,
        "unique_vehicles": 1,
        "min_speed": 49,
        "max_speed": 49
      }
    },
    {
      "h3_index": "8967412f19bffff",
      "type": "Feature",
      "geometry": {
        "type": "Polygon",
        "coordinates": [
          [
            [
              -66.98206177186819,
              10.48401367483645
            ],
            [
              -66.98302312146693,
              10.482727088477024
            ],
            [
              -66.98225162999185,
              10.481154728079531
            ],
            [
              -66.98051879988587,
              10.480868987407332
            ],
            [
              -66.97955748154814,
              10.482155590111244
            ],
            [
              -66.9803289620547,
              10.483727917143195
            ],
            [
              -66.98206177186819,
              10.48401367483645
            ]
          ]
        ]
      },
      "properties": {
        "point_count": 1,
        "density_level": "LOW",
        "avg_speed": 97,
        "unique_vehicles": 1,
        "min_speed": 97,
        "max_speed": 97
      }
    },
    {
      "h3_index": "896741251abffff",
      "type": "Feature",
      "geometry": {
        "type": "Polygon",
        "coordinates": [
          [
            [
              -66.86700571346952,
              10.476573048309133
            ],
            [
              -66.86796536846607,
              10.475287453953106
            ],
            [
              -66.86719421671893,
              10.473715687041123
            ],
            [
              -66.86546342107985,
              10.473429547932842
            ],
            [
              -66.8645037974583,
              10.47471515858418
            ],
            [
              -66.86527493810009,
              10.476286892048822
            ],
            [
              -66.86700571346952,
              10.476573048309133
            ]
          ]
        ]
      },
      "properties": {
        "point_count": 1,
        "density_level": "LOW",
        "avg_speed": 19,
        "unique_vehicles": 1,
        "min_speed": 19,
        "max_speed": 19
      }
    },
    {
      "h3_index": "89674121933ffff",
      "type": "Feature",
      "geometry": {
        "type": "Polygon",
        "coordinates": [
          [
            [
              -66.95611234394495,
              10.518736988648083
            ],
            [
              -66.95707319274018,
              10.517451439359457
            ],
            [
              -66.95630187299011,
              10.515879818202398
            ],
            [
              -66.95456971544078,
              10.51559377970433
            ],
            [
              -66.95360889792458,
              10.516879345346174
            ],
            [
              -66.95438020667795,
              10.518450933133195
            ],
            [
              -66.95611234394495,
              10.518736988648083
            ]
          ]
        ]
      },
      "properties": {
        "point_count": 1,
        "density_level": "LOW",
        "avg_speed": 57,
        "unique_vehicles": 1,
        "min_speed": 57,
        "max_speed": 57
      }
    },
    {
      "h3_index": "89674c5b11bffff",
      "type": "Feature",
      "geometry": {
        "type": "Polygon",
        "coordinates": [
          [
            [
              -66.86246322595919,
              10.386227876677786
            ],
            [
              -66.86342310833693,
              10.38494031094431
            ],
            [
              -66.8626517335363,
              10.383367076157239
            ],
            [
              -66.86092048747477,
              10.383081440588837
            ],
            [
              -66.85996063649574,
              10.384369022566062
            ],
            [
              -66.8607320001788,
              10.385942223868273
            ],
            [
              -66.86246322595919,
              10.386227876677786
            ]
          ]
        ]
      },
      "properties": {
        "point_count": 1,
        "density_level": "LOW",
        "avg_speed": 51,
        "unique_vehicles": 1,
        "min_speed": 51,
        "max_speed": 51
      }
    },
    {
      "h3_index": "8967412cc93ffff",
      "type": "Feature",
      "geometry": {
        "type": "Polygon",
        "coordinates": [
          [
            [
              -66.9281114083366,
              10.42597293223666
            ],
            [
              -66.92907214263931,
              10.424685592356473
            ],
            [
              -66.92830066632169,
              10.423112603795435
            ],
            [
              -66.92656846673752,
              10.422826988539672
            ],
            [
              -66.92560776376104,
              10.4241143447114
            ],
            [
              -66.9263792290418,
              10.425687299847672
            ],
            [
              -66.9281114083366,
              10.42597293223666
            ]
          ]
        ]
      },
      "properties": {
        "point_count": 1,
        "density_level": "LOW",
        "avg_speed": 113,
        "unique_vehicles": 1,
        "min_speed": 113,
        "max_speed": 113
      }
    },
    {
      "h3_index": "896741259a3ffff",
      "type": "Feature",
      "geometry": {
        "type": "Polygon",
        "coordinates": [
          [
            [
              -66.83060942948006,
              10.431554527294686
            ],
            [
              -66.83156868652078,
              10.43026829425716
            ],
            [
              -66.83079753147445,
              10.428696009557896
            ],
            [
              -66.82906713053843,
              10.428409991385937
            ],
            [
              -66.82810790491766,
              10.429696240679728
            ],
            [
              -66.82887904881227,
              10.431268491889549
            ],
            [
              -66.83060942948006,
              10.431554527294686
            ]
          ]
        ]
      },
      "properties": {
        "point_count": 1,
        "density_level": "LOW",
        "avg_speed": 120,
        "unique_vehicles": 1,
        "min_speed": 120,
        "max_speed": 120
      }
    },
    {
      "h3_index": "8967412cccfffff",
      "type": "Feature",
      "geometry": {
        "type": "Polygon",
        "coordinates": [
          [
            [
              -66.93637996231939,
              10.420106988403086
            ],
            [
              -66.9373408393307,
              10.41881943450641
            ],
            [
              -66.93656932181652,
              10.417246297086676
            ],
            [
              -66.93483693831783,
              10.416960746985263
            ],
            [
              -66.9338760926259,
              10.418248317173514
            ],
            [
              -66.93464759911258,
              10.419821421171937
            ],
            [
              -66.93637996231939,
              10.420106988403086
            ]
          ]
        ]
      },
      "properties": {
        "point_count": 1,
        "density_level": "LOW",
        "avg_speed": 93,
        "unique_vehicles": 1,
        "min_speed": 93,
        "max_speed": 93
      }
    },
    {
      "h3_index": "89674120adbffff",
      "type": "Feature",
      "geometry": {
        "type": "Polygon",
        "coordinates": [
          [
            [
              -66.94958985772139,
              10.537875433725015
            ],
            [
              -66.95055054650201,
              10.536590378233138
            ],
            [
              -66.94977929733902,
              10.53501911662626
            ],
            [
              -66.94804737039769,
              10.534732943878723
            ],
            [
              -66.94708671289841,
              10.536018015731646
            ],
            [
              -66.94785795105841,
              10.537589243971393
            ],
            [
              -66.94958985772139,
              10.537875433725015
            ]
          ]
        ]
      },
      "properties": {
        "point_count": 1,
        "density_level": "LOW",
        "avg_speed": 98,
        "unique_vehicles": 1,
        "min_speed": 98,
        "max_speed": 98
      }
    },
    {
      "h3_index": "896741273bbffff",
      "type": "Feature",
      "geometry": {
        "type": "Polygon",
        "coordinates": [
          [
            [
              -66.8641786522376,
              10.519419735338815
            ],
            [
              -66.86513812476764,
              10.518135127865625
            ],
            [
              -66.8643670945528,
              10.516564090829116
            ],
            [
              -66.86263660291267,
              10.516277694698887
            ],
            [
              -66.86167716175117,
              10.51756231848973
            ],
            [
              -66.86244818086057,
              10.51913332209348
            ],
            [
              -66.8641786522376,
              10.519419735338815
            ]
          ]
        ]
      },
      "properties": {
        "point_count": 1,
        "density_level": "LOW",
        "avg_speed": 6,
        "unique_vehicles": 1,
        "min_speed": 6,
        "max_speed": 6
      }
    },
    {
      "h3_index": "896741245b7ffff",
      "type": "Feature",
      "geometry": {
        "type": "Polygon",
        "coordinates": [
          [
            [
              -66.80515167037319,
              10.499542409591852
            ],
            [
              -66.80611032350116,
              10.49825795360782
            ],
            [
              -66.80533942796127,
              10.496686956352333
            ],
            [
              -66.80360989046932,
              10.496400448561914
            ],
            [
              -66.80265126877138,
              10.497684920829665
            ],
            [
              -66.80342215313466,
              10.499255884604443
            ],
            [
              -66.80515167037319,
              10.499542409591852
            ]
          ]
        ]
      },
      "properties": {
        "point_count": 1,
        "density_level": "LOW",
        "avg_speed": 78,
        "unique_vehicles": 1,
        "min_speed": 78,
        "max_speed": 78
      }
    },
    {
      "h3_index": "89674124283ffff",
      "type": "Feature",
      "geometry": {
        "type": "Polygon",
        "coordinates": [
          [
            [
              -66.85029996390118,
              10.491138301916278
            ],
            [
              -66.85125932114106,
              10.489853201800633
            ],
            [
              -66.85048826038187,
              10.48828178146326
            ],
            [
              -66.8487578535061,
              10.487995494695014
            ],
            [
              -66.8477985276543,
              10.489280611107407
            ],
            [
              -66.84856957728954,
              10.49085199799163
            ],
            [
              -66.85029996390118,
              10.491138301916278
            ]
          ]
        ]
      },
      "properties": {
        "point_count": 1,
        "density_level": "LOW",
        "avg_speed": 52,
        "unique_vehicles": 1,
        "min_speed": 52,
        "max_speed": 52
      }
    },
    {
      "h3_index": "89674121ca7ffff",
      "type": "Feature",
      "geometry": {
        "type": "Polygon",
        "coordinates": [
          [
            [
              -66.96692327530124,
              10.553732931079926
            ],
            [
              -66.96788417078814,
              10.552448056004943
            ],
            [
              -66.96711290946972,
              10.550876951610848
            ],
            [
              -66.96538076364493,
              10.550590755641146
            ],
            [
              -66.96441989941901,
              10.551875647092517
            ],
            [
              -66.96519114975618,
              10.553446718137534
            ],
            [
              -66.96692327530124,
              10.553732931079926
            ]
          ]
        ]
      },
      "properties": {
        "point_count": 1,
        "density_level": "LOW",
        "avg_speed": 67,
        "unique_vehicles": 1,
        "min_speed": 67,
        "max_speed": 67
      }
    },
    {
      "h3_index": "89674135a4bffff",
      "type": "Feature",
      "geometry": {
        "type": "Polygon",
        "coordinates": [
          [
            [
              -66.8761711323974,
              10.576235630347043
            ],
            [
              -66.87713059847708,
              10.5749521742498
            ],
            [
              -66.8763596798788,
              10.573382009264911
            ],
            [
              -66.8746293062871,
              10.573095333780058
            ],
            [
              -66.87366987155218,
              10.574378806230527
            ],
            [
              -66.87444077906349,
              10.57594893781295
            ],
            [
              -66.8761711323974,
              10.576235630347043
            ]
          ]
        ]
      },
      "properties": {
        "point_count": 1,
        "density_level": "LOW",
        "avg_speed": 47,
        "unique_vehicles": 1,
        "min_speed": 47,
        "max_speed": 47
      }
    },
    {
      "h3_index": "89674120e3bffff",
      "type": "Feature",
      "geometry": {
        "type": "Polygon",
        "coordinates": [
          [
            [
              -66.93863093168504,
              10.544726176607293
            ],
            [
              -66.93959143443226,
              10.54344138479722
            ],
            [
              -66.93882023739788,
              10.541870305482364
            ],
            [
              -66.93708854863104,
              10.541584051349897
            ],
            [
              -66.9361280771744,
              10.542868859520455
            ],
            [
              -66.93689926319333,
              10.544439905463326
            ],
            [
              -66.93863093168504,
              10.544726176607293
            ]
          ]
        ]
      },
      "properties": {
        "point_count": 1,
        "density_level": "LOW",
        "avg_speed": 55,
        "unique_vehicles": 1,
        "min_speed": 55,
        "max_speed": 55
      }
    },
    {
      "h3_index": "89674c5a6c7ffff",
      "type": "Feature",
      "geometry": {
        "type": "Polygon",
        "coordinates": [
          [
            [
              -66.84212174029571,
              10.416117196283219
            ],
            [
              -66.84308122030505,
              10.41483050243379
            ],
            [
              -66.8423099882551,
              10.413257889805003
            ],
            [
              -66.84057928733444,
              10.412972004513417
            ],
            [
              -66.8396198387372,
              10.414258714615103
            ],
            [
              -66.84039105964781,
              10.415831293756447
            ],
            [
              -66.84212174029571,
              10.416117196283219
            ]
          ]
        ]
      },
      "properties": {
        "point_count": 2,
        "density_level": "LOW",
        "avg_speed": 26.5,
        "unique_vehicles": 2,
        "min_speed": 15,
        "max_speed": 38
      }
    },
    {
      "h3_index": "8967412664bffff",
      "type": "Feature",
      "geometry": {
        "type": "Polygon",
        "coordinates": [
          [
            [
              -66.84115688069512,
              10.550238782808071
            ],
            [
              -66.84211590769098,
              10.548955097945976
            ],
            [
              -66.84134503121001,
              10.547384718069967
            ],
            [
              -66.83961513886273,
              10.547098056492878
            ],
            [
              -66.8386561432512,
              10.548381757680438
            ],
            [
              -66.83942700860189,
              10.549952104119948
            ],
            [
              -66.84115688069512,
              10.550238782808071
            ]
          ]
        ]
      },
      "properties": {
        "point_count": 1,
        "density_level": "LOW",
        "avg_speed": 29,
        "unique_vehicles": 1,
        "min_speed": 29,
        "max_speed": 29
      }
    },
    {
      "h3_index": "89674c5b01bffff",
      "type": "Feature",
      "geometry": {
        "type": "Polygon",
        "coordinates": [
          [
            [
              -66.87998239931007,
              10.399239471014017
            ],
            [
              -66.88094250139956,
              10.397952019043096
            ],
            [
              -66.8801711056177,
              10.396378889245922
            ],
            [
              -66.87843961884153,
              10.396093244887926
            ],
            [
              -66.87747954813094,
              10.397380713116682
            ],
            [
              -66.87825093281694,
              10.39895380944593
            ],
            [
              -66.87998239931007,
              10.399239471014017
            ]
          ]
        ]
      },
      "properties": {
        "point_count": 1,
        "density_level": "LOW",
        "avg_speed": 87,
        "unique_vehicles": 1,
        "min_speed": 87,
        "max_speed": 87
      }
    },
    {
      "h3_index": "89674125167ffff",
      "type": "Feature",
      "geometry": {
        "type": "Polygon",
        "coordinates": [
          [
            [
              -66.87276392198208,
              10.468858905936944
            ],
            [
              -66.87372368839195,
              10.467573081091151
            ],
            [
              -66.87295249823653,
              10.46600115005227
            ],
            [
              -66.87122155276967,
              10.465715077305882
            ],
            [
              -66.87026181773084,
              10.46700091844502
            ],
            [
              -66.87103299678714,
              10.468572816037533
            ],
            [
              -66.87276392198208,
              10.468858905936944
            ]
          ]
        ]
      },
      "properties": {
        "point_count": 2,
        "density_level": "LOW",
        "avg_speed": 80,
        "unique_vehicles": 2,
        "min_speed": 52,
        "max_speed": 108
      }
    },
    {
      "h3_index": "896741254d3ffff",
      "type": "Feature",
      "geometry": {
        "type": "Polygon",
        "coordinates": [
          [
            [
              -66.89301887812053,
              10.519860897883174
            ],
            [
              -66.89397878069411,
              10.518576009306548
            ],
            [
              -66.8932076609267,
              10.517004799469465
            ],
            [
              -66.89147664965633,
              10.516718511622189
            ],
            [
              -66.89051677842316,
              10.518003416527977
            ],
            [
              -66.89128788711923,
              10.519574592952202
            ],
            [
              -66.89301887812053,
              10.519860897883174
            ]
          ]
        ]
      },
      "properties": {
        "point_count": 1,
        "density_level": "LOW",
        "avg_speed": 45,
        "unique_vehicles": 1,
        "min_speed": 45,
        "max_speed": 45
      }
    },
    {
      "h3_index": "89674c5a037ffff",
      "type": "Feature",
      "geometry": {
        "type": "Polygon",
        "coordinates": [
          [
            [
              -66.81479082188619,
              10.392813495089781
            ],
            [
              -66.81574996836848,
              10.391526556872
            ],
            [
              -66.81497876172338,
              10.389953731330941
            ],
            [
              -66.81324841976867,
              10.38966787752297
            ],
            [
              -66.81228930472996,
              10.39095483196934
            ],
            [
              -66.81306050020169,
              10.392527623995427
            ],
            [
              -66.81479082188619,
              10.392813495089781
            ]
          ]
        ]
      },
      "properties": {
        "point_count": 1,
        "density_level": "LOW",
        "avg_speed": 83,
        "unique_vehicles": 1,
        "min_speed": 83,
        "max_speed": 83
      }
    },
    {
      "h3_index": "8967412e29bffff",
      "type": "Feature",
      "geometry": {
        "type": "Polygon",
        "coordinates": [
          [
            [
              -66.96320501583484,
              10.491017754033972
            ],
            [
              -66.96416606122645,
              10.48973151371287
            ],
            [
              -66.96339464659653,
              10.488159386905046
            ],
            [
              -66.96166219756466,
              10.48787353379447
            ],
            [
              -66.96070118345105,
              10.48915979045647
            ],
            [
              -66.9614725870906,
              10.490731883888476
            ],
            [
              -66.96320501583484,
              10.491017754033972
            ]
          ]
        ]
      },
      "properties": {
        "point_count": 1,
        "density_level": "LOW",
        "avg_speed": 109,
        "unique_vehicles": 1,
        "min_speed": 109,
        "max_speed": 109
      }
    },
    {
      "h3_index": "8967412748fffff",
      "type": "Feature",
      "geometry": {
        "type": "Polygon",
        "coordinates": [
          [
            [
              -66.86404201702155,
              10.561243691225956
            ],
            [
              -66.86500135066623,
              10.559960021684349
            ],
            [
              -66.86423043084675,
              10.55838968221536
            ],
            [
              -66.86250018848428,
              10.558103045704922
            ],
            [
              -66.86154088619934,
              10.559386731586892
            ],
            [
              -66.86231179491641,
              10.56095703763928
            ],
            [
              -66.86404201702155,
              10.561243691225956
            ]
          ]
        ]
      },
      "properties": {
        "point_count": 2,
        "density_level": "LOW",
        "avg_speed": 42,
        "unique_vehicles": 2,
        "min_speed": 32,
        "max_speed": 52
      }
    },
    {
      "h3_index": "8967412ec6fffff",
      "type": "Feature",
      "geometry": {
        "type": "Polygon",
        "coordinates": [
          [
            [
              -66.91313542029111,
              10.453855764690635
            ],
            [
              -66.91409583958183,
              10.452569197930622
            ],
            [
              -66.91332448331241,
              10.450996765371563
            ],
            [
              -66.91159271880407,
              10.450710932997293
            ],
            [
              -66.91063233084826,
              10.451997516058274
            ],
            [
              -66.91140367606518,
              10.453569915192894
            ],
            [
              -66.91313542029111,
              10.453855764690635
            ]
          ]
        ]
      },
      "properties": {
        "point_count": 2,
        "density_level": "LOW",
        "avg_speed": 21,
        "unique_vehicles": 2,
        "min_speed": 6,
        "max_speed": 36
      }
    },
    {
      "h3_index": "8967412ebbbffff",
      "type": "Feature",
      "geometry": {
        "type": "Polygon",
        "coordinates": [
          [
            [
              -66.90713820067448,
              10.425405024713053
            ],
            [
              -66.9080986233838,
              10.424117883160065
            ],
            [
              -66.90732721113332,
              10.422545016305111
            ],
            [
              -66.9055953872346,
              10.422259324442864
            ],
            [
              -66.90463499587212,
              10.423546482278814
            ],
            [
              -66.90540639706084,
              10.425119315694383
            ],
            [
              -66.90713820067448,
              10.425405024713053
            ]
          ]
        ]
      },
      "properties": {
        "point_count": 1,
        "density_level": "LOW",
        "avg_speed": 111,
        "unique_vehicles": 1,
        "min_speed": 111,
        "max_speed": 111
      }
    },
    {
      "h3_index": "8967412552bffff",
      "type": "Feature",
      "geometry": {
        "type": "Polygon",
        "coordinates": [
          [
            [
              -66.868753581003,
              10.48985909900697
            ],
            [
              -66.8697132187061,
              10.48857378406847
            ],
            [
              -66.86894209637128,
              10.487002226883778
            ],
            [
              -66.86721134743496,
              10.486716018078974
            ],
            [
              -66.8662517411023,
              10.488001349320756
            ],
            [
              -66.86702285233484,
              10.489572873064397
            ],
            [
              -66.868753581003,
              10.48985909900697
            ]
          ]
        ]
      },
      "properties": {
        "point_count": 1,
        "density_level": "LOW",
        "avg_speed": 64,
        "unique_vehicles": 1,
        "min_speed": 64,
        "max_speed": 64
      }
    },
    {
      "h3_index": "8967412e123ffff",
      "type": "Feature",
      "geometry": {
        "type": "Polygon",
        "coordinates": [
          [
            [
              -66.92258064504358,
              10.469864551071922
            ],
            [
              -66.92354115310425,
              10.468578246819542
            ],
            [
              -66.92276980937635,
              10.467006021120344
            ],
            [
              -66.92103796862718,
              10.46672013308572
            ],
            [
              -66.92007749188878,
              10.468006453651551
            ],
            [
              -66.92084882457657,
              10.469578645938899
            ],
            [
              -66.92258064504358,
              10.469864551071922
            ]
          ]
        ]
      },
      "properties": {
        "point_count": 1,
        "density_level": "LOW",
        "avg_speed": 22,
        "unique_vehicles": 1,
        "min_speed": 22,
        "max_speed": 22
      }
    },
    {
      "h3_index": "89674c5a067ffff",
      "type": "Feature",
      "geometry": {
        "type": "Polygon",
        "coordinates": [
          [
            [
              -66.82285968582526,
              10.389810049545797
            ],
            [
              -66.82381896311038,
              10.38852296291471
            ],
            [
              -66.82304772296379,
              10.386950036837483
            ],
            [
              -66.82131721669546,
              10.38666423090226
            ],
            [
              -66.82035797084676,
              10.387951333763448
            ],
            [
              -66.82112919982927,
              10.389524226330078
            ],
            [
              -66.82285968582526,
              10.389810049545797
            ]
          ]
        ]
      },
      "properties": {
        "point_count": 1,
        "density_level": "LOW",
        "avg_speed": 97,
        "unique_vehicles": 1,
        "min_speed": 97,
        "max_speed": 97
      }
    },
    {
      "h3_index": "89674120393ffff",
      "type": "Feature",
      "geometry": {
        "type": "Polygon",
        "coordinates": [
          [
            [
              -66.95520449182818,
              10.57200350878014
            ],
            [
              -66.95616515263121,
              10.570719160776024
            ],
            [
              -66.95539397573819,
              10.569148434140667
            ],
            [
              -66.95366214903518,
              10.56886208885977
            ],
            [
              -66.9527015195007,
              10.570146453245577
            ],
            [
              -66.95347268539996,
              10.57171714653091
            ],
            [
              -66.95520449182818,
              10.57200350878014
            ]
          ]
        ]
      },
      "properties": {
        "point_count": 2,
        "density_level": "LOW",
        "avg_speed": 82,
        "unique_vehicles": 2,
        "min_speed": 78,
        "max_speed": 86
      }
    },
    {
      "h3_index": "89674124427ffff",
      "type": "Feature",
      "geometry": {
        "type": "Polygon",
        "coordinates": [
          [
            [
              -66.82590819720266,
              10.502980322500003
            ],
            [
              -66.82686715028626,
              10.501695733644656
            ],
            [
              -66.8260961978573,
              10.500124663062
            ],
            [
              -66.82436630349588,
              10.499838214800272
            ],
            [
              -66.8234073818215,
              10.501122819949334
            ],
            [
              -66.82417832309861,
              10.502693857066742
            ],
            [
              -66.82590819720266,
              10.502980322500003
            ]
          ]
        ]
      },
      "properties": {
        "point_count": 1,
        "density_level": "LOW",
        "avg_speed": 107,
        "unique_vehicles": 1,
        "min_speed": 107,
        "max_speed": 107
      }
    },
    {
      "h3_index": "89674127127ffff",
      "type": "Feature",
      "geometry": {
        "type": "Polygon",
        "coordinates": [
          [
            [
              -66.84341495450886,
              10.515982446520747
            ],
            [
              -66.84437412737789,
              10.514697971777217
            ],
            [
              -66.84360315368798,
              10.513127007532576
            ],
            [
              -66.84187301825858,
              10.51284055148006
            ],
            [
              -66.840913876779,
              10.514125042531267
            ],
            [
              -66.84168483933868,
              10.515695973327643
            ],
            [
              -66.84341495450886,
              10.515982446520747
            ]
          ]
        ]
      },
      "properties": {
        "point_count": 1,
        "density_level": "LOW",
        "avg_speed": 30,
        "unique_vehicles": 1,
        "min_speed": 30,
        "max_speed": 30
      }
    },
    {
      "h3_index": "8967412f40fffff",
      "type": "Feature",
      "geometry": {
        "type": "Polygon",
        "coordinates": [
          [
            [
              -66.99902269342466,
              10.505595348420101
            ],
            [
              -66.99998422518517,
              10.504309073892742
            ],
            [
              -66.99921273801095,
              10.502736967821088
            ],
            [
              -66.99747973002228,
              10.502451169622711
            ],
            [
              -66.99651822950153,
              10.503737460512932
            ],
            [
              -66.99728970572897,
              10.505309533239004
            ],
            [
              -66.99902269342466,
              10.505595348420101
            ]
          ]
        ]
      },
      "properties": {
        "point_count": 1,
        "density_level": "LOW",
        "avg_speed": 87,
        "unique_vehicles": 1,
        "min_speed": 87,
        "max_speed": 87
      }
    },
    {
      "h3_index": "89674c5b5afffff",
      "type": "Feature",
      "geometry": {
        "type": "Polygon",
        "coordinates": [
          [
            [
              -66.85094608675041,
              10.401675671492491
            ],
            [
              -66.85190574615521,
              10.400388566387283
            ],
            [
              -66.8511344482759,
              10.398815659386761
            ],
            [
              -66.84940350212106,
              10.39852989097868
            ],
            [
              -66.84844387412285,
              10.399817012331638
            ],
            [
              -66.84921516087216,
              10.401389885845264
            ],
            [
              -66.85094608675041,
              10.401675671492491
            ]
          ]
        ]
      },
      "properties": {
        "point_count": 1,
        "density_level": "LOW",
        "avg_speed": 53,
        "unique_vehicles": 1,
        "min_speed": 53,
        "max_speed": 53
      }
    },
    {
      "h3_index": "896741244c7ffff",
      "type": "Feature",
      "geometry": {
        "type": "Polygon",
        "coordinates": [
          [
            [
              -66.83553561765463,
              10.516120915870072
            ],
            [
              -66.8364946720344,
              10.514836523822922
            ],
            [
              -66.8357237236427,
              10.513265611264988
            ],
            [
              -66.83399373201003,
              10.512979124208094
            ],
            [
              -66.83303470902732,
              10.514263532559905
            ],
            [
              -66.83380564627953,
              10.515834411664267
            ],
            [
              -66.83553561765463,
              10.516120915870072
            ]
          ]
        ]
      },
      "properties": {
        "point_count": 1,
        "density_level": "LOW",
        "avg_speed": 107,
        "unique_vehicles": 1,
        "min_speed": 107,
        "max_speed": 107
      }
    },
    {
      "h3_index": "89674c5b64fffff",
      "type": "Feature",
      "geometry": {
        "type": "Polygon",
        "coordinates": [
          [
            [
              -66.90307663746569,
              10.4073864270701
            ],
            [
              -66.90403705837826,
              10.40609892436494
            ],
            [
              -66.90326561151414,
              10.404525784533702
            ],
            [
              -66.90153375480466,
              10.404240180856954
            ],
            [
              -66.90057336524674,
              10.40552769983355
            ],
            [
              -66.90134480104294,
              10.407100806215787
            ],
            [
              -66.90307663746569,
              10.4073864270701
            ]
          ]
        ]
      },
      "properties": {
        "point_count": 1,
        "density_level": "LOW",
        "avg_speed": 30,
        "unique_vehicles": 1,
        "min_speed": 30,
        "max_speed": 30
      }
    },
    {
      "h3_index": "8967412ea27ffff",
      "type": "Feature",
      "geometry": {
        "type": "Polygon",
        "coordinates": [
          [
            [
              -66.92272576622484,
              10.427976182903516
            ],
            [
              -66.92368641350471,
              10.426688941893993
            ],
            [
              -66.9229149592639,
              10.425116020183962
            ],
            [
              -66.92118286878564,
              10.424830372911478
            ],
            [
              -66.92022225283684,
              10.426117630211518
            ],
            [
              -66.92099369603456,
              10.427690518493847
            ],
            [
              -66.92272576622484,
              10.427976182903516
            ]
          ]
        ]
      },
      "properties": {
        "point_count": 1,
        "density_level": "LOW",
        "avg_speed": 98,
        "unique_vehicles": 1,
        "min_speed": 98,
        "max_speed": 98
      }
    },
    {
      "h3_index": "89674120c83ffff",
      "type": "Feature",
      "geometry": {
        "type": "Polygon",
        "coordinates": [
          [
            [
              -66.91903182099469,
              10.563134116192536
            ],
            [
              -66.91999197074531,
              10.56184993405493
            ],
            [
              -66.91922088327503,
              10.560279283655374
            ],
            [
              -66.9174896570907,
              10.55999284877202
            ],
            [
              -66.91652953864588,
              10.56127704727243
            ],
            [
              -66.91730061507887,
              10.56284766429373
            ],
            [
              -66.91903182099469,
              10.563134116192536
            ]
          ]
        ]
      },
      "properties": {
        "point_count": 2,
        "density_level": "LOW",
        "avg_speed": 25.5,
        "unique_vehicles": 2,
        "min_speed": 8,
        "max_speed": 43
      }
    },
    {
      "h3_index": "8967412754fffff",
      "type": "Feature",
      "geometry": {
        "type": "Polygon",
        "coordinates": [
          [
            [
              -66.85748042105449,
              10.541401103155026
            ],
            [
              -66.85843972140269,
              10.540117055418099
            ],
            [
              -66.85766877010519,
              10.538546426223109
            ],
            [
              -66.85593852957047,
              10.538259878194177
            ],
            [
              -66.85497926059264,
              10.539543942258119
            ],
            [
              -66.85575020077846,
              10.541114538024292
            ],
            [
              -66.85748042105449,
              10.541401103155026
            ]
          ]
        ]
      },
      "properties": {
        "point_count": 1,
        "density_level": "LOW",
        "avg_speed": 110,
        "unique_vehicles": 1,
        "min_speed": 110,
        "max_speed": 110
      }
    },
    {
      "h3_index": "89674127583ffff",
      "type": "Feature",
      "geometry": {
        "type": "Polygon",
        "coordinates": [
          [
            [
              -66.84634667512428,
              10.551098788778416
            ],
            [
              -66.8473057770357,
              10.54981507073333
            ],
            [
              -66.84653488640316,
              10.548244672719964
            ],
            [
              -66.84480490498261,
              10.547958026184636
            ],
            [
              -66.84384583445028,
              10.54924176055769
            ],
            [
              -66.8446167139587,
              10.550812125138433
            ],
            [
              -66.84634667512428,
              10.551098788778416
            ]
          ]
        ]
      },
      "properties": {
        "point_count": 1,
        "density_level": "LOW",
        "avg_speed": 50,
        "unique_vehicles": 1,
        "min_speed": 50,
        "max_speed": 50
      }
    },
    {
      "h3_index": "89674125cabffff",
      "type": "Feature",
      "geometry": {
        "type": "Polygon",
        "coordinates": [
          [
            [
              -66.84949308677693,
              10.463567525797268
            ],
            [
              -66.85045252208921,
              10.462281817416017
            ],
            [
              -66.84968139141746,
              10.460709944485599
            ],
            [
              -66.84795083655975,
              10.46042381340107
            ],
            [
              -66.84699143264224,
              10.461709538063628
            ],
            [
              -66.84776255218696,
              10.463281377529752
            ],
            [
              -66.84949308677693,
              10.463567525797268
            ]
          ]
        ]
      },
      "properties": {
        "point_count": 1,
        "density_level": "LOW",
        "avg_speed": 114,
        "unique_vehicles": 1,
        "min_speed": 114,
        "max_speed": 114
      }
    },
    {
      "h3_index": "89674c5b0afffff",
      "type": "Feature",
      "geometry": {
        "type": "Polygon",
        "coordinates": [
          [
            [
              -66.86978263011885,
              10.394664949406756
            ],
            [
              -66.87074259450165,
              10.393377498117173
            ],
            [
              -66.86997121879926,
              10.391804356749358
            ],
            [
              -66.86823988982164,
              10.391518700148108
            ],
            [
              -66.86727995682864,
              10.392806167688978
            ],
            [
              -66.86805132142275,
              10.394379275580146
            ],
            [
              -66.86978263011885,
              10.394664949406756
            ]
          ]
        ]
      },
      "properties": {
        "point_count": 1,
        "density_level": "LOW",
        "avg_speed": 100,
        "unique_vehicles": 1,
        "min_speed": 100,
        "max_speed": 100
      }
    },
    {
      "h3_index": "89674c5b113ffff",
      "type": "Feature",
      "geometry": {
        "type": "Polygon",
        "coordinates": [
          [
            [
              -66.85977216137219,
              10.387229740150921
            ],
            [
              -66.8607320001788,
              10.385942223868273
            ],
            [
              -66.85996063649574,
              10.384369022566062
            ],
            [
              -66.85822944512599,
              10.384083371033137
            ],
            [
              -66.85726963772048,
              10.385370903559007
            ],
            [
              -66.8580409902829,
              10.386944071374906
            ],
            [
              -66.85977216137219,
              10.387229740150921
            ]
          ]
        ]
      },
      "properties": {
        "point_count": 1,
        "density_level": "LOW",
        "avg_speed": 89,
        "unique_vehicles": 1,
        "min_speed": 89,
        "max_speed": 89
      }
    },
    {
      "h3_index": "896741264dbffff",
      "type": "Feature",
      "geometry": {
        "type": "Polygon",
        "coordinates": [
          [
            [
              -66.81908513696581,
              10.56677211524168
            ],
            [
              -66.82004377916441,
              10.565489024068741
            ],
            [
              -66.81927301611125,
              10.56391905790431
            ],
            [
              -66.81754362201387,
              10.563632216358224
            ],
            [
              -66.81658501121743,
              10.56491532385704
            ],
            [
              -66.81735576311551,
              10.56648525657639
            ],
            [
              -66.81908513696581,
              10.56677211524168
            ]
          ]
        ]
      },
      "properties": {
        "point_count": 2,
        "density_level": "LOW",
        "avg_speed": 89.5,
        "unique_vehicles": 2,
        "min_speed": 75,
        "max_speed": 104
      }
    },
    {
      "h3_index": "89674135b67ffff",
      "type": "Feature",
      "geometry": {
        "type": "Polygon",
        "coordinates": [
          [
            [
              -66.84865931764597,
              10.555809772556495
            ],
            [
              -66.84961843877782,
              10.554526136682739
            ],
            [
              -66.8488475532233,
              10.552955802717499
            ],
            [
              -66.8471175576572,
              10.552669138055577
            ],
            [
              -66.8461584679012,
              10.553952790260759
            ],
            [
              -66.84692934233472,
              10.555523090796777
            ],
            [
              -66.84865931764597,
              10.555809772556495
            ]
          ]
        ]
      },
      "properties": {
        "point_count": 1,
        "density_level": "LOW",
        "avg_speed": 77,
        "unique_vehicles": 1,
        "min_speed": 77,
        "max_speed": 77
      }
    },
    {
      "h3_index": "8967412ce3bffff",
      "type": "Feature",
      "geometry": {
        "type": "Polygon",
        "coordinates": [
          [
            [
              -66.94791171169132,
              10.404653808539354
            ],
            [
              -66.94887281147278,
              10.403365794096109
            ],
            [
              -66.94810121745958,
              10.401792328667595
            ],
            [
              -66.94636853467921,
              10.401506911101876
            ],
            [
              -66.94540746620912,
              10.40279494183273
            ],
            [
              -66.94617904920733,
              10.404368373842024
            ],
            [
              -66.94791171169132,
              10.404653808539354
            ]
          ]
        ]
      },
      "properties": {
        "point_count": 1,
        "density_level": "LOW",
        "avg_speed": 102,
        "unique_vehicles": 1,
        "min_speed": 102,
        "max_speed": 102
      }
    },
    {
      "h3_index": "89674124647ffff",
      "type": "Feature",
      "geometry": {
        "type": "Polygon",
        "coordinates": [
          [
            [
              -66.85742774618657,
              10.502423798516757
            ],
            [
              -66.85838717324886,
              10.501138878891235
            ],
            [
              -66.85761611964875,
              10.499567601431007
            ],
            [
              -66.85588565010035,
              10.499281277040584
            ],
            [
              -66.85492625441681,
              10.50056621297184
            ],
            [
              -66.85569729690222,
              10.502137456988127
            ],
            [
              -66.85742774618657,
              10.502423798516757
            ]
          ]
        ]
      },
      "properties": {
        "point_count": 1,
        "density_level": "LOW",
        "avg_speed": 86,
        "unique_vehicles": 1,
        "min_speed": 86,
        "max_speed": 86
      }
    },
    {
      "h3_index": "8967412092bffff",
      "type": "Feature",
      "geometry": {
        "type": "Polygon",
        "coordinates": [
          [
            [
              -66.90378325918563,
              10.515866105753902
            ],
            [
              -66.90474333577758,
              10.514581019270741
            ],
            [
              -66.90397217175595,
              10.513009675796752
            ],
            [
              -66.90224094220056,
              10.512723452213296
            ],
            [
              -66.9012808969394,
              10.514008555027656
            ],
            [
              -66.90205204990214,
              10.515579865094596
            ],
            [
              -66.90378325918563,
              10.515866105753902
            ]
          ]
        ]
      },
      "properties": {
        "point_count": 1,
        "density_level": "LOW",
        "avg_speed": 17,
        "unique_vehicles": 1,
        "min_speed": 17,
        "max_speed": 17
      }
    },
    {
      "h3_index": "89674c5b047ffff",
      "type": "Feature",
      "geometry": {
        "type": "Polygon",
        "coordinates": [
          [
            [
              -66.88286276130792,
              10.395376999951061
            ],
            [
              -66.8838229191268,
              10.394089432831294
            ],
            [
              -66.88305150414487,
              10.392516221074189
            ],
            [
              -66.88131994243608,
              10.3922306099046
            ],
            [
              -66.8803598159941,
              10.393518193281214
            ],
            [
              -66.88113121988329,
              10.395091371570894
            ],
            [
              -66.88286276130792,
              10.395376999951061
            ]
          ]
        ]
      },
      "properties": {
        "point_count": 1,
        "density_level": "LOW",
        "avg_speed": 87,
        "unique_vehicles": 1,
        "min_speed": 87,
        "max_speed": 87
      }
    },
    {
      "h3_index": "8967412c4cfffff",
      "type": "Feature",
      "geometry": {
        "type": "Polygon",
        "coordinates": [
          [
            [
              -66.97010985114235,
              10.466145447791204
            ],
            [
              -66.97107108098012,
              10.464858582440277
            ],
            [
              -66.97029957957234,
              10.463285999059188
            ],
            [
              -66.96856685931012,
              10.463000314409959
            ],
            [
              -66.96760566074886,
              10.464287196090952
            ],
            [
              -66.9683771511726,
              10.46585974609144
            ],
            [
              -66.97010985114235,
              10.466145447791204
            ]
          ]
        ]
      },
      "properties": {
        "point_count": 2,
        "density_level": "LOW",
        "avg_speed": 81.5,
        "unique_vehicles": 2,
        "min_speed": 47,
        "max_speed": 116
      }
    },
    {
      "h3_index": "8967412e16bffff",
      "type": "Feature",
      "geometry": {
        "type": "Polygon",
        "coordinates": [
          [
            [
              -66.93316147538017,
              10.468721244442143
            ],
            [
              -66.93412214524781,
              10.467434808161798
            ],
            [
              -66.93335076549289,
              10.465862497502592
            ],
            [
              -66.9316187268973,
              10.465576656529059
            ],
            [
              -66.93065808834184,
              10.466863109126361
            ],
            [
              -66.9314294570691,
              10.468435386380555
            ],
            [
              -66.93316147538017,
              10.468721244442143
            ]
          ]
        ]
      },
      "properties": {
        "point_count": 1,
        "density_level": "LOW",
        "avg_speed": 118,
        "unique_vehicles": 1,
        "min_speed": 118,
        "max_speed": 118
      }
    },
    {
      "h3_index": "89674c5b2dbffff",
      "type": "Feature",
      "geometry": {
        "type": "Polygon",
        "coordinates": [
          [
            [
              -66.90364357183448,
              10.398804156745193
            ],
            [
              -66.90460402929027,
              10.39751645691741
            ],
            [
              -66.90383255810661,
              10.395943171508112
            ],
            [
              -66.90210064053433,
              10.395657619378783
            ],
            [
              -66.90114021443445,
              10.396945335473497
            ],
            [
              -66.90191167455023,
              10.39851858743094
            ],
            [
              -66.90364357183448,
              10.398804156745193
            ]
          ]
        ]
      },
      "properties": {
        "point_count": 2,
        "density_level": "LOW",
        "avg_speed": 41,
        "unique_vehicles": 2,
        "min_speed": 24,
        "max_speed": 58
      }
    },
    {
      "h3_index": "89674121cbbffff",
      "type": "Feature",
      "geometry": {
        "type": "Polygon",
        "coordinates": [
          [
            [
              -66.97193013813859,
              10.55744745506736
            ],
            [
              -66.97289109613894,
              10.55616261275111
            ],
            [
              -66.97211982906035,
              10.554591539401732
            ],
            [
              -66.97038761495573,
              10.554305341713157
            ],
            [
              -66.96942668821066,
              10.55559020040977
            ],
            [
              -66.97019794431422,
              10.557161240414944
            ],
            [
              -66.97193013813859,
              10.55744745506736
            ]
          ]
        ]
      },
      "properties": {
        "point_count": 1,
        "density_level": "LOW",
        "avg_speed": 115,
        "unique_vehicles": 1,
        "min_speed": 115,
        "max_speed": 115
      }
    },
    {
      "h3_index": "896741208c3ffff",
      "type": "Feature",
      "geometry": {
        "type": "Polygon",
        "coordinates": [
          [
            [
              -66.92824136425632,
              10.543008473858324
            ],
            [
              -66.92920171747305,
              10.541723748269334
            ],
            [
              -66.92843054832312,
              10.540152704834389
            ],
            [
              -66.92669903698365,
              10.539866420368543
            ],
            [
              -66.92573871506804,
              10.541151162313035
            ],
            [
              -66.92650987319007,
              10.5427221723682
            ],
            [
              -66.92824136425632,
              10.543008473858324
            ]
          ]
        ]
      },
      "properties": {
        "point_count": 1,
        "density_level": "LOW",
        "avg_speed": 87,
        "unique_vehicles": 1,
        "min_speed": 87,
        "max_speed": 87
      }
    },
    {
      "h3_index": "8967412d823ffff",
      "type": "Feature",
      "geometry": {
        "type": "Polygon",
        "coordinates": [
          [
            [
              -66.98312890097608,
              10.388752405302794
            ],
            [
              -66.98409057832849,
              10.387463682866601
            ],
            [
              -66.98331883329945,
              10.3858897345382
            ],
            [
              -66.98158542189167,
              10.385604542047288
            ],
            [
              -66.9806237758195,
              10.386893280776237
            ],
            [
              -66.98139550987418,
              10.38846719570368
            ],
            [
              -66.98312890097608,
              10.388752405302794
            ]
          ]
        ]
      },
      "properties": {
        "point_count": 1,
        "density_level": "LOW",
        "avg_speed": 116,
        "unique_vehicles": 1,
        "min_speed": 116,
        "max_speed": 116
      }
    },
    {
      "h3_index": "8967412191bffff",
      "type": "Feature",
      "geometry": {
        "type": "Polygon",
        "coordinates": [
          [
            [
              -66.96362290440162,
              10.524309831547331
            ],
            [
              -66.96458384701688,
              10.523024331330243
            ],
            [
              -66.96381251859124,
              10.5214527564686
            ],
            [
              -66.96208025853699,
              10.521166715187103
            ],
            [
              -66.96111934719221,
              10.522452231763355
            ],
            [
              -66.96189066463047,
              10.524023773262279
            ],
            [
              -66.96362290440162,
              10.524309831547331
            ]
          ]
        ]
      },
      "properties": {
        "point_count": 1,
        "density_level": "LOW",
        "avg_speed": 80,
        "unique_vehicles": 1,
        "min_speed": 80,
        "max_speed": 80
      }
    },
    {
      "h3_index": "89674121847ffff",
      "type": "Feature",
      "geometry": {
        "type": "Polygon",
        "coordinates": [
          [
            [
              -66.98403238156502,
              10.533456350015785
            ],
            [
              -66.98499359861889,
              10.532170849104634
            ],
            [
              -66.98422223099352,
              10.53059930036709
            ],
            [
              -66.98248965727606,
              10.530313285886189
            ],
            [
              -66.98152847147074,
              10.531598803169443
            ],
            [
              -66.98229982813363,
              10.533170318561819
            ],
            [
              -66.98403238156502,
              10.533456350015785
            ]
          ]
        ]
      },
      "properties": {
        "point_count": 2,
        "density_level": "LOW",
        "avg_speed": 26.5,
        "unique_vehicles": 2,
        "min_speed": 6,
        "max_speed": 47
      }
    },
    {
      "h3_index": "89674125677ffff",
      "type": "Feature",
      "geometry": {
        "type": "Polygon",
        "coordinates": [
          [
            [
              -66.90760833079607,
              10.49772644901949
            ],
            [
              -66.90856852392854,
              10.496440918279054
            ],
            [
              -66.90779730024673,
              10.49486924910416
            ],
            [
              -66.90606589448747,
              10.494583144081455
            ],
            [
              -66.90510573268593,
              10.495868691144683
            ],
            [
              -66.905876945312,
              10.497440326908164
            ],
            [
              -66.90760833079607,
              10.49772644901949
            ]
          ]
        ]
      },
      "properties": {
        "point_count": 1,
        "density_level": "LOW",
        "avg_speed": 33,
        "unique_vehicles": 1,
        "min_speed": 33,
        "max_speed": 33
      }
    },
    {
      "h3_index": "8967412ec8bffff",
      "type": "Feature",
      "geometry": {
        "type": "Polygon",
        "coordinates": [
          [
            [
              -66.90949820860685,
              10.469149298828096
            ],
            [
              -66.91045852349548,
              10.467863110312466
            ],
            [
              -66.9096872187941,
              10.466290954373978
            ],
            [
              -66.90795561025904,
              10.466005020372549
            ],
            [
              -66.9069953267056,
              10.467291225196096
            ],
            [
              -66.90776662035132,
              10.468863347713489
            ],
            [
              -66.90949820860685,
              10.469149298828096
            ]
          ]
        ]
      },
      "properties": {
        "point_count": 1,
        "density_level": "LOW",
        "avg_speed": 16,
        "unique_vehicles": 1,
        "min_speed": 16,
        "max_speed": 16
      }
    },
    {
      "h3_index": "89674c5a293ffff",
      "type": "Feature",
      "geometry": {
        "type": "Polygon",
        "coordinates": [
          [
            [
              -66.83787076380348,
              10.400962058242435
            ],
            [
              -66.83883022964767,
              10.39967506903432
            ],
            [
              -66.83805897123338,
              10.398102232563291
            ],
            [
              -66.83632825811972,
              10.39781641879682
            ],
            [
              -66.835368823695,
              10.399103424247132
            ],
            [
              -66.83614007096378,
              10.400676227222053
            ],
            [
              -66.83787076380348,
              10.400962058242435
            ]
          ]
        ]
      },
      "properties": {
        "point_count": 1,
        "density_level": "LOW",
        "avg_speed": 51,
        "unique_vehicles": 1,
        "min_speed": 51,
        "max_speed": 51
      }
    },
    {
      "h3_index": "8967412e4b7ffff",
      "type": "Feature",
      "geometry": {
        "type": "Polygon",
        "coordinates": [
          [
            [
              -66.93301486901801,
              10.510589359754531
            ],
            [
              -66.93397539966108,
              10.509303860746954
            ],
            [
              -66.933204130397,
              10.507732247382524
            ],
            [
              -66.93147234151382,
              10.507446166415033
            ],
            [
              -66.93051184217411,
              10.508731681762358
            ],
            [
              -66.93128310041351,
              10.510303261737757
            ],
            [
              -66.93301486901801,
              10.510589359754531
            ]
          ]
        ]
      },
      "properties": {
        "point_count": 1,
        "density_level": "LOW",
        "avg_speed": 12,
        "unique_vehicles": 1,
        "min_speed": 12,
        "max_speed": 12
      }
    },
    {
      "h3_index": "8967412293bffff",
      "type": "Feature",
      "geometry": {
        "type": "Polygon",
        "coordinates": [
          [
            [
              -66.88211682764582,
              10.565680300753304
            ],
            [
              -66.88307641721632,
              10.564396548090022
            ],
            [
              -66.88230545215997,
              10.562826169892622
            ],
            [
              -66.88057490861317,
              10.56253957776136
            ],
            [
              -66.8796153503839,
              10.563823346774452
            ],
            [
              -66.8803863043595,
              10.565393691569328
            ],
            [
              -66.88211682764582,
              10.565680300753304
            ]
          ]
        ]
      },
      "properties": {
        "point_count": 1,
        "density_level": "LOW",
        "avg_speed": 106,
        "unique_vehicles": 1,
        "min_speed": 106,
        "max_speed": 106
      }
    },
    {
      "h3_index": "89674124e57ffff",
      "type": "Feature",
      "geometry": {
        "type": "Polygon",
        "coordinates": [
          [
            [
              -66.82353818771153,
              10.459274782475573
            ],
            [
              -66.82449724815625,
              10.457989240143176
            ],
            [
              -66.82372618836989,
              10.456417459132197
            ],
            [
              -66.82199607929613,
              10.456131253937615
            ],
            [
              -66.82103705027228,
              10.457416812538781
            ],
            [
              -66.82180809890063,
              10.458988560066082
            ],
            [
              -66.82353818771153,
              10.459274782475573
            ]
          ]
        ]
      },
      "properties": {
        "point_count": 1,
        "density_level": "LOW",
        "avg_speed": 15,
        "unique_vehicles": 1,
        "min_speed": 15,
        "max_speed": 15
      }
    },
    {
      "h3_index": "89674120127ffff",
      "type": "Feature",
      "geometry": {
        "type": "Polygon",
        "coordinates": [
          [
            [
              -66.93230063121584,
              10.560999860747692
            ],
            [
              -66.93326098614942,
              10.559715497061177
            ],
            [
              -66.93248985163655,
              10.55814472862949
            ],
            [
              -66.9307583732111,
              10.55785835725466
            ],
            [
              -66.92979804957085,
              10.559142737307997
            ],
            [
              -66.930569173062,
              10.560713472369676
            ],
            [
              -66.93230063121584,
              10.560999860747692
            ]
          ]
        ]
      },
      "properties": {
        "point_count": 1,
        "density_level": "LOW",
        "avg_speed": 30,
        "unique_vehicles": 1,
        "min_speed": 30,
        "max_speed": 30
      }
    },
    {
      "h3_index": "896741258bbffff",
      "type": "Feature",
      "geometry": {
        "type": "Polygon",
        "coordinates": [
          [
            [
              -66.85062297551048,
              10.44642032298711
            ],
            [
              -66.85158248380907,
              10.445134220071981
            ],
            [
              -66.85081130450803,
              10.443562055751578
            ],
            [
              -66.84908062803467,
              10.443276027816735
            ],
            [
              -66.84812115113343,
              10.444562147004184
            ],
            [
              -66.84889231930747,
              10.446134277854489
            ],
            [
              -66.85062297551048,
              10.44642032298711
            ]
          ]
        ]
      },
      "properties": {
        "point_count": 1,
        "density_level": "LOW",
        "avg_speed": 120,
        "unique_vehicles": 1,
        "min_speed": 120,
        "max_speed": 120
      }
    },
    {
      "h3_index": "8967412c94bffff",
      "type": "Feature",
      "geometry": {
        "type": "Polygon",
        "coordinates": [
          [
            [
              -66.92575334438725,
              10.38219986572658
            ],
            [
              -66.92671418663909,
              10.380911573386438
            ],
            [
              -66.92594260270374,
              10.379337874859278
            ],
            [
              -66.9242101875588,
              10.379052502115528
            ],
            [
              -66.92324937664482,
              10.380340810722153
            ],
            [
              -66.92402094953722,
              10.381914475806376
            ],
            [
              -66.92575334438725,
              10.38219986572658
            ]
          ]
        ]
      },
      "properties": {
        "point_count": 1,
        "density_level": "LOW",
        "avg_speed": 47,
        "unique_vehicles": 1,
        "min_speed": 47,
        "max_speed": 47
      }
    },
    {
      "h3_index": "8967412f363ffff",
      "type": "Feature",
      "geometry": {
        "type": "Polygon",
        "coordinates": [
          [
            [
              -67.00456885361424,
              10.461705893101472
            ],
            [
              -67.00553061176889,
              10.460418582562976
            ],
            [
              -67.00475899215613,
              10.45884571155327
            ],
            [
              -67.00302562533143,
              10.458560184440943
            ],
            [
              -67.00206389842042,
              10.459847511320595
            ],
            [
              -67.00283550708973,
              10.461420348971748
            ],
            [
              -67.00456885361424,
              10.461705893101472
            ]
          ]
        ]
      },
      "properties": {
        "point_count": 1,
        "density_level": "LOW",
        "avg_speed": 65,
        "unique_vehicles": 1,
        "min_speed": 65,
        "max_speed": 65
      }
    },
    {
      "h3_index": "89674135873ffff",
      "type": "Feature",
      "geometry": {
        "type": "Polygon",
        "coordinates": [
          [
            [
              -66.84965423939032,
              10.580494119875292
            ],
            [
              -66.85061329465515,
              10.579211027165726
            ],
            [
              -66.84984247087056,
              10.57764109868137
            ],
            [
              -66.84811260293839,
              10.5773542963258
            ],
            [
              -66.84715357904314,
              10.578637405380597
            ],
            [
              -66.84792439170978,
              10.580207300446055
            ],
            [
              -66.84965423939032,
              10.580494119875292
            ]
          ]
        ]
      },
      "properties": {
        "point_count": 1,
        "density_level": "LOW",
        "avg_speed": 59,
        "unique_vehicles": 1,
        "min_speed": 59,
        "max_speed": 59
      }
    },
    {
      "h3_index": "89674122963ffff",
      "type": "Feature",
      "geometry": {
        "type": "Polygon",
        "coordinates": [
          [
            [
              -66.88749726060135,
              10.563685916004284
            ],
            [
              -66.8884569371734,
              10.56240206434643
            ],
            [
              -66.88768594996486,
              10.560831619348328
            ],
            [
              -66.88595529725809,
              10.560545059408057
            ],
            [
              -66.88499565202245,
              10.56182892741675
            ],
            [
              -66.88576662815646,
              10.563399339015216
            ],
            [
              -66.88749726060135,
              10.563685916004284
            ]
          ]
        ]
      },
      "properties": {
        "point_count": 2,
        "density_level": "LOW",
        "avg_speed": 33.5,
        "unique_vehicles": 2,
        "min_speed": 6,
        "max_speed": 61
      }
    },
    {
      "h3_index": "8967412ca4fffff",
      "type": "Feature",
      "geometry": {
        "type": "Polygon",
        "coordinates": [
          [
            [
              -66.95963578638963,
              10.386332834402097
            ],
            [
              -66.96059712113616,
              10.385044293819838
            ],
            [
              -66.95982544256576,
              10.383470451899594
            ],
            [
              -66.95809244025054,
              10.383185183980002
            ],
            [
              -66.9571311368078,
              10.38447374084441
            ],
            [
              -66.95790280437578,
              10.38604754934659
            ],
            [
              -66.95963578638963,
              10.386332834402097
            ]
          ]
        ]
      },
      "properties": {
        "point_count": 2,
        "density_level": "LOW",
        "avg_speed": 17.5,
        "unique_vehicles": 2,
        "min_speed": 11,
        "max_speed": 24
      }
    },
    {
      "h3_index": "89674134a43ffff",
      "type": "Feature",
      "geometry": {
        "type": "Polygon",
        "coordinates": [
          [
            [
              -66.8183336608671,
              10.578183198612146
            ],
            [
              -66.81929225447634,
              10.576900370871385
            ],
            [
              -66.81852152381957,
              10.575330599681052
            ],
            [
              -66.8167922107079,
              10.57504368967294
            ],
            [
              -66.81583364849907,
              10.576326533745503
            ],
            [
              -66.81660436800077,
              10.57789627149471
            ],
            [
              -66.8183336608671,
              10.578183198612146
            ]
          ]
        ]
      },
      "properties": {
        "point_count": 1,
        "density_level": "LOW",
        "avg_speed": 54,
        "unique_vehicles": 1,
        "min_speed": 54,
        "max_speed": 54
      }
    },
    {
      "h3_index": "8967412d1b3ffff",
      "type": "Feature",
      "geometry": {
        "type": "Polygon",
        "coordinates": [
          [
            [
              -66.99606956869557,
              10.431386608488365
            ],
            [
              -66.99703129945073,
              10.430098706697938
            ],
            [
              -66.99625962640916,
              10.428525384705198
            ],
            [
              -66.99452623356753,
              10.428239997879148
            ],
            [
              -66.99356453407081,
              10.42952791599084
            ],
            [
              -66.9943361961566,
              10.431101204607645
            ],
            [
              -66.99606956869557,
              10.431386608488365
            ]
          ]
        ]
      },
      "properties": {
        "point_count": 1,
        "density_level": "LOW",
        "avg_speed": 77,
        "unique_vehicles": 1,
        "min_speed": 77,
        "max_speed": 77
      }
    },
    {
      "h3_index": "896741242d7ffff",
      "type": "Feature",
      "geometry": {
        "type": "Polygon",
        "coordinates": [
          [
            [
              -66.85549130188343,
              10.491997183843493
            ],
            [
              -66.85645073405345,
              10.490712050538649
            ],
            [
              -66.85567965915841,
              10.489140611934042
            ],
            [
              -66.85394916321043,
              10.488854340083892
            ],
            [
              -66.85298976242328,
              10.490139489688012
            ],
            [
              -66.85376082620054,
              10.491710894843331
            ],
            [
              -66.85549130188343,
              10.491997183843493
            ]
          ]
        ]
      },
      "properties": {
        "point_count": 1,
        "density_level": "LOW",
        "avg_speed": 36,
        "unique_vehicles": 1,
        "min_speed": 36,
        "max_speed": 36
      }
    },
    {
      "h3_index": "89674135957ffff",
      "type": "Feature",
      "geometry": {
        "type": "Polygon",
        "coordinates": [
          [
            [
              -66.83446278137974,
              10.57220671406688
            ],
            [
              -66.83542163623352,
              10.570923589171633
            ],
            [
              -66.83465083871126,
              10.56935361736475
            ],
            [
              -66.83292119747107,
              10.569066803885917
            ],
            [
              -66.83196237400337,
              10.570349945115979
            ],
            [
              -66.83273316038911,
              10.571919883490382
            ],
            [
              -66.83446278137974,
              10.57220671406688
            ]
          ]
        ]
      },
      "properties": {
        "point_count": 2,
        "density_level": "LOW",
        "avg_speed": 93.5,
        "unique_vehicles": 2,
        "min_speed": 82,
        "max_speed": 105
      }
    },
    {
      "h3_index": "896741248c3ffff",
      "type": "Feature",
      "geometry": {
        "type": "Polygon",
        "coordinates": [
          [
            [
              -66.80565542209301,
              10.451983444686691
            ],
            [
              -66.8066142382234,
              10.450697920020136
            ],
            [
              -66.80584321607968,
              10.449126130794061
            ],
            [
              -66.80411338898448,
              10.448839899733574
            ],
            [
              -66.80315460429381,
              10.450125440657876
            ],
            [
              -66.80392561525791,
              10.45169719638527
            ],
            [
              -66.80565542209301,
              10.451983444686691
            ]
          ]
        ]
      },
      "properties": {
        "point_count": 1,
        "density_level": "LOW",
        "avg_speed": 33,
        "unique_vehicles": 1,
        "min_speed": 33,
        "max_speed": 33
      }
    },
    {
      "h3_index": "89674135b23ffff",
      "type": "Feature",
      "geometry": {
        "type": "Polygon",
        "coordinates": [
          [
            [
              -66.84328131000875,
              10.557803516168127
            ],
            [
              -66.84424034407698,
              10.556519979317681
            ],
            [
              -66.84346948076757,
              10.554949712212325
            ],
            [
              -66.84173959451643,
              10.554663015389846
            ],
            [
              -66.84078059182883,
              10.555946568570711
            ],
            [
              -66.84155144401105,
              10.557516802243958
            ],
            [
              -66.84328131000875,
              10.557803516168127
            ]
          ]
        ]
      },
      "properties": {
        "point_count": 1,
        "density_level": "LOW",
        "avg_speed": 40,
        "unique_vehicles": 1,
        "min_speed": 40,
        "max_speed": 40
      }
    },
    {
      "h3_index": "89674120ed3ffff",
      "type": "Feature",
      "geometry": {
        "type": "Polygon",
        "coordinates": [
          [
            [
              -66.94557156990876,
              10.558864679492299
            ],
            [
              -66.94653212997571,
              10.557580134286821
            ],
            [
              -66.94576094849782,
              10.55600924787414
            ],
            [
              -66.94402921795843,
              10.555722940029025
            ],
            [
              -66.94306868917228,
              10.557007501605344
            ],
            [
              -66.943839859644,
              10.558578354656275
            ],
            [
              -66.94557156990876,
              10.558864679492299
            ]
          ]
        ]
      },
      "properties": {
        "point_count": 1,
        "density_level": "LOW",
        "avg_speed": 1,
        "unique_vehicles": 1,
        "min_speed": 1,
        "max_speed": 1
      }
    },
    {
      "h3_index": "8967412c2cfffff",
      "type": "Feature",
      "geometry": {
        "type": "Polygon",
        "coordinates": [
          [
            [
              -66.990299573766,
              10.439113213273428
            ],
            [
              -66.99126119320647,
              10.437825541759986
            ],
            [
              -66.99048955828476,
              10.43625238387146
            ],
            [
              -66.98875631488396,
              10.435966930873674
            ],
            [
              -66.98779472670596,
              10.437254618710345
            ],
            [
              -66.98856635066558,
              10.438827743221902
            ],
            [
              -66.990299573766,
              10.439113213273428
            ]
          ]
        ]
      },
      "properties": {
        "point_count": 1,
        "density_level": "LOW",
        "avg_speed": 76,
        "unique_vehicles": 1,
        "min_speed": 76,
        "max_speed": 76
      }
    },
    {
      "h3_index": "8967412e99bffff",
      "type": "Feature",
      "geometry": {
        "type": "Polygon",
        "coordinates": [
          [
            [
              -66.89311174792036,
              10.438989381698264
            ],
            [
              -66.89407191645236,
              10.437702684586693
            ],
            [
              -66.89330058385674,
              10.436130130662132
            ],
            [
              -66.89156909380571,
              10.435844307293333
            ],
            [
              -66.89060895663133,
              10.437131020689836
            ],
            [
              -66.89138027814963,
              10.438703541170554
            ],
            [
              -66.89311174792036,
              10.438989381698264
            ]
          ]
        ]
      },
      "properties": {
        "point_count": 1,
        "density_level": "LOW",
        "avg_speed": 76,
        "unique_vehicles": 1,
        "min_speed": 76,
        "max_speed": 76
      }
    },
    {
      "h3_index": "89674c5a213ffff",
      "type": "Feature",
      "geometry": {
        "type": "Polygon",
        "coordinates": [
          [
            [
              -66.8409374610155,
              10.394240952646118
            ],
            [
              -66.84189699477693,
              10.392953782562008
            ],
            [
              -66.84112570900366,
              10.39138081569475
            ],
            [
              -66.83939490061067,
              10.391095052408494
            ],
            [
              -66.83843539826717,
              10.39238223873228
            ],
            [
              -66.83920667289803,
              10.393955172102983
            ],
            [
              -66.8409374610155,
              10.394240952646118
            ]
          ]
        ]
      },
      "properties": {
        "point_count": 1,
        "density_level": "LOW",
        "avg_speed": 66,
        "unique_vehicles": 1,
        "min_speed": 66,
        "max_speed": 66
      }
    },
    {
      "h3_index": "89674120353ffff",
      "type": "Feature",
      "geometry": {
        "type": "Polygon",
        "coordinates": [
          [
            [
              -66.96616477949135,
              10.565155701868772
            ],
            [
              -66.96712562624744,
              10.563871090154723
            ],
            [
              -66.96635439731446,
              10.562300181249423
            ],
            [
              -66.964622332606,
              10.562013917403661
            ],
            [
              -66.96366151710922,
              10.563298545499974
            ],
            [
              -66.96443273506088,
              10.564869421060118
            ],
            [
              -66.96616477949135,
              10.565155701868772
            ]
          ]
        ]
      },
      "properties": {
        "point_count": 1,
        "density_level": "LOW",
        "avg_speed": 52,
        "unique_vehicles": 1,
        "min_speed": 52,
        "max_speed": 52
      }
    },
    {
      "h3_index": "89674124ab3ffff",
      "type": "Feature",
      "geometry": {
        "type": "Polygon",
        "coordinates": [
          [
            [
              -66.81159646452785,
              10.441412012050414
            ],
            [
              -66.81255540430841,
              10.440126191146135
            ],
            [
              -66.81178433549593,
              10.438554189401993
            ],
            [
              -66.81005433807559,
              10.43826804206114
            ],
            [
              -66.80909542973127,
              10.439553879219652
            ],
            [
              -66.80986648737033,
              10.441125847465127
            ],
            [
              -66.81159646452785,
              10.441412012050414
            ]
          ]
        ]
      },
      "properties": {
        "point_count": 1,
        "density_level": "LOW",
        "avg_speed": 71,
        "unique_vehicles": 1,
        "min_speed": 71,
        "max_speed": 71
      }
    },
    {
      "h3_index": "8967412667bffff",
      "type": "Feature",
      "geometry": {
        "type": "Polygon",
        "coordinates": [
          [
            [
              -66.83615544325824,
              10.546524718304825
            ],
            [
              -66.83711440748266,
              10.54524100079378
            ],
            [
              -66.83634353706536,
              10.543670590352212
            ],
            [
              -66.83461371355942,
              10.543383930863367
            ],
            [
              -66.83365478072496,
              10.544667664695922
            ],
            [
              -66.83442564000578,
              10.546238041696133
            ],
            [
              -66.83615544325824,
              10.546524718304825
            ]
          ]
        ]
      },
      "properties": {
        "point_count": 1,
        "density_level": "LOW",
        "avg_speed": 62,
        "unique_vehicles": 1,
        "min_speed": 62,
        "max_speed": 62
      }
    },
    {
      "h3_index": "89674121a17ffff",
      "type": "Feature",
      "geometry": {
        "type": "Polygon",
        "coordinates": [
          [
            [
              -66.9948082680306,
              10.52945801453579
            ],
            [
              -66.99576965881462,
              10.528172315861312
            ],
            [
              -66.99499824737057,
              10.526600633757765
            ],
            [
              -66.9932654560918,
              10.52631468366832
            ],
            [
              -66.99230409654659,
              10.527600398716936
            ],
            [
              -66.99307549704064,
              10.529172047481191
            ],
            [
              -66.9948082680306,
              10.52945801453579
            ]
          ]
        ]
      },
      "properties": {
        "point_count": 1,
        "density_level": "LOW",
        "avg_speed": 34,
        "unique_vehicles": 1,
        "min_speed": 34,
        "max_speed": 34
      }
    },
    {
      "h3_index": "89674126003ffff",
      "type": "Feature",
      "geometry": {
        "type": "Polygon",
        "coordinates": [
          [
            [
              -66.8130873384531,
              10.538373273952788
            ],
            [
              -66.81404598361866,
              10.537089607096341
            ],
            [
              -66.81327516493712,
              10.535519205529951
            ],
            [
              -66.81154571225362,
              10.535232504280597
            ],
            [
              -66.81058709850208,
              10.53651618744511
            ],
            [
              -66.81135790601932,
              10.538086555551248
            ],
            [
              -66.8130873384531,
              10.538373273952788
            ]
          ]
        ]
      },
      "properties": {
        "point_count": 1,
        "density_level": "LOW",
        "avg_speed": 119,
        "unique_vehicles": 1,
        "min_speed": 119,
        "max_speed": 119
      }
    },
    {
      "h3_index": "8967412f087ffff",
      "type": "Feature",
      "geometry": {
        "type": "Polygon",
        "coordinates": [
          [
            [
              -66.99458377821507,
              10.49330388160528
            ],
            [
              -66.99554528407596,
              10.49201737699819
            ],
            [
              -66.99477377830371,
              10.49044509364534
            ],
            [
              -66.99304077762281,
              10.49015934825327
            ],
            [
              -66.99207930300865,
              10.491445869214807
            ],
            [
              -66.99285079782796,
              10.493018119214296
            ],
            [
              -66.99458377821507,
              10.49330388160528
            ]
          ]
        ]
      },
      "properties": {
        "point_count": 2,
        "density_level": "LOW",
        "avg_speed": 114.5,
        "unique_vehicles": 2,
        "min_speed": 109,
        "max_speed": 120
      }
    },
    {
      "h3_index": "8967412c873ffff",
      "type": "Feature",
      "geometry": {
        "type": "Polygon",
        "coordinates": [
          [
            [
              -66.93558021949181,
              10.392497698029187
            ],
            [
              -66.93654117487709,
              10.391209536470301
            ],
            [
              -66.93576958733476,
              10.389635946823335
            ],
            [
              -66.93403705543693,
              10.389350552167873
            ],
            [
              -66.93307613137769,
              10.390638730002802
            ],
            [
              -66.93384770788953,
              10.392212286217486
            ],
            [
              -66.93558021949181,
              10.392497698029187
            ]
          ]
        ]
      },
      "properties": {
        "point_count": 1,
        "density_level": "LOW",
        "avg_speed": 100,
        "unique_vehicles": 1,
        "min_speed": 100,
        "max_speed": 100
      }
    },
    {
      "h3_index": "896741255a3ffff",
      "type": "Feature",
      "geometry": {
        "type": "Polygon",
        "coordinates": [
          [
            [
              -66.86299614468948,
              10.497570181747594
            ],
            [
              -66.86395567099115,
              10.496285097352507
            ],
            [
              -66.86318458706877,
              10.494713704351353
            ],
            [
              -66.86145398795252,
              10.494427429187633
            ],
            [
              -66.86049449302524,
              10.495712529887967
            ],
            [
              -66.86126556583913,
              10.497283889447116
            ],
            [
              -66.86299614468948,
              10.497570181747594
            ]
          ]
        ]
      },
      "properties": {
        "point_count": 1,
        "density_level": "LOW",
        "avg_speed": 96,
        "unique_vehicles": 1,
        "min_speed": 96,
        "max_speed": 96
      }
    },
    {
      "h3_index": "89674c5b013ffff",
      "type": "Feature",
      "geometry": {
        "type": "Polygon",
        "coordinates": [
          [
            [
              -66.87729087428174,
              10.400241211969552
            ],
            [
              -66.87825093281694,
              10.39895380944593
            ],
            [
              -66.87747954813094,
              10.397380713116682
            ],
            [
              -66.875748116008,
              10.397095052780791
            ],
            [
              -66.87478808885413,
              10.39838247156175
            ],
            [
              -66.87555946244115,
              10.399955534421606
            ],
            [
              -66.87729087428174,
              10.400241211969552
            ]
          ]
        ]
      },
      "properties": {
        "point_count": 1,
        "density_level": "LOW",
        "avg_speed": 34,
        "unique_vehicles": 1,
        "min_speed": 34,
        "max_speed": 34
      }
    },
    {
      "h3_index": "89674127457ffff",
      "type": "Feature",
      "geometry": {
        "type": "Polygon",
        "coordinates": [
          [
            [
              -66.87211114250752,
              10.558252398310243
            ],
            [
              -66.87307060669609,
              10.556968580259593
            ],
            [
              -66.87229965358789,
              10.555398140549507
            ],
            [
              -66.87056924738354,
              10.555111552302632
            ],
            [
              -66.8696098145475,
              10.556395386695163
            ],
            [
              -66.87038075656258,
              10.557965792992999
            ],
            [
              -66.87211114250752,
              10.558252398310243
            ]
          ]
        ]
      },
      "properties": {
        "point_count": 1,
        "density_level": "LOW",
        "avg_speed": 7,
        "unique_vehicles": 1,
        "min_speed": 7,
        "max_speed": 7
      }
    },
    {
      "h3_index": "896741272b7ffff",
      "type": "Feature",
      "geometry": {
        "type": "Polygon",
        "coordinates": [
          [
            [
              -66.87649808503964,
              10.531561977990785
            ],
            [
              -66.87745770220577,
              10.530277517955081
            ],
            [
              -66.87668666511331,
              10.528706606066773
            ],
            [
              -66.87495602194397,
              10.528420187634126
            ],
            [
              -66.87399643613186,
              10.529704663998912
            ],
            [
              -66.87476746213434,
              10.531275542467592
            ],
            [
              -66.87649808503964,
              10.531561977990785
            ]
          ]
        ]
      },
      "properties": {
        "point_count": 2,
        "density_level": "LOW",
        "avg_speed": 39.5,
        "unique_vehicles": 2,
        "min_speed": 9,
        "max_speed": 70
      }
    },
    {
      "h3_index": "89674120d0bffff",
      "type": "Feature",
      "geometry": {
        "type": "Polygon",
        "coordinates": [
          [
            [
              -66.90727648748823,
              10.542427972664616
            ],
            [
              -66.90823652936085,
              10.541143445399053
            ],
            [
              -66.90746542422573,
              10.539572522678288
            ],
            [
              -66.90573428827004,
              10.53928616061779
            ],
            [
              -66.90477427771913,
              10.540570704230348
            ],
            [
              -66.9055453718015,
              10.542141593556748
            ],
            [
              -66.90727648748823,
              10.542427972664616
            ]
          ]
        ]
      },
      "properties": {
        "point_count": 1,
        "density_level": "LOW",
        "avg_speed": 29,
        "unique_vehicles": 1,
        "min_speed": 29,
        "max_speed": 29
      }
    },
    {
      "h3_index": "89674120bb3ffff",
      "type": "Feature",
      "geometry": {
        "type": "Polygon",
        "coordinates": [
          [
            [
              -66.91667374185923,
              10.519440986599616
            ],
            [
              -66.91763399941097,
              10.518155850180722
            ],
            [
              -66.91686280444154,
              10.516584485919353
            ],
            [
              -66.91513136296301,
              10.51629829147402
            ],
            [
              -66.9141711367287,
              10.517583444231082
            ],
            [
              -66.91494232065477,
              10.519154775095641
            ],
            [
              -66.91667374185923,
              10.519440986599616
            ]
          ]
        ]
      },
      "properties": {
        "point_count": 1,
        "density_level": "LOW",
        "avg_speed": 99,
        "unique_vehicles": 1,
        "min_speed": 99,
        "max_speed": 99
      }
    },
    {
      "h3_index": "89674c5b203ffff",
      "type": "Feature",
      "geometry": {
        "type": "Polygon",
        "coordinates": [
          [
            [
              -66.89632251258287,
              10.390366572170954
            ],
            [
              -66.89728288814275,
              10.389078757850458
            ],
            [
              -66.89651141774377,
              10.387505378778311
            ],
            [
              -66.89477958286137,
              10.387219847487062
            ],
            [
              -66.89381923866635,
              10.388507678066933
            ],
            [
              -66.89459069798815,
              10.390081023679013
            ],
            [
              -66.89632251258287,
              10.390366572170954
            ]
          ]
        ]
      },
      "properties": {
        "point_count": 1,
        "density_level": "LOW",
        "avg_speed": 43,
        "unique_vehicles": 1,
        "min_speed": 43,
        "max_speed": 43
      }
    },
    {
      "h3_index": "89674135927ffff",
      "type": "Feature",
      "geometry": {
        "type": "Polygon",
        "coordinates": [
          [
            [
              -66.82196111925812,
              10.562922726344997
            ],
            [
              -66.82291981715325,
              10.561639519795493
            ],
            [
              -66.82214903484868,
              10.560069471455138
            ],
            [
              -66.82041956580022,
              10.559782663109274
            ],
            [
              -66.81946089930527,
              10.561065885983698
            ],
            [
              -66.82023167045789,
              10.56263590087941
            ],
            [
              -66.82196111925812,
              10.562922726344997
            ]
          ]
        ]
      },
      "properties": {
        "point_count": 1,
        "density_level": "LOW",
        "avg_speed": 91,
        "unique_vehicles": 1,
        "min_speed": 91,
        "max_speed": 91
      }
    },
    {
      "h3_index": "89674125d53ffff",
      "type": "Feature",
      "geometry": {
        "type": "Polygon",
        "coordinates": [
          [
            [
              -66.84486631580356,
              10.45413613388666
            ],
            [
              -66.8458257126494,
              10.452850261429505
            ],
            [
              -66.84505457181584,
              10.451278261157041
            ],
            [
              -66.84332404526891,
              10.450992166813165
            ],
            [
              -66.84236467982437,
              10.452278055544634
            ],
            [
              -66.84313580952474,
              10.453850022346003
            ],
            [
              -66.84486631580356,
              10.45413613388666
            ]
          ]
        ]
      },
      "properties": {
        "point_count": 1,
        "density_level": "LOW",
        "avg_speed": 21,
        "unique_vehicles": 1,
        "min_speed": 21,
        "max_speed": 21
      }
    },
    {
      "h3_index": "89674121d4fffff",
      "type": "Feature",
      "geometry": {
        "type": "Polygon",
        "coordinates": [
          [
            [
              -66.96787148701162,
              10.539451886868369
            ],
            [
              -66.96883244341839,
              10.53816668264767
            ],
            [
              -66.96806114161471,
              10.53659533400313
            ],
            [
              -66.96632889438474,
              10.536309222933573
            ],
            [
              -66.96536796924107,
              10.537594443523302
            ],
            [
              -66.96613926006356,
              10.539165758813892
            ],
            [
              -66.96787148701162,
              10.539451886868369
            ]
          ]
        ]
      },
      "properties": {
        "point_count": 1,
        "density_level": "LOW",
        "avg_speed": 39,
        "unique_vehicles": 1,
        "min_speed": 39,
        "max_speed": 39
      }
    },
    {
      "h3_index": "8967413592fffff",
      "type": "Feature",
      "geometry": {
        "type": "Polygon",
        "coordinates": [
          [
            [
              -66.82464932065156,
              10.561926329180626
            ],
            [
              -66.82560806209351,
              10.560643073107954
            ],
            [
              -66.82483726864007,
              10.559072991324411
            ],
            [
              -66.82310774489284,
              10.558786199057062
            ],
            [
              -66.82214903484868,
              10.560069471455138
            ],
            [
              -66.82291981715325,
              10.561639519795493
            ],
            [
              -66.82464932065156,
              10.561926329180626
            ]
          ]
        ]
      },
      "properties": {
        "point_count": 1,
        "density_level": "LOW",
        "avg_speed": 110,
        "unique_vehicles": 1,
        "min_speed": 110,
        "max_speed": 110
      }
    },
    {
      "h3_index": "8967412f597ffff",
      "type": "Feature",
      "geometry": {
        "type": "Polygon",
        "coordinates": [
          [
            [
              -66.9755349647963,
              10.503165449388996
            ],
            [
              -66.97649615434554,
              10.501879356592267
            ],
            [
              -66.97572473340885,
              10.500307355521958
            ],
            [
              -66.97399213389704,
              10.500021480611382
            ],
            [
              -66.97303097561112,
              10.501307589760454
            ],
            [
              -66.97380238557297,
              10.502879557468084
            ],
            [
              -66.9755349647963,
              10.503165449388996
            ]
          ]
        ]
      },
      "properties": {
        "point_count": 1,
        "density_level": "LOW",
        "avg_speed": 72,
        "unique_vehicles": 1,
        "min_speed": 72,
        "max_speed": 72
      }
    },
    {
      "h3_index": "8967412eb6fffff",
      "type": "Feature",
      "geometry": {
        "type": "Polygon",
        "coordinates": [
          [
            [
              -66.91578267352543,
              10.413819368765994
            ],
            [
              -66.9167432633515,
              10.412531881730636
            ],
            [
              -66.91597179361831,
              10.410958768869339
            ],
            [
              -66.91423974511069,
              10.410673176481582
            ],
            [
              -66.91327918662546,
              10.41196067979694
            ],
            [
              -66.91405064530629,
              10.413533759220398
            ],
            [
              -66.91578267352543,
              10.413819368765994
            ]
          ]
        ]
      },
      "properties": {
        "point_count": 1,
        "density_level": "LOW",
        "avg_speed": 68,
        "unique_vehicles": 1,
        "min_speed": 68,
        "max_speed": 68
      }
    },
    {
      "h3_index": "896741208bbffff",
      "type": "Feature",
      "geometry": {
        "type": "Polygon",
        "coordinates": [
          [
            [
              -66.91804192402907,
              10.538434922287736
            ],
            [
              -66.91900213985087,
              10.537150197112023
            ],
            [
              -66.91823099053583,
              10.535579140828355
            ],
            [
              -66.91649963643856,
              10.535292843109291
            ],
            [
              -66.9155394519288,
              10.536577584634031
            ],
            [
              -66.91631059020354,
              10.538148607529157
            ],
            [
              -66.91804192402907,
              10.538434922287736
            ]
          ]
        ]
      },
      "properties": {
        "point_count": 1,
        "density_level": "LOW",
        "avg_speed": 20,
        "unique_vehicles": 1,
        "min_speed": 20,
        "max_speed": 20
      }
    },
    {
      "h3_index": "8967412eb07ffff",
      "type": "Feature",
      "geometry": {
        "type": "Polygon",
        "coordinates": [
          [
            [
              -66.910019524508,
              10.421543484885849
            ],
            [
              -66.91098000292291,
              10.420256228165975
            ],
            [
              -66.91020857150856,
              10.418683279304368
            ],
            [
              -66.90847667273721,
              10.41839762060185
            ],
            [
              -66.90751622566715,
              10.419684893603696
            ],
            [
              -66.90828764602287,
              10.421257809026427
            ],
            [
              -66.910019524508,
              10.421543484885849
            ]
          ]
        ]
      },
      "properties": {
        "point_count": 1,
        "density_level": "LOW",
        "avg_speed": 47,
        "unique_vehicles": 1,
        "min_speed": 47,
        "max_speed": 47
      }
    },
    {
      "h3_index": "8967412c87bffff",
      "type": "Feature",
      "geometry": {
        "type": "Polygon",
        "coordinates": [
          [
            [
              -66.9382737410224,
              10.3914949322937
            ],
            [
              -66.93923473992088,
              10.390206721316197
            ],
            [
              -66.93846314135114,
              10.388633098238413
            ],
            [
              -66.93673055490962,
              10.388347719569268
            ],
            [
              -66.93576958733476,
              10.389635946823335
            ],
            [
              -66.93654117487709,
              10.391209536470301
            ],
            [
              -66.9382737410224,
              10.3914949322937
            ]
          ]
        ]
      },
      "properties": {
        "point_count": 1,
        "density_level": "LOW",
        "avg_speed": 20,
        "unique_vehicles": 1,
        "min_speed": 20,
        "max_speed": 20
      }
    },
    {
      "h3_index": "89674135a37ffff",
      "type": "Feature",
      "geometry": {
        "type": "Polygon",
        "coordinates": [
          [
            [
              -66.85809806806535,
              10.571798400262946
            ],
            [
              -66.85905727820136,
              10.570515027291263
            ],
            [
              -66.85828640488529,
              10.568944900983395
            ],
            [
              -66.85655633254113,
              10.568658181064091
            ],
            [
              -66.85559715376837,
              10.569941570379559
            ],
            [
              -66.8563680159758,
              10.571511663270877
            ],
            [
              -66.85809806806535,
              10.571798400262946
            ]
          ]
        ]
      },
      "properties": {
        "point_count": 1,
        "density_level": "LOW",
        "avg_speed": 74,
        "unique_vehicles": 1,
        "min_speed": 74,
        "max_speed": 74
      }
    },
    {
      "h3_index": "896741202cbffff",
      "type": "Feature",
      "geometry": {
        "type": "Polygon",
        "coordinates": [
          [
            [
              -66.98349884007379,
              10.58101056620098
            ],
            [
              -66.98445989338022,
              10.579726135074779
            ],
            [
              -66.98368865242841,
              10.578155384062253
            ],
            [
              -66.981956369129,
              10.57786909750334
            ],
            [
              -66.9809953470615,
              10.579153545027111
            ],
            [
              -66.98176657705376,
              10.580724262712545
            ],
            [
              -66.98349884007379,
              10.58101056620098
            ]
          ]
        ]
      },
      "properties": {
        "point_count": 1,
        "density_level": "LOW",
        "avg_speed": 78,
        "unique_vehicles": 1,
        "min_speed": 78,
        "max_speed": 78
      }
    },
    {
      "h3_index": "8967412d59bffff",
      "type": "Feature",
      "geometry": {
        "type": "Polygon",
        "coordinates": [
          [
            [
              -67.00225400856121,
              10.456987298057431
            ],
            [
              -67.00321574767153,
              10.45569990542708
            ],
            [
              -67.00244412280026,
              10.454126970316183
            ],
            [
              -67.00071076976448,
              10.453841461197918
            ],
            [
              -66.99974906190106,
              10.455128870165966
            ],
            [
              -67.0005206758258,
              10.45670177191491
            ],
            [
              -67.00225400856121,
              10.456987298057431
            ]
          ]
        ]
      },
      "properties": {
        "point_count": 1,
        "density_level": "LOW",
        "avg_speed": 74,
        "unique_vehicles": 1,
        "min_speed": 74,
        "max_speed": 74
      }
    },
    {
      "h3_index": "8967412c5b7ffff",
      "type": "Feature",
      "geometry": {
        "type": "Polygon",
        "coordinates": [
          [
            [
              -66.93699021478128,
              10.45056595508124
            ],
            [
              -66.9379510012458,
              10.449279074826503
            ],
            [
              -66.93717956185056,
              10.447706438796299
            ],
            [
              -66.93544734701455,
              10.447420716430457
            ],
            [
              -66.93448659186231,
              10.448707612993715
            ],
            [
              -66.93525802023308,
              10.450280215614612
            ],
            [
              -66.93699021478128,
              10.45056595508124
            ]
          ]
        ]
      },
      "properties": {
        "point_count": 1,
        "density_level": "LOW",
        "avg_speed": 100,
        "unique_vehicles": 1,
        "min_speed": 100,
        "max_speed": 100
      }
    },
    {
      "h3_index": "89674120b2bffff",
      "type": "Feature",
      "geometry": {
        "type": "Polygon",
        "coordinates": [
          [
            [
              -66.92262470113005,
              10.50887269621233
            ],
            [
              -66.9235850821885,
              10.507587263450478
            ],
            [
              -66.9228138408417,
              10.506015686168052
            ],
            [
              -66.92108222947286,
              10.505729575044642
            ],
            [
              -66.92012187972833,
              10.507015024141232
            ],
            [
              -66.92089311003801,
              10.508586568026823
            ],
            [
              -66.92262470113005,
              10.50887269621233
            ]
          ]
        ]
      },
      "properties": {
        "point_count": 1,
        "density_level": "LOW",
        "avg_speed": 111,
        "unique_vehicles": 1,
        "min_speed": 111,
        "max_speed": 111
      }
    },
    {
      "h3_index": "896741273c3ffff",
      "type": "Feature",
      "geometry": {
        "type": "Polygon",
        "coordinates": [
          [
            [
              -66.87437354361447,
              10.523993742339906
            ],
            [
              -66.87533315375467,
              10.522709134341788
            ],
            [
              -66.87456210345132,
              10.521138109708776
            ],
            [
              -66.87283145410011,
              10.520851726498243
            ],
            [
              -66.87187187531758,
              10.52213635082048
            ],
            [
              -66.87264291452787,
              10.523707342029482
            ],
            [
              -66.87437354361447,
              10.523993742339906
            ]
          ]
        ]
      },
      "properties": {
        "point_count": 1,
        "density_level": "LOW",
        "avg_speed": 110,
        "unique_vehicles": 1,
        "min_speed": 110,
        "max_speed": 110
      }
    },
    {
      "h3_index": "89674135bc3ffff",
      "type": "Feature",
      "geometry": {
        "type": "Polygon",
        "coordinates": [
          [
            [
              -66.85290800080416,
              10.570938174169587
            ],
            [
              -66.85386713605524,
              10.56965483436643
            ],
            [
              -66.85309627686125,
              10.568084726114655
            ],
            [
              -66.85136629353029,
              10.567797991086792
            ],
            [
              -66.85040718964768,
              10.569081347231256
            ],
            [
              -66.85117803772684,
              10.57065142206262
            ],
            [
              -66.85290800080416,
              10.570938174169587
            ]
          ]
        ]
      },
      "properties": {
        "point_count": 2,
        "density_level": "LOW",
        "avg_speed": 40,
        "unique_vehicles": 2,
        "min_speed": 26,
        "max_speed": 54
      }
    },
    {
      "h3_index": "8967412ec07ffff",
      "type": "Feature",
      "geometry": {
        "type": "Polygon",
        "coordinates": [
          [
            [
              -66.90737329438917,
              10.461574358812314
            ],
            [
              -66.90833360229635,
              10.460288022466639
            ],
            [
              -66.90756228434174,
              10.458715754019579
            ],
            [
              -66.90583066953793,
              10.458429855343978
            ],
            [
              -66.90487039296963,
              10.459716207992583
            ],
            [
              -66.90564169986551,
              10.4612884430142
            ],
            [
              -66.90737329438917,
              10.461574358812314
            ]
          ]
        ]
      },
      "properties": {
        "point_count": 1,
        "density_level": "LOW",
        "avg_speed": 30,
        "unique_vehicles": 1,
        "min_speed": 30,
        "max_speed": 30
      }
    },
    {
      "h3_index": "8967412cc3bffff",
      "type": "Feature",
      "geometry": {
        "type": "Polygon",
        "coordinates": [
          [
            [
              -66.9290577390665,
              10.411670146951273
            ],
            [
              -66.93001853429728,
              10.410382478470943
            ],
            [
              -66.92924701745443,
              10.408809247007945
            ],
            [
              -66.9275147164169,
              10.408523717455136
            ],
            [
              -66.92655395251447,
              10.409811402219495
            ],
            [
              -66.92732545832051,
              10.411384600252962
            ],
            [
              -66.9290577390665,
              10.411670146951273
            ]
          ]
        ]
      },
      "properties": {
        "point_count": 1,
        "density_level": "LOW",
        "avg_speed": 86,
        "unique_vehicles": 1,
        "min_speed": 86,
        "max_speed": 86
      }
    },
    {
      "h3_index": "8967412742fffff",
      "type": "Feature",
      "geometry": {
        "type": "Polygon",
        "coordinates": [
          [
            [
              -66.86229445243396,
              10.54796988117829
            ],
            [
              -66.86325380335474,
              10.546685931935462
            ],
            [
              -66.86248285414227,
              10.545115382098816
            ],
            [
              -66.86075256511378,
              10.544828814928298
            ],
            [
              -66.85979324555728,
              10.546112780503607
            ],
            [
              -66.86056418366425,
              10.547683296917285
            ],
            [
              -66.86229445243396,
              10.54796988117829
            ]
          ]
        ]
      },
      "properties": {
        "point_count": 2,
        "density_level": "LOW",
        "avg_speed": 100.5,
        "unique_vehicles": 2,
        "min_speed": 94,
        "max_speed": 107
      }
    },
    {
      "h3_index": "89674121e6fffff",
      "type": "Feature",
      "geometry": {
        "type": "Polygon",
        "coordinates": [
          [
            [
              -66.9994366618744,
              10.538887492144
            ],
            [
              -67.0003980907429,
              10.537601957860483
            ],
            [
              -66.99962668979622,
              10.536030404520035
            ],
            [
              -66.9978938709241,
              10.535744418795893
            ],
            [
              -66.99693247328781,
              10.537029969460471
            ],
            [
              -66.99770386329074,
              10.538601489468443
            ],
            [
              -66.9994366618744,
              10.538887492144
            ]
          ]
        ]
      },
      "properties": {
        "point_count": 1,
        "density_level": "LOW",
        "avg_speed": 89,
        "unique_vehicles": 1,
        "min_speed": 89,
        "max_speed": 89
      }
    },
    {
      "h3_index": "8967412c8cbffff",
      "type": "Feature",
      "geometry": {
        "type": "Polygon",
        "coordinates": [
          [
            [
              -66.94020967018382,
              10.401938626283398
            ],
            [
              -66.94117066383271,
              10.400650628686623
            ],
            [
              -66.94039908666272,
              10.399077166386672
            ],
            [
              -66.93866652686744,
              10.398791735109388
            ],
            [
              -66.93770556453806,
              10.400079748989251
            ],
            [
              -66.93847713068374,
              10.401653177863652
            ],
            [
              -66.94020967018382,
              10.401938626283398
            ]
          ]
        ]
      },
      "properties": {
        "point_count": 1,
        "density_level": "LOW",
        "avg_speed": 111,
        "unique_vehicles": 1,
        "min_speed": 111,
        "max_speed": 111
      }
    },
    {
      "h3_index": "89674125a53ffff",
      "type": "Feature",
      "geometry": {
        "type": "Polygon",
        "coordinates": [
          [
            [
              -66.88253466387124,
              10.44013329798253
            ],
            [
              -66.88349467043504,
              10.438846732955327
            ],
            [
              -66.88272337406245,
              10.437274264240838
            ],
            [
              -66.88099208221513,
              10.43698839400455
            ],
            [
              -66.880032107019,
              10.43827497531315
            ],
            [
              -66.88080339230183,
              10.439847410576979
            ],
            [
              -66.88253466387124,
              10.44013329798253
            ]
          ]
        ]
      },
      "properties": {
        "point_count": 1,
        "density_level": "LOW",
        "avg_speed": 65,
        "unique_vehicles": 1,
        "min_speed": 65,
        "max_speed": 65
      }
    },
    {
      "h3_index": "896741266cbffff",
      "type": "Feature",
      "geometry": {
        "type": "Polygon",
        "coordinates": [
          [
            [
              -66.83809180109148,
              10.556943359334406
            ],
            [
              -66.83905076024234,
              10.555659855667914
            ],
            [
              -66.83827991109099,
              10.554089606690034
            ],
            [
              -66.83655011392146,
              10.55380289481497
            ],
            [
              -66.83559118615646,
              10.555086414809377
            ],
            [
              -66.8363620241744,
              10.556656630351295
            ],
            [
              -66.83809180109148,
              10.556943359334406
            ]
          ]
        ]
      },
      "properties": {
        "point_count": 1,
        "density_level": "LOW",
        "avg_speed": 22,
        "unique_vehicles": 1,
        "min_speed": 22,
        "max_speed": 22
      }
    },
    {
      "h3_index": "8967412cc63ffff",
      "type": "Feature",
      "geometry": {
        "type": "Polygon",
        "coordinates": [
          [
            [
              -66.93444409817309,
              10.409665805958358
            ],
            [
              -66.93540498042694,
              10.40837803862377
            ],
            [
              -66.93463344151982,
              10.40680474030611
            ],
            [
              -66.93290103138874,
              10.406519242749965
            ],
            [
              -66.93194018045841,
              10.407807026369602
            ],
            [
              -66.93271170833493,
              10.409380291260677
            ],
            [
              -66.93444409817309,
              10.409665805958358
            ]
          ]
        ]
      },
      "properties": {
        "point_count": 1,
        "density_level": "LOW",
        "avg_speed": 14,
        "unique_vehicles": 1,
        "min_speed": 14,
        "max_speed": 14
      }
    },
    {
      "h3_index": "8967412f007ffff",
      "type": "Feature",
      "geometry": {
        "type": "Polygon",
        "coordinates": [
          [
            [
              -66.9976583881063,
              10.48658526728057
            ],
            [
              -66.99861996179754,
              10.485298581691984
            ],
            [
              -66.99784842887657,
              10.483726167430369
            ],
            [
              -66.99611533321342,
              10.483440472111484
            ],
            [
              -66.9951537907673,
              10.484727174052072
            ],
            [
              -66.99592531273849,
              10.486299554959869
            ],
            [
              -66.9976583881063,
              10.48658526728057
            ]
          ]
        ]
      },
      "properties": {
        "point_count": 1,
        "density_level": "LOW",
        "avg_speed": 31,
        "unique_vehicles": 1,
        "min_speed": 31,
        "max_speed": 31
      }
    },
    {
      "h3_index": "8967412cc23ffff",
      "type": "Feature",
      "geometry": {
        "type": "Polygon",
        "coordinates": [
          [
            [
              -66.92655395251447,
              10.409811402219495
            ],
            [
              -66.9275147164169,
              10.408523717455136
            ],
            [
              -66.92674320250534,
              10.406950470857172
            ],
            [
              -66.92501093573054,
              10.406664942455869
            ],
            [
              -66.92405020315933,
              10.407952643502261
            ],
            [
              -66.92482170603095,
              10.409525856668271
            ],
            [
              -66.92655395251447,
              10.409811402219495
            ]
          ]
        ]
      },
      "properties": {
        "point_count": 2,
        "density_level": "LOW",
        "avg_speed": 61,
        "unique_vehicles": 2,
        "min_speed": 59,
        "max_speed": 63
      }
    },
    {
      "h3_index": "89674125d67ffff",
      "type": "Feature",
      "geometry": {
        "type": "Polygon",
        "coordinates": [
          [
            [
              -66.83773786610715,
              10.442845809366167
            ],
            [
              -66.83869719306516,
              10.44155975659578
            ],
            [
              -66.83792604511324,
              10.439987614026869
            ],
            [
              -66.83619558134511,
              10.439701557708933
            ],
            [
              -66.83523628579773,
              10.44098762674461
            ],
            [
              -66.83600742260715,
              10.442559735833255
            ],
            [
              -66.83773786610715,
              10.442845809366167
            ]
          ]
        ]
      },
      "properties": {
        "point_count": 1,
        "density_level": "LOW",
        "avg_speed": 23,
        "unique_vehicles": 1,
        "min_speed": 23,
        "max_speed": 23
      }
    },
    {
      "h3_index": "8967412598bffff",
      "type": "Feature",
      "geometry": {
        "type": "Polygon",
        "coordinates": [
          [
            [
              -66.83811422817608,
              10.437129304415242
            ],
            [
              -66.8390735794597,
              10.435843120158548
            ],
            [
              -66.83830241529581,
              10.43427088053875
            ],
            [
              -66.8365719109901,
              10.433984858658153
            ],
            [
              -66.83561259111798,
              10.435271059177126
            ],
            [
              -66.8363837441394,
              10.436843265314735
            ],
            [
              -66.83811422817608,
              10.437129304415242
            ]
          ]
        ]
      },
      "properties": {
        "point_count": 1,
        "density_level": "LOW",
        "avg_speed": 37,
        "unique_vehicles": 1,
        "min_speed": 37,
        "max_speed": 37
      }
    },
    {
      "h3_index": "89674120ccbffff",
      "type": "Feature",
      "geometry": {
        "type": "Polygon",
        "coordinates": [
          [
            [
              -66.92960886159585,
              10.56199778658
            ],
            [
              -66.930569173062,
              10.560713472369676
            ],
            [
              -66.92979804957085,
              10.559142737307997
            ],
            [
              -66.92806662563773,
              10.558856349828442
            ],
            [
              -66.9271063454673,
              10.560140680405084
            ],
            [
              -66.92787745793359,
              10.561711382095298
            ],
            [
              -66.92960886159585,
              10.56199778658
            ]
          ]
        ]
      },
      "properties": {
        "point_count": 1,
        "density_level": "LOW",
        "avg_speed": 107,
        "unique_vehicles": 1,
        "min_speed": 107,
        "max_speed": 107
      }
    },
    {
      "h3_index": "89674120d1bffff",
      "type": "Feature",
      "geometry": {
        "type": "Polygon",
        "coordinates": [
          [
            [
              -66.90708755482237,
              10.545283308037844
            ],
            [
              -66.90804758452471,
              10.543998846602028
            ],
            [
              -66.90727648748823,
              10.542427972664616
            ],
            [
              -66.9055453718015,
              10.542141593556748
            ],
            [
              -66.90458537342043,
              10.543426071341045
            ],
            [
              -66.90535645940412,
              10.54499691188507
            ],
            [
              -66.90708755482237,
              10.545283308037844
            ]
          ]
        ]
      },
      "properties": {
        "point_count": 1,
        "density_level": "LOW",
        "avg_speed": 1,
        "unique_vehicles": 1,
        "min_speed": 1,
        "max_speed": 1
      }
    },
    {
      "h3_index": "89674120d67ffff",
      "type": "Feature",
      "geometry": {
        "type": "Polygon",
        "coordinates": [
          [
            [
              -66.90515209852977,
              10.53485962619914
            ],
            [
              -66.90611213342125,
              10.53357495093743
            ],
            [
              -66.90534101504197,
              10.53200391529339
            ],
            [
              -66.90360987282637,
              10.53171758831015
            ],
            [
              -66.90264986926029,
              10.533002279913921
            ],
            [
              -66.9034209765837,
              10.534573282159213
            ],
            [
              -66.90515209852977,
              10.53485962619914
            ]
          ]
        ]
      },
      "properties": {
        "point_count": 1,
        "density_level": "LOW",
        "avg_speed": 13,
        "unique_vehicles": 1,
        "min_speed": 13,
        "max_speed": 13
      }
    },
    {
      "h3_index": "89674c5b467ffff",
      "type": "Feature",
      "geometry": {
        "type": "Polygon",
        "coordinates": [
          [
            [
              -66.87672487714114,
              10.408822023272865
            ],
            [
              -66.8776848991518,
              10.407534817879792
            ],
            [
              -66.87691353878698,
              10.405961867055145
            ],
            [
              -66.87518216750973,
              10.405676155090458
            ],
            [
              -66.87422217687909,
              10.406963376745384
            ],
            [
              -66.87499352614492,
              10.408536294103497
            ],
            [
              -66.87672487714114,
              10.408822023272865
            ]
          ]
        ]
      },
      "properties": {
        "point_count": 1,
        "density_level": "LOW",
        "avg_speed": 10,
        "unique_vehicles": 1,
        "min_speed": 10,
        "max_speed": 10
      }
    },
    {
      "h3_index": "8967412eb83ffff",
      "type": "Feature",
      "geometry": {
        "type": "Polygon",
        "coordinates": [
          [
            [
              -66.90945240795995,
              10.430123415839867
            ],
            [
              -66.91041284983285,
              10.428836356301574
            ],
            [
              -66.90964144273383,
              10.427263553161096
            ],
            [
              -66.90790960481982,
              10.426977842995253
            ],
            [
              -66.9069491942905,
              10.428264918820025
            ],
            [
              -66.90772059033087,
              10.429837688524502
            ],
            [
              -66.90945240795995,
              10.430123415839867
            ]
          ]
        ]
      },
      "properties": {
        "point_count": 1,
        "density_level": "LOW",
        "avg_speed": 65,
        "unique_vehicles": 1,
        "min_speed": 65,
        "max_speed": 65
      }
    },
    {
      "h3_index": "8967412638fffff",
      "type": "Feature",
      "geometry": {
        "type": "Polygon",
        "coordinates": [
          [
            [
              -66.81152612964112,
              10.522244542850023
            ],
            [
              -66.81248480413826,
              10.520960530577574
            ],
            [
              -66.81171394801162,
              10.519389870505302
            ],
            [
              -66.80998442855449,
              10.519103256173388
            ],
            [
              -66.80902578547632,
              10.520387284744476
            ],
            [
              -66.80979663043561,
              10.521957911349169
            ],
            [
              -66.81152612964112,
              10.522244542850023
            ]
          ]
        ]
      },
      "properties": {
        "point_count": 1,
        "density_level": "LOW",
        "avg_speed": 108,
        "unique_vehicles": 1,
        "min_speed": 108,
        "max_speed": 108
      }
    },
    {
      "h3_index": "89674124e1bffff",
      "type": "Feature",
      "geometry": {
        "type": "Polygon",
        "coordinates": [
          [
            [
              -66.82084908203406,
              10.460274052906913
            ],
            [
              -66.82180809890063,
              10.458988560066082
            ],
            [
              -66.82103705027228,
              10.457416812538781
            ],
            [
              -66.81930699593771,
              10.457130591337762
            ],
            [
              -66.81834801049438,
              10.458416100446863
            ],
            [
              -66.81911904796166,
              10.459987814489045
            ],
            [
              -66.82084908203406,
              10.460274052906913
            ]
          ]
        ]
      },
      "properties": {
        "point_count": 1,
        "density_level": "LOW",
        "avg_speed": 34,
        "unique_vehicles": 1,
        "min_speed": 34,
        "max_speed": 34
      }
    },
    {
      "h3_index": "89674121e6bffff",
      "type": "Feature",
      "geometry": {
        "type": "Polygon",
        "coordinates": [
          [
            [
              -67.00194088738445,
              10.540745000127842
            ],
            [
              -67.00290234748235,
              10.53945948222737
            ],
            [
              -67.0021309436916,
              10.537887944428503
            ],
            [
              -67.0003980907429,
              10.537601957860483
            ],
            [
              -66.9994366618744,
              10.538887492144
            ],
            [
              -67.00020805472447,
              10.54045899661283
            ],
            [
              -67.00194088738445,
              10.540745000127842
            ]
          ]
        ]
      },
      "properties": {
        "point_count": 1,
        "density_level": "LOW",
        "avg_speed": 72,
        "unique_vehicles": 1,
        "min_speed": 72,
        "max_speed": 72
      }
    },
    {
      "h3_index": "8967412e9c3ffff",
      "type": "Feature",
      "geometry": {
        "type": "Polygon",
        "coordinates": [
          [
            [
              -66.89849523187512,
              10.436987571044645
            ],
            [
              -66.89945548746755,
              10.435700775028813
            ],
            [
              -66.8986841327266,
              10.434128154220979
            ],
            [
              -66.89695253346365,
              10.433842362870214
            ],
            [
              -66.895992309224,
              10.435129175171987
            ],
            [
              -66.89676365289384,
              10.436701762538917
            ],
            [
              -66.89849523187512,
              10.436987571044645
            ]
          ]
        ]
      },
      "properties": {
        "point_count": 1,
        "density_level": "LOW",
        "avg_speed": 63,
        "unique_vehicles": 1,
        "min_speed": 63,
        "max_speed": 63
      }
    },
    {
      "h3_index": "896741211b7ffff",
      "type": "Feature",
      "geometry": {
        "type": "Polygon",
        "coordinates": [
          [
            [
              -66.98425811403355,
              10.569589148981716
            ],
            [
              -66.9852192160815,
              10.5683044544437
            ],
            [
              -66.98444794274944,
              10.566733507757952
            ],
            [
              -66.98271557832823,
              10.566447288941566
            ],
            [
              -66.98175450752089,
              10.567731999871295
            ],
            [
              -66.98252576989343,
              10.56930291322603
            ],
            [
              -66.98425811403355,
              10.569589148981716
            ]
          ]
        ]
      },
      "properties": {
        "point_count": 1,
        "density_level": "LOW",
        "avg_speed": 37,
        "unique_vehicles": 1,
        "min_speed": 37,
        "max_speed": 37
      }
    },
    {
      "h3_index": "8967412d89bffff",
      "type": "Feature",
      "geometry": {
        "type": "Polygon",
        "coordinates": [
          [
            [
              -66.98737934670427,
              10.403919900297627
            ],
            [
              -66.98834103780462,
              10.402631473246947
            ],
            [
              -66.98756931946556,
              10.40105774971388
            ],
            [
              -66.98583592099365,
              10.400772486624152
            ],
            [
              -66.98487426116614,
              10.402060929977617
            ],
            [
              -66.985645968537,
              10.403634620118362
            ],
            [
              -66.98737934670427,
              10.403919900297627
            ]
          ]
        ]
      },
      "properties": {
        "point_count": 1,
        "density_level": "LOW",
        "avg_speed": 91,
        "unique_vehicles": 1,
        "min_speed": 91,
        "max_speed": 91
      }
    },
    {
      "h3_index": "8967412665bffff",
      "type": "Feature",
      "geometry": {
        "type": "Polygon",
        "coordinates": [
          [
            [
              -66.84096873423478,
              10.553092732977433
            ],
            [
              -66.84192774907636,
              10.551809113954732
            ],
            [
              -66.84115688069512,
              10.550238782808071
            ],
            [
              -66.83942700860189,
              10.549952104119948
            ],
            [
              -66.83846802514418,
              10.55123573946959
            ],
            [
              -66.83923888239514,
              10.55280603718074
            ],
            [
              -66.84096873423478,
              10.553092732977433
            ]
          ]
        ]
      },
      "properties": {
        "point_count": 1,
        "density_level": "LOW",
        "avg_speed": 57,
        "unique_vehicles": 1,
        "min_speed": 57,
        "max_speed": 57
      }
    },
    {
      "h3_index": "89674127133ffff",
      "type": "Feature",
      "geometry": {
        "type": "Polygon",
        "coordinates": [
          [
            [
              -66.84572784619877,
              10.520695129337804
            ],
            [
              -66.84668703829637,
              10.519410736715345
            ],
            [
              -66.84591606968233,
              10.51783983637139
            ],
            [
              -66.84418592009717,
              10.51755336209509
            ],
            [
              -66.84322675938579,
              10.518837771028686
            ],
            [
              -66.84399771687265,
              10.520408637927781
            ],
            [
              -66.84572784619877,
              10.520695129337804
            ]
          ]
        ]
      },
      "properties": {
        "point_count": 1,
        "density_level": "LOW",
        "avg_speed": 45,
        "unique_vehicles": 1,
        "min_speed": 45,
        "max_speed": 45
      }
    },
    {
      "h3_index": "8967412dc43ffff",
      "type": "Feature",
      "geometry": {
        "type": "Polygon",
        "coordinates": [
          [
            [
              -66.99451472158214,
              10.4152204951939
            ],
            [
              -66.99547648208097,
              10.413932248484805
            ],
            [
              -66.9947047713762,
              10.412358667929116
            ],
            [
              -66.99297131113073,
              10.412073367465972
            ],
            [
              -66.99200958189532,
              10.413361630486856
            ],
            [
              -66.99278128164123,
              10.414935177659425
            ],
            [
              -66.99451472158214,
              10.4152204951939
            ]
          ]
        ]
      },
      "properties": {
        "point_count": 1,
        "density_level": "LOW",
        "avg_speed": 63,
        "unique_vehicles": 1,
        "min_speed": 63,
        "max_speed": 63
      }
    },
    {
      "h3_index": "8967412e143ffff",
      "type": "Feature",
      "geometry": {
        "type": "Polygon",
        "coordinates": [
          [
            [
              -66.935286274822,
              10.476296452861598
            ],
            [
              -66.93624695163359,
              10.47501016443514
            ],
            [
              -66.93547558515995,
              10.473437966423012
            ],
            [
              -66.93374355289862,
              10.473152090238337
            ],
            [
              -66.9327829073955,
              10.474438394986738
            ],
            [
              -66.93355426284454,
              10.476010559598206
            ],
            [
              -66.935286274822,
              10.476296452861598
            ]
          ]
        ]
      },
      "properties": {
        "point_count": 1,
        "density_level": "LOW",
        "avg_speed": 120,
        "unique_vehicles": 1,
        "min_speed": 120,
        "max_speed": 120
      }
    },
    {
      "h3_index": "89674127593ffff",
      "type": "Feature",
      "geometry": {
        "type": "Polygon",
        "coordinates": [
          [
            [
              -66.8461584679012,
              10.553952790260759
            ],
            [
              -66.8471175576572,
              10.552669138055577
            ],
            [
              -66.84634667512428,
              10.551098788778416
            ],
            [
              -66.8446167139587,
              10.550812125138433
            ],
            [
              -66.84365765558137,
              10.552095793673057
            ],
            [
              -66.84442852699021,
              10.553666109518565
            ],
            [
              -66.8461584679012,
              10.553952790260759
            ]
          ]
        ]
      },
      "properties": {
        "point_count": 1,
        "density_level": "LOW",
        "avg_speed": 52,
        "unique_vehicles": 1,
        "min_speed": 52,
        "max_speed": 52
      }
    },
    {
      "h3_index": "8967412f18bffff",
      "type": "Feature",
      "geometry": {
        "type": "Polygon",
        "coordinates": [
          [
            [
              -66.98225162999185,
              10.481154728079531
            ],
            [
              -66.98321299178326,
              10.479868075947183
            ],
            [
              -66.982441492208,
              10.478295666799294
            ],
            [
              -66.98070864180909,
              10.478009943150587
            ],
            [
              -66.97974731127908,
              10.479296611625946
            ],
            [
              -66.98051879988587,
              10.480868987407332
            ],
            [
              -66.98225162999185,
              10.481154728079531
            ]
          ]
        ]
      },
      "properties": {
        "point_count": 1,
        "density_level": "LOW",
        "avg_speed": 23,
        "unique_vehicles": 1,
        "min_speed": 23,
        "max_speed": 23
      }
    },
    {
      "h3_index": "89674c5b67bffff",
      "type": "Feature",
      "geometry": {
        "type": "Polygon",
        "coordinates": [
          [
            [
              -66.90057336524674,
              10.40552769983355
            ],
            [
              -66.90153375480466,
              10.404240180856954
            ],
            [
              -66.9007623109021,
              10.402667025944664
            ],
            [
              -66.8990304885119,
              10.402381423460723
            ],
            [
              -66.89807013031144,
              10.403668958706753
            ],
            [
              -66.89884156314301,
              10.405242080167618
            ],
            [
              -66.90057336524674,
              10.40552769983355
            ]
          ]
        ]
      },
      "properties": {
        "point_count": 1,
        "density_level": "LOW",
        "avg_speed": 111,
        "unique_vehicles": 1,
        "min_speed": 111,
        "max_speed": 111
      }
    },
    {
      "h3_index": "89674c5b283ffff",
      "type": "Feature",
      "geometry": {
        "type": "Polygon",
        "coordinates": [
          [
            [
              -66.89325263280337,
              10.39709066695709
            ],
            [
              -66.89421294045944,
              10.395803033474197
            ],
            [
              -66.89344149735211,
              10.394229784861654
            ],
            [
              -66.89170975766832,
              10.39394420319198
            ],
            [
              -66.89074948137869,
              10.395231852936767
            ],
            [
              -66.8915209134057,
              10.396805068089671
            ],
            [
              -66.89325263280337,
              10.39709066695709
            ]
          ]
        ]
      },
      "properties": {
        "point_count": 1,
        "density_level": "LOW",
        "avg_speed": 33,
        "unique_vehicles": 1,
        "min_speed": 33,
        "max_speed": 33
      }
    },
    {
      "h3_index": "8967412445bffff",
      "type": "Feature",
      "geometry": {
        "type": "Polygon",
        "coordinates": [
          [
            [
              -66.84360315368798,
              10.513127007532576
            ],
            [
              -66.84456233871494,
              10.511842466981559
            ],
            [
              -66.84379135692329,
              10.510271454071528
            ],
            [
              -66.84206120123422,
              10.50998501516209
            ],
            [
              -66.84110204759715,
              10.511269572019271
            ],
            [
              -66.84187301825858,
              10.51284055148006
            ],
            [
              -66.84360315368798,
              10.513127007532576
            ]
          ]
        ]
      },
      "properties": {
        "point_count": 1,
        "density_level": "LOW",
        "avg_speed": 96,
        "unique_vehicles": 1,
        "min_speed": 96,
        "max_speed": 96
      }
    },
    {
      "h3_index": "8967412f513ffff",
      "type": "Feature",
      "geometry": {
        "type": "Polygon",
        "coordinates": [
          [
            [
              -66.98111254263246,
              10.498306690510553
            ],
            [
              -66.98207383127196,
              10.497020433053274
            ],
            [
              -66.98130238029569,
              10.495448316481934
            ],
            [
              -66.9795696516478,
              10.495162490728926
            ],
            [
              -66.97860839426717,
              10.496448764538107
            ],
            [
              -66.97937983427487,
              10.49802084774872
            ],
            [
              -66.98111254263246,
              10.498306690510553
            ]
          ]
        ]
      },
      "properties": {
        "point_count": 1,
        "density_level": "LOW",
        "avg_speed": 99,
        "unique_vehicles": 1,
        "min_speed": 99,
        "max_speed": 99
      }
    },
    {
      "h3_index": "89674120837ffff",
      "type": "Feature",
      "geometry": {
        "type": "Polygon",
        "coordinates": [
          [
            [
              -66.9159175322753,
              10.530865843633237
            ],
            [
              -66.91687774113127,
              10.529580970467231
            ],
            [
              -66.91610657855972,
              10.528009801242753
            ],
            [
              -66.91437521817491,
              10.527723538577526
            ],
            [
              -66.91341504063469,
              10.529008428087613
            ],
            [
              -66.91418619216283,
              10.53057956391918
            ],
            [
              -66.9159175322753,
              10.530865843633237
            ]
          ]
        ]
      },
      "properties": {
        "point_count": 1,
        "density_level": "LOW",
        "avg_speed": 30,
        "unique_vehicles": 1,
        "min_speed": 30,
        "max_speed": 30
      }
    },
    {
      "h3_index": "896741254a7ffff",
      "type": "Feature",
      "geometry": {
        "type": "Polygon",
        "coordinates": [
          [
            [
              -66.87800683943362,
              10.508715795704127
            ],
            [
              -66.87896655392221,
              10.507430809182411
            ],
            [
              -66.87819545202444,
              10.505859507613264
            ],
            [
              -66.8764646467273,
              10.505573225993599
            ],
            [
              -66.87550496359613,
              10.506858228832524
            ],
            [
              -66.87627605440399,
              10.508429496974228
            ],
            [
              -66.87800683943362,
              10.508715795704127
            ]
          ]
        ]
      },
      "properties": {
        "point_count": 1,
        "density_level": "LOW",
        "avg_speed": 32,
        "unique_vehicles": 1,
        "min_speed": 32,
        "max_speed": 32
      }
    },
    {
      "h3_index": "8967412e14fffff",
      "type": "Feature",
      "geometry": {
        "type": "Polygon",
        "coordinates": [
          [
            [
              -66.93547558515995,
              10.473437966423012
            ],
            [
              -66.93643627415409,
              10.472151612227844
            ],
            [
              -66.93566489957868,
              10.470579365527215
            ],
            [
              -66.93393284703299,
              10.470293506423719
            ],
            [
              -66.93297218934777,
              10.47157987693934
            ],
            [
              -66.93374355289862,
              10.473152090238337
            ],
            [
              -66.93547558515995,
              10.473437966423012
            ]
          ]
        ]
      },
      "properties": {
        "point_count": 1,
        "density_level": "LOW",
        "avg_speed": 80,
        "unique_vehicles": 1,
        "min_speed": 80,
        "max_speed": 80
      }
    },
    {
      "h3_index": "89674126633ffff",
      "type": "Feature",
      "geometry": {
        "type": "Polygon",
        "coordinates": [
          [
            [
              -66.82558910109651,
              10.54765849421354
            ],
            [
              -66.82654790328995,
              10.546374908927248
            ],
            [
              -66.82577706933687,
              10.544804583551066
            ],
            [
              -66.82404744433849,
              10.544517876909634
            ],
            [
              -66.82308867354499,
              10.54580147851393
            ],
            [
              -66.82385949634923,
              10.547371770441995
            ],
            [
              -66.82558910109651,
              10.54765849421354
            ]
          ]
        ]
      },
      "properties": {
        "point_count": 1,
        "density_level": "LOW",
        "avg_speed": 52,
        "unique_vehicles": 1,
        "min_speed": 52,
        "max_speed": 52
      }
    },
    {
      "h3_index": "89674135d2fffff",
      "type": "Feature",
      "geometry": {
        "type": "Polygon",
        "coordinates": [
          [
            [
              -66.8233337981246,
              10.581896485431045
            ],
            [
              -66.82429245452624,
              10.580613690359812
            ],
            [
              -66.82352171776583,
              10.579043949811942
            ],
            [
              -66.821792335752,
              10.5787570377719
            ],
            [
              -66.82083371074515,
              10.580039849178883
            ],
            [
              -66.82160443635664,
              10.58160955629049
            ],
            [
              -66.8233337981246,
              10.581896485431045
            ]
          ]
        ]
      },
      "properties": {
        "point_count": 1,
        "density_level": "LOW",
        "avg_speed": 6,
        "unique_vehicles": 1,
        "min_speed": 6,
        "max_speed": 6
      }
    },
    {
      "h3_index": "8967412e647ffff",
      "type": "Feature",
      "geometry": {
        "type": "Polygon",
        "coordinates": [
          [
            [
              -66.96783342894933,
              10.500449901672786
            ],
            [
              -66.968794512512,
              10.499163825612992
            ],
            [
              -66.9680231083103,
              10.497591827089629
            ],
            [
              -66.96629063152936,
              10.497305937995433
            ],
            [
              -66.96532957923814,
              10.498592030403092
            ],
            [
              -66.96610097245566,
              10.500163995557429
            ],
            [
              -66.96783342894933,
              10.500449901672786
            ]
          ]
        ]
      },
      "properties": {
        "point_count": 1,
        "density_level": "LOW",
        "avg_speed": 26,
        "unique_vehicles": 1,
        "min_speed": 26,
        "max_speed": 26
      }
    },
    {
      "h3_index": "8967412023bffff",
      "type": "Feature",
      "geometry": {
        "type": "Polygon",
        "coordinates": [
          [
            [
              -66.97367478876382,
              10.570727082723703
            ],
            [
              -66.9746357292807,
              10.569442520168312
            ],
            [
              -66.97386449170992,
              10.567871657913246
            ],
            [
              -66.9721323245935,
              10.567585391551738
            ],
            [
              -66.97117141532739,
              10.568869970495314
            ],
            [
              -66.97194264192619,
              10.570440799412552
            ],
            [
              -66.97367478876382,
              10.570727082723703
            ]
          ]
        ]
      },
      "properties": {
        "point_count": 1,
        "density_level": "LOW",
        "avg_speed": 62,
        "unique_vehicles": 1,
        "min_speed": 62,
        "max_speed": 62
      }
    },
    {
      "h3_index": "89674127287ffff",
      "type": "Feature",
      "geometry": {
        "type": "Polygon",
        "coordinates": [
          [
            [
              -66.88150149483921,
              10.535276563064011
            ],
            [
              -66.88246117470484,
              10.53399213569243
            ],
            [
              -66.8816901316415,
              10.532421254442564
            ],
            [
              -66.87995941979563,
              10.532134833979402
            ],
            [
              -66.87899977127834,
              10.533419277684043
            ],
            [
              -66.8797708032579,
              10.534990125519125
            ],
            [
              -66.88150149483921,
              10.535276563064011
            ]
          ]
        ]
      },
      "properties": {
        "point_count": 1,
        "density_level": "LOW",
        "avg_speed": 67,
        "unique_vehicles": 1,
        "min_speed": 67,
        "max_speed": 67
      }
    },
    {
      "h3_index": "89674121c87ffff",
      "type": "Feature",
      "geometry": {
        "type": "Polygon",
        "coordinates": [
          [
            [
              -66.97174045130454,
              10.560303256016915
            ],
            [
              -66.97270139712091,
              10.559018479540125
            ],
            [
              -66.97193013813859,
              10.55744745506736
            ],
            [
              -66.97019794431422,
              10.557161240414944
            ],
            [
              -66.96923702975272,
              10.558446033273547
            ],
            [
              -66.97000827775999,
              10.560017024403086
            ],
            [
              -66.97174045130454,
              10.560303256016915
            ]
          ]
        ]
      },
      "properties": {
        "point_count": 1,
        "density_level": "LOW",
        "avg_speed": 19,
        "unique_vehicles": 1,
        "min_speed": 19,
        "max_speed": 19
      }
    },
    {
      "h3_index": "8967412542bffff",
      "type": "Feature",
      "geometry": {
        "type": "Polygon",
        "coordinates": [
          [
            [
              -66.88626750609625,
              10.502862950740191
            ],
            [
              -66.88722736331317,
              10.501577749980529
            ],
            [
              -66.88645622006295,
              10.500006299446943
            ],
            [
              -66.88472523067571,
              10.499720083097394
            ],
            [
              -66.88376540480941,
              10.501005300174304
            ],
            [
              -66.88453653697904,
              10.50257671728384
            ],
            [
              -66.88626750609625,
              10.502862950740191
            ]
          ]
        ]
      },
      "properties": {
        "point_count": 1,
        "density_level": "LOW",
        "avg_speed": 116,
        "unique_vehicles": 1,
        "min_speed": 116,
        "max_speed": 116
      }
    },
    {
      "h3_index": "8967412194bffff",
      "type": "Feature",
      "geometry": {
        "type": "Polygon",
        "coordinates": [
          [
            [
              -66.97170290853833,
              10.521311260874642
            ],
            [
              -66.97266398150792,
              10.520025612314488
            ],
            [
              -66.97189262013887,
              10.518453937373426
            ],
            [
              -66.97016019677753,
              10.518167944351207
            ],
            [
              -66.96919915507114,
              10.519453609272073
            ],
            [
              -66.96997050546219,
              10.521025250854784
            ],
            [
              -66.97170290853833,
              10.521311260874642
            ]
          ]
        ]
      },
      "properties": {
        "point_count": 1,
        "density_level": "LOW",
        "avg_speed": 3,
        "unique_vehicles": 1,
        "min_speed": 3,
        "max_speed": 3
      }
    },
    {
      "h3_index": "89674120e27ffff",
      "type": "Feature",
      "geometry": {
        "type": "Polygon",
        "coordinates": [
          [
            [
              -66.93362525979538,
              10.541011527910952
            ],
            [
              -66.93458569995855,
              10.53972670338191
            ],
            [
              -66.93381450876215,
              10.53815559319179
            ],
            [
              -66.93208288842355,
              10.53786934090791
            ],
            [
              -66.93112247955668,
              10.53915418179346
            ],
            [
              -66.93189365973139,
              10.540725258606717
            ],
            [
              -66.93362525979538,
              10.541011527910952
            ]
          ]
        ]
      },
      "properties": {
        "point_count": 1,
        "density_level": "LOW",
        "avg_speed": 74,
        "unique_vehicles": 1,
        "min_speed": 74,
        "max_speed": 74
      }
    },
    {
      "h3_index": "89674c5b0cbffff",
      "type": "Feature",
      "geometry": {
        "type": "Polygon",
        "coordinates": [
          [
            [
              -66.88498821371894,
              10.402956945382774
            ],
            [
              -66.88594837855769,
              10.401669525933585
            ],
            [
              -66.88517697680767,
              10.400096426208767
            ],
            [
              -66.88344542130784,
              10.399810779396557
            ],
            [
              -66.88248528784231,
              10.401098215107611
            ],
            [
              -66.88325667850268,
              10.402671281369347
            ],
            [
              -66.88498821371894,
              10.402956945382774
            ]
          ]
        ]
      },
      "properties": {
        "point_count": 1,
        "density_level": "LOW",
        "avg_speed": 95,
        "unique_vehicles": 1,
        "min_speed": 95,
        "max_speed": 95
      }
    },
    {
      "h3_index": "8967412f3b3ffff",
      "type": "Feature",
      "geometry": {
        "type": "Polygon",
        "coordinates": [
          [
            [
              -66.99340919087248,
              10.47143172568475
            ],
            [
              -66.9943707508532,
              10.470144744323793
            ],
            [
              -66.99359919123435,
              10.468572104230986
            ],
            [
              -66.99186608259008,
              10.468286478861984
            ],
            [
              -66.99090455386191,
              10.46957347656503
            ],
            [
              -66.99167610252476,
              10.471146083295302
            ],
            [
              -66.99340919087248,
              10.47143172568475
            ]
          ]
        ]
      },
      "properties": {
        "point_count": 1,
        "density_level": "LOW",
        "avg_speed": 88,
        "unique_vehicles": 1,
        "min_speed": 88,
        "max_speed": 88
      }
    },
    {
      "h3_index": "8967412703bffff",
      "type": "Feature",
      "geometry": {
        "type": "Polygon",
        "coordinates": [
          [
            [
              -66.86592633799766,
              10.532698444417404
            ],
            [
              -66.86688579324466,
              10.53141411653243
            ],
            [
              -66.86611479243055,
              10.529843289607935
            ],
            [
              -66.86438434747109,
              10.529556823995158
            ],
            [
              -66.86342492358811,
              10.530841168205704
            ],
            [
              -66.86419591329987,
              10.53241196170378
            ],
            [
              -66.86592633799766,
              10.532698444417404
            ]
          ]
        ]
      },
      "properties": {
        "point_count": 1,
        "density_level": "LOW",
        "avg_speed": 119,
        "unique_vehicles": 1,
        "min_speed": 119,
        "max_speed": 119
      }
    },
    {
      "h3_index": "8967412000fffff",
      "type": "Feature",
      "geometry": {
        "type": "Polygon",
        "coordinates": [
          [
            [
              -66.95732848890582,
              10.579570290814832
            ],
            [
              -66.9582891566162,
              10.57828609090535
            ],
            [
              -66.95751799301961,
              10.576715477595432
            ],
            [
              -66.95578617270266,
              10.576429097540922
            ],
            [
              -66.95482553625715,
              10.577713313837007
            ],
            [
              -66.95559668886301,
              10.57928389380132
            ],
            [
              -66.95732848890582,
              10.579570290814832
            ]
          ]
        ]
      },
      "properties": {
        "point_count": 1,
        "density_level": "LOW",
        "avg_speed": 95,
        "unique_vehicles": 1,
        "min_speed": 95,
        "max_speed": 95
      }
    },
    {
      "h3_index": "8967412c693ffff",
      "type": "Feature",
      "geometry": {
        "type": "Polygon",
        "coordinates": [
          [
            [
              -66.98069652131461,
              10.465000001609656
            ],
            [
              -66.98165791281015,
              10.463713004314643
            ],
            [
              -66.98088637559877,
              10.462140336140644
            ],
            [
              -66.97915345786268,
              10.461854698635747
            ],
            [
              -66.97819209763352,
              10.463141712264349
            ],
            [
              -66.97896362387336,
              10.464714347064598
            ],
            [
              -66.98069652131461,
              10.465000001609656
            ]
          ]
        ]
      },
      "properties": {
        "point_count": 1,
        "density_level": "LOW",
        "avg_speed": 39,
        "unique_vehicles": 1,
        "min_speed": 39,
        "max_speed": 39
      }
    },
    {
      "h3_index": "89674124557ffff",
      "type": "Feature",
      "geometry": {
        "type": "Polygon",
        "coordinates": [
          [
            [
              -66.82090660395346,
              10.499265303377166
            ],
            [
              -66.82186549421581,
              10.497980681936397
            ],
            [
              -66.8210945478878,
              10.496409581046448
            ],
            [
              -66.81936472245475,
              10.496123135067705
            ],
            [
              -66.81840586360723,
              10.4974077727982
            ],
            [
              -66.81917679877722,
              10.498978840218049
            ],
            [
              -66.82090660395346,
              10.499265303377166
            ]
          ]
        ]
      },
      "properties": {
        "point_count": 1,
        "density_level": "LOW",
        "avg_speed": 76,
        "unique_vehicles": 1,
        "min_speed": 76,
        "max_speed": 76
      }
    },
    {
      "h3_index": "8967412e6afffff",
      "type": "Feature",
      "geometry": {
        "type": "Polygon",
        "coordinates": [
          [
            [
              -66.95474596317477,
              10.499734413462058
            ],
            [
              -66.95570685379559,
              10.498448453039618
            ],
            [
              -66.95493548834632,
              10.49687652385999
            ],
            [
              -66.95320324327528,
              10.496590588481437
            ],
            [
              -66.9522423839389,
              10.497876565246223
            ],
            [
              -66.9530137383884,
              10.499448461047546
            ],
            [
              -66.95474596317477,
              10.499734413462058
            ]
          ]
        ]
      },
      "properties": {
        "point_count": 1,
        "density_level": "LOW",
        "avg_speed": 87,
        "unique_vehicles": 1,
        "min_speed": 87,
        "max_speed": 87
      }
    },
    {
      "h3_index": "89674127103ffff",
      "type": "Feature",
      "geometry": {
        "type": "Polygon",
        "coordinates": [
          [
            [
              -66.8507301321205,
              10.524409803449839
            ],
            [
              -66.85168938698203,
              10.523125443455648
            ],
            [
              -66.85091841232543,
              10.521554573597424
            ],
            [
              -66.84918819392753,
              10.52126809717376
            ],
            [
              -66.84822897044657,
              10.522552473483081
            ],
            [
              -66.84899993398224,
              10.524123309901285
            ],
            [
              -66.8507301321205,
              10.524409803449839
            ]
          ]
        ]
      },
      "properties": {
        "point_count": 1,
        "density_level": "LOW",
        "avg_speed": 40,
        "unique_vehicles": 1,
        "min_speed": 40,
        "max_speed": 40
      }
    },
    {
      "h3_index": "89674124c4fffff",
      "type": "Feature",
      "geometry": {
        "type": "Polygon",
        "coordinates": [
          [
            [
              -66.80759283470925,
              10.462412597063514
            ],
            [
              -66.80855164581371,
              10.461127285937616
            ],
            [
              -66.80778064491635,
              10.459555657313334
            ],
            [
              -66.80605084409038,
              10.459269373308654
            ],
            [
              -66.80509206442156,
              10.460554700698806
            ],
            [
              -66.80586305414236,
              10.462126295829735
            ],
            [
              -66.80759283470925,
              10.462412597063514
            ]
          ]
        ]
      },
      "properties": {
        "point_count": 2,
        "density_level": "LOW",
        "avg_speed": 66.5,
        "unique_vehicles": 2,
        "min_speed": 53,
        "max_speed": 80
      }
    },
    {
      "h3_index": "8967412e007ffff",
      "type": "Feature",
      "geometry": {
        "type": "Polygon",
        "coordinates": [
          [
            [
              -66.94241782122965,
              10.487586980463124
            ],
            [
              -66.94337856758281,
              10.48630087256825
            ],
            [
              -66.94260720856067,
              10.484728817894164
            ],
            [
              -66.94087511419995,
              10.484442904506693
            ],
            [
              -66.93991439914588,
              10.485729028732463
            ],
            [
              -66.94068574715273,
              10.487301050015125
            ],
            [
              -66.94241782122965,
              10.487586980463124
            ]
          ]
        ]
      },
      "properties": {
        "point_count": 1,
        "density_level": "LOW",
        "avg_speed": 116,
        "unique_vehicles": 1,
        "min_speed": 116,
        "max_speed": 116
      }
    },
    {
      "h3_index": "8967412452bffff",
      "type": "Feature",
      "geometry": {
        "type": "Polygon",
        "coordinates": [
          [
            [
              -66.81359235436973,
              10.49083685308616
            ],
            [
              -66.81455116253188,
              10.48955211699262
            ],
            [
              -66.81378021727365,
              10.48798092210977
            ],
            [
              -66.81205047501984,
              10.48769449679912
            ],
            [
              -66.81109169828142,
              10.488979249174891
            ],
            [
              -66.81186263237235,
              10.49055041057941
            ],
            [
              -66.81359235436973,
              10.49083685308616
            ]
          ]
        ]
      },
      "properties": {
        "point_count": 1,
        "density_level": "LOW",
        "avg_speed": 98,
        "unique_vehicles": 1,
        "min_speed": 98,
        "max_speed": 98
      }
    },
    {
      "h3_index": "89674120cd7ffff",
      "type": "Feature",
      "geometry": {
        "type": "Polygon",
        "coordinates": [
          [
            [
              -66.92422561624456,
              10.563993441490004
            ],
            [
              -66.92518584077071,
              10.562709226236523
            ],
            [
              -66.9244147393324,
              10.561138557919223
            ],
            [
              -66.92268342439829,
              10.560852138230102
            ],
            [
              -66.92172323117269,
              10.562136369848883
            ],
            [
              -66.92249432157993,
              10.5637070047918
            ],
            [
              -66.92422561624456,
              10.563993441490004
            ]
          ]
        ]
      },
      "properties": {
        "point_count": 1,
        "density_level": "LOW",
        "avg_speed": 56,
        "unique_vehicles": 1,
        "min_speed": 56,
        "max_speed": 56
      }
    },
    {
      "h3_index": "89674125347ffff",
      "type": "Feature",
      "geometry": {
        "type": "Polygon",
        "coordinates": [
          [
            [
              -66.8964175912534,
              10.468433609103666
            ],
            [
              -66.89737771291433,
              10.467147536352513
            ],
            [
              -66.89660644731647,
              10.465575450250412
            ],
            [
              -66.89487507112817,
              10.465289470330122
            ],
            [
              -66.89391498081535,
              10.466575559383655
            ],
            [
              -66.89468623534204,
              10.468147612055423
            ],
            [
              -66.8964175912534,
              10.468433609103666
            ]
          ]
        ]
      },
      "properties": {
        "point_count": 1,
        "density_level": "LOW",
        "avg_speed": 115,
        "unique_vehicles": 1,
        "min_speed": 115,
        "max_speed": 115
      }
    },
    {
      "h3_index": "89674125dc3ffff",
      "type": "Feature",
      "geometry": {
        "type": "Polygon",
        "coordinates": [
          [
            [
              -66.84198823671873,
              10.457993520783523
            ],
            [
              -66.84294757783823,
              10.456707763564332
            ],
            [
              -66.84217645624284,
              10.45513584532258
            ],
            [
              -66.84044600466356,
              10.454849717771928
            ],
            [
              -66.83948669494734,
              10.456135491266418
            ],
            [
              -66.84025780540641,
              10.4577073760366
            ],
            [
              -66.84198823671873,
              10.457993520783523
            ]
          ]
        ]
      },
      "properties": {
        "point_count": 1,
        "density_level": "LOW",
        "avg_speed": 34,
        "unique_vehicles": 1,
        "min_speed": 34,
        "max_speed": 34
      }
    },
    {
      "h3_index": "89674125b27ffff",
      "type": "Feature",
      "geometry": {
        "type": "Polygon",
        "coordinates": [
          [
            [
              -66.85000434003746,
              10.415974019136497
            ],
            [
              -66.85096393860073,
              10.414687242607721
            ],
            [
              -66.85019268125852,
              10.413114578017314
            ],
            [
              -66.84846183648239,
              10.412828723438112
            ],
            [
              -66.84750226932358,
              10.414115516222164
            ],
            [
              -66.84827351553574,
              10.41568814733047
            ],
            [
              -66.85000434003746,
              10.415974019136497
            ]
          ]
        ]
      },
      "properties": {
        "point_count": 1,
        "density_level": "LOW",
        "avg_speed": 51,
        "unique_vehicles": 1,
        "min_speed": 51,
        "max_speed": 51
      }
    },
    {
      "h3_index": "8967412d5b3ffff",
      "type": "Feature",
      "geometry": {
        "type": "Polygon",
        "coordinates": [
          [
            [
              -66.99473927942012,
              10.451411971254965
            ],
            [
              -66.99570092478116,
              10.450124529617542
            ],
            [
              -66.9949293084547,
              10.448551548453139
            ],
            [
              -66.9931960577224,
              10.448266042295739
            ],
            [
              -66.99223444361684,
              10.44955350026484
            ],
            [
              -66.99300604898741,
              10.45112644805999
            ],
            [
              -66.99473927942012,
              10.451411971254965
            ]
          ]
        ]
      },
      "properties": {
        "point_count": 1,
        "density_level": "LOW",
        "avg_speed": 17,
        "unique_vehicles": 1,
        "min_speed": 17,
        "max_speed": 17
      }
    },
    {
      "h3_index": "8967412633bffff",
      "type": "Feature",
      "geometry": {
        "type": "Polygon",
        "coordinates": [
          [
            [
              -66.81208959689631,
              10.513680182449166
            ],
            [
              -66.81304830784418,
              10.512395972741414
            ],
            [
              -66.81227742741076,
              10.510825166752541
            ],
            [
              -66.8105478471961,
              10.510538603942269
            ],
            [
              -66.80958916766853,
              10.511822829944192
            ],
            [
              -66.8103600369346,
              10.513393602462552
            ],
            [
              -66.81208959689631,
              10.513680182449166
            ]
          ]
        ]
      },
      "properties": {
        "point_count": 1,
        "density_level": "LOW",
        "avg_speed": 83,
        "unique_vehicles": 1,
        "min_speed": 83,
        "max_speed": 83
      }
    },
    {
      "h3_index": "89674135ba7ffff",
      "type": "Feature",
      "geometry": {
        "type": "Polygon",
        "coordinates": [
          [
            [
              -66.83771559325302,
              10.562650520865546
            ],
            [
              -66.83867452809817,
              10.561367148891975
            ],
            [
              -66.83790369514554,
              10.559796997395358
            ],
            [
              -66.83617393848048,
              10.559510251306646
            ],
            [
              -66.83521503502035,
              10.560793639611104
            ],
            [
              -66.83598585683957,
              10.562363757673712
            ],
            [
              -66.83771559325302,
              10.562650520865546
            ]
          ]
        ]
      },
      "properties": {
        "point_count": 1,
        "density_level": "LOW",
        "avg_speed": 118,
        "unique_vehicles": 1,
        "min_speed": 118,
        "max_speed": 118
      }
    },
    {
      "h3_index": "89674125373ffff",
      "type": "Feature",
      "geometry": {
        "type": "Polygon",
        "coordinates": [
          [
            [
              -66.89391498081535,
              10.466575559383655
            ],
            [
              -66.89487507112817,
              10.465289470330122
            ],
            [
              -66.89410380849833,
              10.4637173690249
            ],
            [
              -66.89237246662925,
              10.463431390206308
            ],
            [
              -66.89141240766736,
              10.46471749556023
            ],
            [
              -66.89218365922291,
              10.466289563432698
            ],
            [
              -66.89391498081535,
              10.466575559383655
            ]
          ]
        ]
      },
      "properties": {
        "point_count": 1,
        "density_level": "LOW",
        "avg_speed": 1,
        "unique_vehicles": 1,
        "min_speed": 1,
        "max_speed": 1
      }
    },
    {
      "h3_index": "8967412e83bffff",
      "type": "Feature",
      "geometry": {
        "type": "Polygon",
        "coordinates": [
          [
            [
              -66.90888532808961,
              10.438702317950947
            ],
            [
              -66.90984573342304,
              10.437415455616874
            ],
            [
              -66.90907435063798,
              10.435842798242282
            ],
            [
              -66.90734257357742,
              10.435557036635226
            ],
            [
              -66.90638219958628,
              10.436843915260257
            ],
            [
              -66.90715357131268,
              10.438416539201723
            ],
            [
              -66.90888532808961,
              10.438702317950947
            ]
          ]
        ]
      },
      "properties": {
        "point_count": 1,
        "density_level": "LOW",
        "avg_speed": 116,
        "unique_vehicles": 1,
        "min_speed": 116,
        "max_speed": 116
      }
    },
    {
      "h3_index": "8967412ea03ffff",
      "type": "Feature",
      "geometry": {
        "type": "Polygon",
        "coordinates": [
          [
            [
              -66.93004725544597,
              10.436411710621952
            ],
            [
              -66.93100798451731,
              10.435124584230154
            ],
            [
              -66.93023652958335,
              10.433551756660782
            ],
            [
              -66.92850435661113,
              10.433266088902998
            ],
            [
              -66.9275436588619,
              10.434553231592828
            ],
            [
              -66.92831510276208,
              10.436126025742732
            ],
            [
              -66.93004725544597,
              10.436411710621952
            ]
          ]
        ]
      },
      "properties": {
        "point_count": 1,
        "density_level": "LOW",
        "avg_speed": 77,
        "unique_vehicles": 1,
        "min_speed": 77,
        "max_speed": 77
      }
    },
    {
      "h3_index": "89674c5a567ffff",
      "type": "Feature",
      "geometry": {
        "type": "Polygon",
        "coordinates": [
          [
            [
              -66.80403371397834,
              10.396817173069024
            ],
            [
              -66.80499268603333,
              10.395530432756798
            ],
            [
              -66.80422152410027,
              10.39395774128438
            ],
            [
              -66.80249140129725,
              10.393671823645333
            ],
            [
              -66.80153246069537,
              10.39495858018414
            ],
            [
              -66.8023036114427,
              10.396531238135742
            ],
            [
              -66.80403371397834,
              10.396817173069024
            ]
          ]
        ]
      },
      "properties": {
        "point_count": 1,
        "density_level": "LOW",
        "avg_speed": 62,
        "unique_vehicles": 1,
        "min_speed": 62,
        "max_speed": 62
      }
    },
    {
      "h3_index": "89674125ccbffff",
      "type": "Feature",
      "geometry": {
        "type": "Polygon",
        "coordinates": [
          [
            [
              -66.86219036533538,
              10.469999830624591
            ],
            [
              -66.86314996974497,
              10.468714137910572
            ],
            [
              -66.86237881590098,
              10.467142292058902
            ],
            [
              -66.86064806875822,
              10.466856172374744
            ],
            [
              -66.8596884957297,
              10.468141881378594
            ],
            [
              -66.86045963846215,
              10.469713693777106
            ],
            [
              -66.86219036533538,
              10.469999830624591
            ]
          ]
        ]
      },
      "properties": {
        "point_count": 1,
        "density_level": "LOW",
        "avg_speed": 76,
        "unique_vehicles": 1,
        "min_speed": 76,
        "max_speed": 76
      }
    },
    {
      "h3_index": "8967412f457ffff",
      "type": "Feature",
      "geometry": {
        "type": "Polygon",
        "coordinates": [
          [
            [
              -67.00403173206193,
              10.509311080505423
            ],
            [
              -67.00499332629333,
              10.508024838709762
            ],
            [
              -67.00422183343167,
              10.506452763583194
            ],
            [
              -67.00248875727843,
              10.506166963593326
            ],
            [
              -67.00152719428107,
              10.507453221755826
            ],
            [
              -67.00229867620219,
              10.509025263541691
            ],
            [
              -67.00403173206193,
              10.509311080505423
            ]
          ]
        ]
      },
      "properties": {
        "point_count": 1,
        "density_level": "LOW",
        "avg_speed": 101,
        "unique_vehicles": 1,
        "min_speed": 101,
        "max_speed": 101
      }
    },
    {
      "h3_index": "89674c5b43bffff",
      "type": "Feature",
      "geometry": {
        "type": "Polygon",
        "coordinates": [
          [
            [
              -66.87384492256398,
              10.412683409117205
            ],
            [
              -66.87480488884721,
              10.411396318892255
            ],
            [
              -66.87403354768814,
              10.409823450044682
            ],
            [
              -66.87230225134718,
              10.409537704889466
            ],
            [
              -66.87134231644593,
              10.410824811377283
            ],
            [
              -66.87211364650292,
              10.41239764675779
            ],
            [
              -66.87384492256398,
              10.412683409117205
            ]
          ]
        ]
      },
      "properties": {
        "point_count": 1,
        "density_level": "LOW",
        "avg_speed": 48,
        "unique_vehicles": 1,
        "min_speed": 48,
        "max_speed": 48
      }
    },
    {
      "h3_index": "8967412ed8bffff",
      "type": "Feature",
      "geometry": {
        "type": "Polygon",
        "coordinates": [
          [
            [
              -66.89197881778617,
              10.45614248685568
            ],
            [
              -66.89293891326889,
              10.454856184226678
            ],
            [
              -66.89216762929917,
              10.453283921873853
            ],
            [
              -66.89043626092335,
              10.452997995588433
            ],
            [
              -66.88947619679566,
              10.454284314511334
            ],
            [
              -66.89024746968802,
              10.455856543426084
            ],
            [
              -66.89197881778617,
              10.45614248685568
            ]
          ]
        ]
      },
      "properties": {
        "point_count": 2,
        "density_level": "LOW",
        "avg_speed": 46.5,
        "unique_vehicles": 2,
        "min_speed": 5,
        "max_speed": 88
      }
    },
    {
      "h3_index": "89674120253ffff",
      "type": "Feature",
      "geometry": {
        "type": "Polygon",
        "coordinates": [
          [
            [
              -66.98368865242841,
              10.578155384062253
            ],
            [
              -66.9846497179198,
              10.57687088707942
            ],
            [
              -66.98387846887314,
              10.575300087141235
            ],
            [
              -66.98214616529394,
              10.575013817514282
            ],
            [
              -66.9811851310419,
              10.576298330893229
            ],
            [
              -66.981956369129,
              10.57786909750334
            ],
            [
              -66.98368865242841,
              10.578155384062253
            ]
          ]
        ]
      },
      "properties": {
        "point_count": 1,
        "density_level": "LOW",
        "avg_speed": 27,
        "unique_vehicles": 1,
        "min_speed": 27,
        "max_speed": 27
      }
    },
    {
      "h3_index": "89674c5b04bffff",
      "type": "Feature",
      "geometry": {
        "type": "Polygon",
        "coordinates": [
          [
            [
              -66.88805756358126,
              10.396233855591154
            ],
            [
              -66.8890177963234,
              10.394946255287547
            ],
            [
              -66.88824636727266,
              10.393373025095386
            ],
            [
              -66.88651471656556,
              10.393087428670707
            ],
            [
              -66.88555451519507,
              10.394375045233682
            ],
            [
              -66.8863259331593,
              10.395948241962312
            ],
            [
              -66.88805756358126,
              10.396233855591154
            ]
          ]
        ]
      },
      "properties": {
        "point_count": 1,
        "density_level": "LOW",
        "avg_speed": 114,
        "unique_vehicles": 1,
        "min_speed": 114,
        "max_speed": 114
      }
    },
    {
      "h3_index": "8967412f57bffff",
      "type": "Feature",
      "geometry": {
        "type": "Polygon",
        "coordinates": [
          [
            [
              -66.98688055266803,
              10.490588569683108
            ],
            [
              -66.98784195258693,
              10.489302081797032
            ],
            [
              -66.98707046348389,
              10.487729800959523
            ],
            [
              -66.98533758542354,
              10.487444041368109
            ],
            [
              -66.98437621675949,
              10.488730545604144
            ],
            [
              -66.98514769490023,
              10.49030279308195
            ],
            [
              -66.98688055266803,
              10.490588569683108
            ]
          ]
        ]
      },
      "properties": {
        "point_count": 1,
        "density_level": "LOW",
        "avg_speed": 108,
        "unique_vehicles": 1,
        "min_speed": 108,
        "max_speed": 108
      }
    },
    {
      "h3_index": "89674122b87ffff",
      "type": "Feature",
      "geometry": {
        "type": "Polygon",
        "coordinates": [
          [
            [
              -66.89769287049965,
              10.568259556095878
            ],
            [
              -66.89865268455502,
              10.566975704008819
            ],
            [
              -66.89788167737264,
              10.565405271856374
            ],
            [
              -66.89615086719631,
              10.565118725182188
            ],
            [
              -66.89519108446646,
              10.56640259362653
            ],
            [
              -66.8959620805867,
              10.567972992388098
            ],
            [
              -66.89769287049965,
              10.568259556095878
            ]
          ]
        ]
      },
      "properties": {
        "point_count": 1,
        "density_level": "LOW",
        "avg_speed": 17,
        "unique_vehicles": 1,
        "min_speed": 17,
        "max_speed": 17
      }
    },
    {
      "h3_index": "89674125c67ffff",
      "type": "Feature",
      "geometry": {
        "type": "Polygon",
        "coordinates": [
          [
            [
              -66.85524997725294,
              10.455852699308329
            ],
            [
              -66.85620952400613,
              10.454566760451165
            ],
            [
              -66.85543835488052,
              10.452994723442803
            ],
            [
              -66.85370765012179,
              10.452708658755276
            ],
            [
              -66.85274813475944,
              10.453994613891771
            ],
            [
              -66.85351929276425,
              10.455566617436794
            ],
            [
              -66.85524997725294,
              10.455852699308329
            ]
          ]
        ]
      },
      "properties": {
        "point_count": 1,
        "density_level": "LOW",
        "avg_speed": 74,
        "unique_vehicles": 1,
        "min_speed": 74,
        "max_speed": 74
      }
    },
    {
      "h3_index": "89674121b63ffff",
      "type": "Feature",
      "geometry": {
        "type": "Polygon",
        "coordinates": [
          [
            [
              -66.98304715438596,
              10.508738941270783
            ],
            [
              -66.98400843770807,
              10.507452897543034
            ],
            [
              -66.98323700816259,
              10.505880942766185
            ],
            [
              -66.98150430625978,
              10.505595065072795
            ],
            [
              -66.98054305419245,
              10.506881125158849
            ],
            [
              -66.98131447277244,
              10.508453046580325
            ],
            [
              -66.98304715438596,
              10.508738941270783
            ]
          ]
        ]
      },
      "properties": {
        "point_count": 1,
        "density_level": "LOW",
        "avg_speed": 91,
        "unique_vehicles": 1,
        "min_speed": 91,
        "max_speed": 91
      }
    },
    {
      "h3_index": "8967412e6abffff",
      "type": "Feature",
      "geometry": {
        "type": "Polygon",
        "coordinates": [
          [
            [
              -66.95724957949172,
              10.501592247263261
            ],
            [
              -66.95821050139412,
              10.50030630318515
            ],
            [
              -66.95743913304808,
              10.498734389385241
            ],
            [
              -66.95570685379559,
              10.498448453039618
            ],
            [
              -66.95474596317477,
              10.499734413462058
            ],
            [
              -66.95551732052417,
              10.501306293886113
            ],
            [
              -66.95724957949172,
              10.501592247263261
            ]
          ]
        ]
      },
      "properties": {
        "point_count": 1,
        "density_level": "LOW",
        "avg_speed": 7,
        "unique_vehicles": 1,
        "min_speed": 7,
        "max_speed": 7
      }
    },
    {
      "h3_index": "89674124397ffff",
      "type": "Feature",
      "geometry": {
        "type": "Polygon",
        "coordinates": [
          [
            [
              -66.83010145712885,
              10.479133040426197
            ],
            [
              -66.83106055102704,
              10.477847875768676
            ],
            [
              -66.83028952262222,
              10.47627638286051
            ],
            [
              -66.82855941146724,
              10.475990088081767
            ],
            [
              -66.8276003489793,
              10.477275269021547
            ],
            [
              -66.82837136623537,
              10.478846728458148
            ],
            [
              -66.83010145712885,
              10.479133040426197
            ]
          ]
        ]
      },
      "properties": {
        "point_count": 1,
        "density_level": "LOW",
        "avg_speed": 76,
        "unique_vehicles": 1,
        "min_speed": 76,
        "max_speed": 76
      }
    },
    {
      "h3_index": "896741240cbffff",
      "type": "Feature",
      "geometry": {
        "type": "Polygon",
        "coordinates": [
          [
            [
              -66.84204296252433,
              10.496990502625323
            ],
            [
              -66.84300217695306,
              10.495705616775206
            ],
            [
              -66.84223115767793,
              10.494134345431553
            ],
            [
              -66.84050093510665,
              10.493847993394862
            ],
            [
              -66.83954175207276,
              10.495132895541708
            ],
            [
              -66.8403127602146,
              10.49670413342883
            ],
            [
              -66.84204296252433,
              10.496990502625323
            ]
          ]
        ]
      },
      "properties": {
        "point_count": 1,
        "density_level": "LOW",
        "avg_speed": 42,
        "unique_vehicles": 1,
        "min_speed": 42,
        "max_speed": 42
      }
    },
    {
      "h3_index": "89674c5b41bffff",
      "type": "Feature",
      "geometry": {
        "type": "Polygon",
        "coordinates": [
          [
            [
              -66.87866156907116,
              10.419260345254163
            ],
            [
              -66.87962158593572,
              10.417973353282715
            ],
            [
              -66.87885024690107,
              10.416400563072727
            ],
            [
              -66.87711890209698,
              10.416114798295768
            ],
            [
              -66.8761589166083,
              10.417401806535597
            ],
            [
              -66.87693024454708,
              10.418974563284332
            ],
            [
              -66.87866156907116,
              10.419260345254163
            ]
          ]
        ]
      },
      "properties": {
        "point_count": 1,
        "density_level": "LOW",
        "avg_speed": 95,
        "unique_vehicles": 1,
        "min_speed": 95,
        "max_speed": 95
      }
    },
    {
      "h3_index": "8967412eaabffff",
      "type": "Feature",
      "geometry": {
        "type": "Polygon",
        "coordinates": [
          [
            [
              -66.9248508861918,
              10.435554641071056
            ],
            [
              -66.9258115404326,
              10.434267547818859
            ],
            [
              -66.92504009946518,
              10.432694738480608
            ],
            [
              -66.92330801529626,
              10.432409055818257
            ],
            [
              -66.92234739238283,
              10.433696165365967
            ],
            [
              -66.92311882231026,
              10.435268941280851
            ],
            [
              -66.9248508861918,
              10.435554641071056
            ]
          ]
        ]
      },
      "properties": {
        "point_count": 1,
        "density_level": "LOW",
        "avg_speed": 90,
        "unique_vehicles": 1,
        "min_speed": 90,
        "max_speed": 90
      }
    },
    {
      "h3_index": "8967412199bffff",
      "type": "Feature",
      "geometry": {
        "type": "Polygon",
        "coordinates": [
          [
            [
              -66.96055061428312,
              10.531022864691321
            ],
            [
              -66.96151148907558,
              10.52973754555216
            ],
            [
              -66.96074018783376,
              10.52816610167377
            ],
            [
              -66.9590080227893,
              10.52788001029711
            ],
            [
              -66.95804717926892,
              10.529165345797896
            ],
            [
              -66.9588184695202,
              10.530736756314036
            ],
            [
              -66.96055061428312,
              10.531022864691321
            ]
          ]
        ]
      },
      "properties": {
        "point_count": 1,
        "density_level": "LOW",
        "avg_speed": 6,
        "unique_vehicles": 1,
        "min_speed": 6,
        "max_speed": 6
      }
    },
    {
      "h3_index": "8967412d197ffff",
      "type": "Feature",
      "geometry": {
        "type": "Polygon",
        "coordinates": [
          [
            [
              -66.99838455826091,
              10.4361063644546
            ],
            [
              -66.9993463080712,
              10.434818544717494
            ],
            [
              -66.99857464028203,
              10.433245286706882
            ],
            [
              -66.99684123363453,
              10.432959881806251
            ],
            [
              -66.9958795150794,
              10.434247717868109
            ],
            [
              -66.99665117191587,
              10.435820942506172
            ],
            [
              -66.99838455826091,
              10.4361063644546
            ]
          ]
        ]
      },
      "properties": {
        "point_count": 1,
        "density_level": "LOW",
        "avg_speed": 57,
        "unique_vehicles": 1,
        "min_speed": 57,
        "max_speed": 57
      }
    },
    {
      "h3_index": "89674124523ffff",
      "type": "Feature",
      "geometry": {
        "type": "Polygon",
        "coordinates": [
          [
            [
              -66.81090386778625,
              10.491835097167076
            ],
            [
              -66.81186263237235,
              10.49055041057941
            ],
            [
              -66.81109169828142,
              10.488979249174891
            ],
            [
              -66.80936201077408,
              10.488692807838154
            ],
            [
              -66.80840327761409,
              10.489977510707563
            ],
            [
              -66.80917420053461,
              10.491548638632313
            ],
            [
              -66.81090386778625,
              10.491835097167076
            ]
          ]
        ]
      },
      "properties": {
        "point_count": 1,
        "density_level": "LOW",
        "avg_speed": 65,
        "unique_vehicles": 1,
        "min_speed": 65,
        "max_speed": 65
      }
    },
    {
      "h3_index": "8967412dd43ffff",
      "type": "Feature",
      "geometry": {
        "type": "Polygon",
        "coordinates": [
          [
            [
              -66.97697952065369,
              10.402208144607078
            ],
            [
              -66.97794106224869,
              10.400919783757601
            ],
            [
              -66.97716937159183,
              10.399346096592682
            ],
            [
              -66.97543615031996,
              10.399060803677688
            ],
            [
              -66.9744746400084,
              10.400349180824893
            ],
            [
              -66.97524631968457,
              10.401922834589698
            ],
            [
              -66.97697952065369,
              10.402208144607078
            ]
          ]
        ]
      },
      "properties": {
        "point_count": 1,
        "density_level": "LOW",
        "avg_speed": 21,
        "unique_vehicles": 1,
        "min_speed": 21,
        "max_speed": 21
      }
    },
    {
      "h3_index": "89674124197ffff",
      "type": "Feature",
      "geometry": {
        "type": "Polygon",
        "coordinates": [
          [
            [
              -66.81127953282511,
              10.486123286806036
            ],
            [
              -66.81223832171615,
              10.484838468644657
            ],
            [
              -66.81146737141748,
              10.483267210067952
            ],
            [
              -66.80973764339744,
              10.48298080313471
            ],
            [
              -66.80877888593335,
              10.484265637574836
            ],
            [
              -66.80954982506165,
              10.485836862669816
            ],
            [
              -66.81127953282511,
              10.486123286806036
            ]
          ]
        ]
      },
      "properties": {
        "point_count": 1,
        "density_level": "LOW",
        "avg_speed": 91,
        "unique_vehicles": 1,
        "min_speed": 91,
        "max_speed": 91
      }
    },
    {
      "h3_index": "89674126acbffff",
      "type": "Feature",
      "geometry": {
        "type": "Polygon",
        "coordinates": [
          [
            [
              -66.80571495527812,
              10.490975706706283
            ],
            [
              -66.806673644858,
              10.489691053344718
            ],
            [
              -66.80590272500716,
              10.488119910314575
            ],
            [
              -66.80417312675233,
              10.487833454129989
            ],
            [
              -66.80321446860378,
              10.489118123770794
            ],
            [
              -66.80398537727802,
              10.490689233317292
            ],
            [
              -66.80571495527812,
              10.490975706706283
            ]
          ]
        ]
      },
      "properties": {
        "point_count": 1,
        "density_level": "LOW",
        "avg_speed": 108,
        "unique_vehicles": 1,
        "min_speed": 108,
        "max_speed": 108
      }
    },
    {
      "h3_index": "89674120a13ffff",
      "type": "Feature",
      "geometry": {
        "type": "Polygon",
        "coordinates": [
          [
            [
              -66.94208053455272,
              10.53230313617016
            ],
            [
              -66.94304112948076,
              10.531018031601105
            ],
            [
              -66.94226988904141,
              10.52944672368228
            ],
            [
              -66.94053806468563,
              10.529160553707271
            ],
            [
              -66.93957750104745,
              10.530445674631416
            ],
            [
              -66.9403487304745,
              10.532016949175802
            ],
            [
              -66.94208053455272,
              10.53230313617016
            ]
          ]
        ]
      },
      "properties": {
        "point_count": 1,
        "density_level": "LOW",
        "avg_speed": 28,
        "unique_vehicles": 1,
        "min_speed": 28,
        "max_speed": 28
      }
    },
    {
      "h3_index": "8967412c35bffff",
      "type": "Feature",
      "geometry": {
        "type": "Polygon",
        "coordinates": [
          [
            [
              -66.97815539753262,
              10.42409800863926
            ],
            [
              -66.97911688502488,
              10.422810124080877
            ],
            [
              -66.97834524822377,
              10.421236792484423
            ],
            [
              -66.97661213490731,
              10.420951378837758
            ],
            [
              -66.97565067869265,
              10.42223927970637
            ],
            [
              -66.97642230451612,
              10.423812577911766
            ],
            [
              -66.97815539753262,
              10.42409800863926
            ]
          ]
        ]
      },
      "properties": {
        "point_count": 1,
        "density_level": "LOW",
        "avg_speed": 15,
        "unique_vehicles": 1,
        "min_speed": 15,
        "max_speed": 15
      }
    },
    {
      "h3_index": "8967412c8c3ffff",
      "type": "Feature",
      "geometry": {
        "type": "Polygon",
        "coordinates": [
          [
            [
              -66.9375161805435,
              10.402941126039233
            ],
            [
              -66.93847713068374,
              10.401653177863652
            ],
            [
              -66.93770556453806,
              10.400079748989251
            ],
            [
              -66.9359730592789,
              10.399794301717776
            ],
            [
              -66.93501214046057,
              10.401082266175917
            ],
            [
              -66.9357836955788,
              10.402655661623303
            ],
            [
              -66.9375161805435,
              10.402941126039233
            ]
          ]
        ]
      },
      "properties": {
        "point_count": 1,
        "density_level": "LOW",
        "avg_speed": 66,
        "unique_vehicles": 1,
        "min_speed": 66,
        "max_speed": 66
      }
    },
    {
      "h3_index": "89674125d03ffff",
      "type": "Feature",
      "geometry": {
        "type": "Polygon",
        "coordinates": [
          [
            [
              -66.8371733534281,
              10.45141970967548
            ],
            [
              -66.8381326438998,
              10.450133854153298
            ],
            [
              -66.83736152026471,
              10.448561857197939
            ],
            [
              -66.83563111729968,
              10.448275749242473
            ],
            [
              -66.83467185823731,
              10.449561621034459
            ],
            [
              -66.83544297072991,
              10.451133584512444
            ],
            [
              -66.8371733534281,
              10.45141970967548
            ]
          ]
        ]
      },
      "properties": {
        "point_count": 2,
        "density_level": "LOW",
        "avg_speed": 105,
        "unique_vehicles": 2,
        "min_speed": 96,
        "max_speed": 114
      }
    },
    {
      "h3_index": "8967412ea0fffff",
      "type": "Feature",
      "geometry": {
        "type": "Polygon",
        "coordinates": [
          [
            [
              -66.93023652958335,
              10.433551756660782
            ],
            [
              -66.93119727083933,
              10.432264564534849
            ],
            [
              -66.93042580780126,
              10.430691688354273
            ],
            [
              -66.92869361454026,
              10.430406037720383
            ],
            [
              -66.92773290460683,
              10.431693246142848
            ],
            [
              -66.92850435661113,
              10.433266088902998
            ],
            [
              -66.93023652958335,
              10.433551756660782
            ]
          ]
        ]
      },
      "properties": {
        "point_count": 1,
        "density_level": "LOW",
        "avg_speed": 82,
        "unique_vehicles": 1,
        "min_speed": 82,
        "max_speed": 82
      }
    },
    {
      "h3_index": "89674c5a39bffff",
      "type": "Feature",
      "geometry": {
        "type": "Polygon",
        "coordinates": [
          [
            [
              -66.82304772296379,
              10.386950036837483
            ],
            [
              -66.8240070124125,
              10.385662884507722
            ],
            [
              -66.82323576415673,
              10.384089910013822
            ],
            [
              -66.82150523761564,
              10.383804121361566
            ],
            [
              -66.82054597960376,
              10.385091289919911
            ],
            [
              -66.82131721669546,
              10.38666423090226
            ],
            [
              -66.82304772296379,
              10.386950036837483
            ]
          ]
        ]
      },
      "properties": {
        "point_count": 1,
        "density_level": "LOW",
        "avg_speed": 55,
        "unique_vehicles": 1,
        "min_speed": 55,
        "max_speed": 55
      }
    },
    {
      "h3_index": "8967412e523ffff",
      "type": "Feature",
      "geometry": {
        "type": "Polygon",
        "coordinates": [
          [
            [
              -66.9212566088785,
              10.489871056133707
            ],
            [
              -66.9222170316861,
              10.488585212297547
            ],
            [
              -66.92144574467109,
              10.487013327384037
            ],
            [
              -66.9197140458879,
              10.486727319712099
            ],
            [
              -66.91875365439955,
              10.488013179872116
            ],
            [
              -66.91952493037442,
              10.489585031380537
            ],
            [
              -66.9212566088785,
              10.489871056133707
            ]
          ]
        ]
      },
      "properties": {
        "point_count": 1,
        "density_level": "LOW",
        "avg_speed": 45,
        "unique_vehicles": 1,
        "min_speed": 45,
        "max_speed": 45
      }
    },
    {
      "h3_index": "8967412467bffff",
      "type": "Feature",
      "geometry": {
        "type": "Polygon",
        "coordinates": [
          [
            [
              -66.85761611964875,
              10.499567601431007
            ],
            [
              -66.85857555887335,
              10.498282616010316
            ],
            [
              -66.85780449717107,
              10.496711289894629
            ],
            [
              -66.85607400735819,
              10.496424982644884
            ],
            [
              -66.85511459951276,
              10.497709984369807
            ],
            [
              -66.85588565010035,
              10.499281277040584
            ],
            [
              -66.85761611964875,
              10.499567601431007
            ]
          ]
        ]
      },
      "properties": {
        "point_count": 1,
        "density_level": "LOW",
        "avg_speed": 53,
        "unique_vehicles": 1,
        "min_speed": 53,
        "max_speed": 53
      }
    },
    {
      "h3_index": "8967412ea8fffff",
      "type": "Feature",
      "geometry": {
        "type": "Polygon",
        "coordinates": [
          [
            [
              -66.92716517961131,
              10.440272859449099
            ],
            [
              -66.92812585299296,
              10.438985848232095
            ],
            [
              -66.92735441719675,
              10.437413102697406
            ],
            [
              -66.9256223190551,
              10.437127401800023
            ],
            [
              -66.92466167699753,
              10.438414429316037
            ],
            [
              -66.92543310175682,
              10.439987141430754
            ],
            [
              -66.92716517961131,
              10.440272859449099
            ]
          ]
        ]
      },
      "properties": {
        "point_count": 1,
        "density_level": "LOW",
        "avg_speed": 118,
        "unique_vehicles": 1,
        "min_speed": 118,
        "max_speed": 118
      }
    },
    {
      "h3_index": "8967412dd27ffff",
      "type": "Feature",
      "geometry": {
        "type": "Polygon",
        "coordinates": [
          [
            [
              -66.96176111616711,
              10.393916273349463
            ],
            [
              -66.96272245782335,
              10.392627880438704
            ],
            [
              -66.96195079257116,
              10.391054150787514
            ],
            [
              -66.96021779666137,
              10.390768847461143
            ],
            [
              -66.95925648630525,
              10.392057256659067
            ],
            [
              -66.9600281405581,
              10.393630952896517
            ],
            [
              -66.96176111616711,
              10.393916273349463
            ]
          ]
        ]
      },
      "properties": {
        "point_count": 1,
        "density_level": "LOW",
        "avg_speed": 96,
        "unique_vehicles": 1,
        "min_speed": 96,
        "max_speed": 96
      }
    },
    {
      "h3_index": "8967412c0b7ffff",
      "type": "Feature",
      "geometry": {
        "type": "Polygon",
        "coordinates": [
          [
            [
              -66.95584352145761,
              10.443556482607669
            ],
            [
              -66.95680461235065,
              10.442269256325218
            ],
            [
              -66.95603309587133,
              10.440696386470972
            ],
            [
              -66.9543004995009,
              10.440410776298537
            ],
            [
              -66.9533394399032,
              10.441698018893067
            ],
            [
              -66.95411094537988,
              10.443270855348302
            ],
            [
              -66.95584352145761,
              10.443556482607669
            ]
          ]
        ]
      },
      "properties": {
        "point_count": 1,
        "density_level": "LOW",
        "avg_speed": 105,
        "unique_vehicles": 1,
        "min_speed": 105,
        "max_speed": 105
      }
    },
    {
      "h3_index": "8967412eed3ffff",
      "type": "Feature",
      "geometry": {
        "type": "Polygon",
        "coordinates": [
          [
            [
              -66.93335076549289,
              10.465862497502592
            ],
            [
              -66.93431144754318,
              10.46457599546004
            ],
            [
              -66.93354005968602,
              10.463003636128146
            ],
            [
              -66.93180800080547,
              10.462717812245124
            ],
            [
              -66.93084735006776,
              10.464004330603153
            ],
            [
              -66.9316187268973,
              10.465576656529059
            ],
            [
              -66.93335076549289,
              10.465862497502592
            ]
          ]
        ]
      },
      "properties": {
        "point_count": 1,
        "density_level": "LOW",
        "avg_speed": 54,
        "unique_vehicles": 1,
        "min_speed": 54,
        "max_speed": 54
      }
    },
    {
      "h3_index": "8967412c113ffff",
      "type": "Feature",
      "geometry": {
        "type": "Polygon",
        "coordinates": [
          [
            [
              -66.94871037064267,
              10.432260552957723
            ],
            [
              -66.9496713920189,
              10.430973146278467
            ],
            [
              -66.94889986803972,
              10.429400133436825
            ],
            [
              -66.94716733369553,
              10.429114560682985
            ],
            [
              -66.94620634362401,
              10.43040198366534
            ],
            [
              -66.94697785659125,
              10.431974963098767
            ],
            [
              -66.94871037064267,
              10.432260552957723
            ]
          ]
        ]
      },
      "properties": {
        "point_count": 2,
        "density_level": "LOW",
        "avg_speed": 95.5,
        "unique_vehicles": 2,
        "min_speed": 85,
        "max_speed": 106
      }
    },
    {
      "h3_index": "8967412c9a3ffff",
      "type": "Feature",
      "geometry": {
        "type": "Polygon",
        "coordinates": [
          [
            [
              -66.90728111564599,
              10.383495527524655
            ],
            [
              -66.90824167755146,
              10.38220744977992
            ],
            [
              -66.90747015476741,
              10.380633888385168
            ],
            [
              -66.90573808114192,
              10.380348438190623
            ],
            [
              -66.90477755059207,
              10.381636532195275
            ],
            [
              -66.90554906231138,
              10.383210060134891
            ],
            [
              -66.90728111564599,
              10.383495527524655
            ]
          ]
        ]
      },
      "properties": {
        "point_count": 1,
        "density_level": "LOW",
        "avg_speed": 79,
        "unique_vehicles": 1,
        "min_speed": 79,
        "max_speed": 79
      }
    },
    {
      "h3_index": "89674c5a283ffff",
      "type": "Feature",
      "geometry": {
        "type": "Polygon",
        "coordinates": [
          [
            [
              -66.83805897123338,
              10.398102232563291
            ],
            [
              -66.83901844924372,
              10.396815177647433
            ],
            [
              -66.83824718272125,
              10.395242292724072
            ],
            [
              -66.83651644933319,
              10.394956496213975
            ],
            [
              -66.83555700274272,
              10.396243567370531
            ],
            [
              -66.83632825811972,
              10.39781641879682
            ],
            [
              -66.83805897123338,
              10.398102232563291
            ]
          ]
        ]
      },
      "properties": {
        "point_count": 1,
        "density_level": "LOW",
        "avg_speed": 46,
        "unique_vehicles": 1,
        "min_speed": 46,
        "max_speed": 46
      }
    },
    {
      "h3_index": "89674122967ffff",
      "type": "Feature",
      "geometry": {
        "type": "Polygon",
        "coordinates": [
          [
            [
              -66.88499565202245,
              10.56182892741675
            ],
            [
              -66.88595529725809,
              10.560545059408057
            ],
            [
              -66.885184313026,
              10.558974599014427
            ],
            [
              -66.88345369463518,
              10.558688040031884
            ],
            [
              -66.88249408073881,
              10.55997192438943
            ],
            [
              -66.88326505389327,
              10.561542351380995
            ],
            [
              -66.88499565202245,
              10.56182892741675
            ]
          ]
        ]
      },
      "properties": {
        "point_count": 1,
        "density_level": "LOW",
        "avg_speed": 13,
        "unique_vehicles": 1,
        "min_speed": 13,
        "max_speed": 13
      }
    },
    {
      "h3_index": "8967413595bffff",
      "type": "Feature",
      "geometry": {
        "type": "Polygon",
        "coordinates": [
          [
            [
              -66.83965182252848,
              10.573067175620931
            ],
            [
              -66.840610752298,
              10.571784017542349
            ],
            [
              -66.83983994061069,
              10.570214027638489
            ],
            [
              -66.83811021028346,
              10.56992722924217
            ],
            [
              -66.83715131189483,
              10.571210403658041
            ],
            [
              -66.8379221124518,
              10.57278036013329
            ],
            [
              -66.83965182252848,
              10.573067175620931
            ]
          ]
        ]
      },
      "properties": {
        "point_count": 1,
        "density_level": "LOW",
        "avg_speed": 28,
        "unique_vehicles": 1,
        "min_speed": 28,
        "max_speed": 28
      }
    },
    {
      "h3_index": "89674120a2bffff",
      "type": "Feature",
      "geometry": {
        "type": "Polygon",
        "coordinates": [
          [
            [
              -66.94014549162637,
              10.521875998031291
            ],
            [
              -66.94110609180247,
              10.520590679668363
            ],
            [
              -66.94033482998034,
              10.519019209973187
            ],
            [
              -66.93860297899678,
              10.518733092021064
            ],
            [
              -66.93764241011468,
              10.520018426732642
            ],
            [
              -66.9384136609214,
              10.521589863048035
            ],
            [
              -66.94014549162637,
              10.521875998031291
            ]
          ]
        ]
      },
      "properties": {
        "point_count": 1,
        "density_level": "LOW",
        "avg_speed": 42,
        "unique_vehicles": 1,
        "min_speed": 42,
        "max_speed": 42
      }
    },
    {
      "h3_index": "896741271bbffff",
      "type": "Feature",
      "geometry": {
        "type": "Polygon",
        "coordinates": [
          [
            [
              -66.84535141140103,
              10.52640537177816
            ],
            [
              -66.84631057918331,
              10.525121110785937
            ],
            [
              -66.84553962677171,
              10.52355030780919
            ],
            [
              -66.84380951770423,
              10.52326379926791
            ],
            [
              -66.84285038130729,
              10.524548076574249
            ],
            [
              -66.84362132259176,
              10.526118846108087
            ],
            [
              -66.84535141140103,
              10.52640537177816
            ]
          ]
        ]
      },
      "properties": {
        "point_count": 2,
        "density_level": "LOW",
        "avg_speed": 46,
        "unique_vehicles": 2,
        "min_speed": 3,
        "max_speed": 89
      }
    },
    {
      "h3_index": "89674124bdbffff",
      "type": "Feature",
      "geometry": {
        "type": "Polygon",
        "coordinates": [
          [
            [
              -66.80947111897817,
              10.433838057181374
            ],
            [
              -66.81043005163527,
              10.432552088539639
            ],
            [
              -66.80965896967602,
              10.430979974816665
            ],
            [
              -66.80792896623547,
              10.430693863238776
            ],
            [
              -66.8069700650183,
              10.431979848129727
            ],
            [
              -66.80774113580104,
              10.433551928349692
            ],
            [
              -66.80947111897817,
              10.433838057181374
            ]
          ]
        ]
      },
      "properties": {
        "point_count": 1,
        "density_level": "LOW",
        "avg_speed": 48,
        "unique_vehicles": 1,
        "min_speed": 48,
        "max_speed": 48
      }
    },
    {
      "h3_index": "89674c5b51bffff",
      "type": "Feature",
      "geometry": {
        "type": "Polygon",
        "coordinates": [
          [
            [
              -66.86114378671859,
              10.406250283644871
            ],
            [
              -66.8621035838924,
              10.404963177837024
            ],
            [
              -66.8613322658468,
              10.403390282346116
            ],
            [
              -66.85960116174425,
              10.403104526141579
            ],
            [
              -66.85864139596616,
              10.404391648203719
            ],
            [
              -66.85941270289416,
              10.405964510216439
            ],
            [
              -66.86114378671859,
              10.406250283644871
            ]
          ]
        ]
      },
      "properties": {
        "point_count": 1,
        "density_level": "LOW",
        "avg_speed": 74,
        "unique_vehicles": 1,
        "min_speed": 74,
        "max_speed": 74
      }
    },
    {
      "h3_index": "89674126277ffff",
      "type": "Feature",
      "geometry": {
        "type": "Polygon",
        "coordinates": [
          [
            [
              -66.83228243904612,
              10.525683732282278
            ],
            [
              -66.83324141340907,
              10.524399587180884
            ],
            [
              -66.8324705004617,
              10.522828854075732
            ],
            [
              -66.83074062429331,
              10.522542299524401
            ],
            [
              -66.82978168132854,
              10.523826460934405
            ],
            [
              -66.83055258313328,
              10.525397160587463
            ],
            [
              -66.83228243904612,
              10.525683732282278
            ]
          ]
        ]
      },
      "properties": {
        "point_count": 1,
        "density_level": "LOW",
        "avg_speed": 23,
        "unique_vehicles": 1,
        "min_speed": 23,
        "max_speed": 23
      }
    },
    {
      "h3_index": "89674124e0bffff",
      "type": "Feature",
      "geometry": {
        "type": "Polygon",
        "coordinates": [
          [
            [
              -66.82103705027228,
              10.457416812538781
            ],
            [
              -66.82199607929613,
              10.456131253937615
            ],
            [
              -66.82122502256243,
              10.454559457868328
            ],
            [
              -66.81949494796528,
              10.454273253886642
            ],
            [
              -66.8185359503651,
              10.455558828754581
            ],
            [
              -66.81930699593771,
              10.457130591337762
            ],
            [
              -66.82103705027228,
              10.457416812538781
            ]
          ]
        ]
      },
      "properties": {
        "point_count": 1,
        "density_level": "LOW",
        "avg_speed": 103,
        "unique_vehicles": 1,
        "min_speed": 103,
        "max_speed": 103
      }
    },
    {
      "h3_index": "89674c5b273ffff",
      "type": "Feature",
      "geometry": {
        "type": "Polygon",
        "coordinates": [
          [
            [
              -66.89920369498695,
              10.38650301407817
            ],
            [
              -66.90016412627126,
              10.385215084627742
            ],
            [
              -66.89939263669076,
              10.383641623602799
            ],
            [
              -66.89766072689928,
              10.383356125488204
            ],
            [
              -66.89670032697785,
              10.384644071197014
            ],
            [
              -66.89747180548429,
              10.386217498762397
            ],
            [
              -66.89920369498695,
              10.38650301407817
            ]
          ]
        ]
      },
      "properties": {
        "point_count": 1,
        "density_level": "LOW",
        "avg_speed": 89,
        "unique_vehicles": 1,
        "min_speed": 89,
        "max_speed": 89
      }
    },
    {
      "h3_index": "8967412ee87ffff",
      "type": "Feature",
      "geometry": {
        "type": "Polygon",
        "coordinates": [
          [
            [
              -66.92314815027507,
              10.461288617941756
            ],
            [
              -66.92410869487698,
              10.460002116405581
            ],
            [
              -66.92333732684125,
              10.458429744729665
            ],
            [
              -66.921605425243,
              10.458143908004988
            ],
            [
              -66.92064491196464,
              10.45943042585012
            ],
            [
              -66.92141626896029,
              10.461002764111312
            ],
            [
              -66.92314815027507,
              10.461288617941756
            ]
          ]
        ]
      },
      "properties": {
        "point_count": 1,
        "density_level": "LOW",
        "avg_speed": 23,
        "unique_vehicles": 1,
        "min_speed": 23,
        "max_speed": 23
      }
    },
    {
      "h3_index": "8967412eb73ffff",
      "type": "Feature",
      "geometry": {
        "type": "Polygon",
        "coordinates": [
          [
            [
              -66.91540444557167,
              10.419540225717014
            ],
            [
              -66.91636501103217,
              10.418252870119332
            ],
            [
              -66.91559355750992,
              10.41667985438439
            ],
            [
              -66.91386154957884,
              10.416394227683396
            ],
            [
              -66.91290101545833,
              10.417681599564068
            ],
            [
              -66.9136724579282,
              10.419254581863076
            ],
            [
              -66.91540444557167,
              10.419540225717014
            ]
          ]
        ]
      },
      "properties": {
        "point_count": 1,
        "density_level": "LOW",
        "avg_speed": 66,
        "unique_vehicles": 1,
        "min_speed": 66,
        "max_speed": 66
      }
    },
    {
      "h3_index": "89674120b67ffff",
      "type": "Feature",
      "geometry": {
        "type": "Polygon",
        "coordinates": [
          [
            [
              -66.92531672780535,
              10.507873375568463
            ],
            [
              -66.92627715235216,
              10.506587893344253
            ],
            [
              -66.92550589997136,
              10.505016282666466
            ],
            [
              -66.92377423407703,
              10.504730187608578
            ],
            [
              -66.9228138408417,
              10.506015686168052
            ],
            [
              -66.9235850821885,
              10.507587263450478
            ],
            [
              -66.92531672780535,
              10.507873375568463
            ]
          ]
        ]
      },
      "properties": {
        "point_count": 1,
        "density_level": "LOW",
        "avg_speed": 82,
        "unique_vehicles": 1,
        "min_speed": 82,
        "max_speed": 82
      }
    },
    {
      "h3_index": "8967412c837ffff",
      "type": "Feature",
      "geometry": {
        "type": "Polygon",
        "coordinates": [
          [
            [
              -66.92518559392202,
              10.39078515308152
            ],
            [
              -66.92614639961114,
              10.389497057816456
            ],
            [
              -66.92537483999651,
              10.387923504845238
            ],
            [
              -66.92364248573503,
              10.387638080579512
            ],
            [
              -66.92268171138252,
              10.388926192115571
            ],
            [
              -66.92345325995416,
              10.390499711646706
            ],
            [
              -66.92518559392202,
              10.39078515308152
            ]
          ]
        ]
      },
      "properties": {
        "point_count": 1,
        "density_level": "LOW",
        "avg_speed": 64,
        "unique_vehicles": 1,
        "min_speed": 64,
        "max_speed": 64
      }
    },
    {
      "h3_index": "8967412de87ffff",
      "type": "Feature",
      "geometry": {
        "type": "Polygon",
        "coordinates": [
          [
            [
              -66.99990532918021,
              10.41321453938987
            ],
            [
              -67.00086717660179,
              10.4119261938832
            ],
            [
              -67.00009544398868,
              10.410352546565717
            ],
            [
              -66.99836187490591,
              10.410067278135376
            ],
            [
              -66.99740005874287,
              10.411355639954861
            ],
            [
              -66.99817178040337,
              10.412929253892193
            ],
            [
              -66.99990532918021,
              10.41321453938987
            ]
          ]
        ]
      },
      "properties": {
        "point_count": 1,
        "density_level": "LOW",
        "avg_speed": 64,
        "unique_vehicles": 1,
        "min_speed": 64,
        "max_speed": 64
      }
    },
    {
      "h3_index": "89674127597ffff",
      "type": "Feature",
      "geometry": {
        "type": "Polygon",
        "coordinates": [
          [
            [
              -66.84365765558137,
              10.552095793673057
            ],
            [
              -66.8446167139587,
              10.550812125138433
            ],
            [
              -66.84384583445028,
              10.54924176055769
            ],
            [
              -66.84211590769098,
              10.548955097945976
            ],
            [
              -66.84115688069512,
              10.550238782808071
            ],
            [
              -66.84192774907636,
              10.551809113954732
            ],
            [
              -66.84365765558137,
              10.552095793673057
            ]
          ]
        ]
      },
      "properties": {
        "point_count": 2,
        "density_level": "LOW",
        "avg_speed": 54,
        "unique_vehicles": 2,
        "min_speed": 50,
        "max_speed": 58
      }
    },
    {
      "h3_index": "8967412e0d3ffff",
      "type": "Feature",
      "geometry": {
        "type": "Polygon",
        "coordinates": [
          [
            [
              -66.94954937747437,
              10.49887654111823
            ],
            [
              -66.95051019333953,
              10.497590613800696
            ],
            [
              -66.94973884179282,
              10.496018702630431
            ],
            [
              -66.94800668538622,
              10.495732752160247
            ],
            [
              -66.94704590081078,
              10.497018695817635
            ],
            [
              -66.94781724135152,
              10.498590573605687
            ],
            [
              -66.94954937747437,
              10.49887654111823
            ]
          ]
        ]
      },
      "properties": {
        "point_count": 1,
        "density_level": "LOW",
        "avg_speed": 48,
        "unique_vehicles": 1,
        "min_speed": 48,
        "max_speed": 48
      }
    },
    {
      "h3_index": "89674135b8bffff",
      "type": "Feature",
      "geometry": {
        "type": "Polygon",
        "coordinates": [
          [
            [
              -66.84771820060115,
              10.57007790274168
            ],
            [
              -66.84867726095801,
              10.56879459611149
            ],
            [
              -66.84790641589831,
              10.567224505930435
            ],
            [
              -66.84617652160205,
              10.56693775580419
            ],
            [
              -66.84521749261889,
              10.568221078773197
            ],
            [
              -66.84598832655756,
              10.56979113552997
            ],
            [
              -66.84771820060115,
              10.57007790274168
            ]
          ]
        ]
      },
      "properties": {
        "point_count": 1,
        "density_level": "LOW",
        "avg_speed": 8,
        "unique_vehicles": 1,
        "min_speed": 8,
        "max_speed": 8
      }
    },
    {
      "h3_index": "8967412ec2bffff",
      "type": "Feature",
      "geometry": {
        "type": "Polygon",
        "coordinates": [
          [
            [
              -66.90775127836832,
              10.455857034836214
            ],
            [
              -66.90871161063039,
              10.454570566978402
            ],
            [
              -66.90794027646909,
              10.452998201269684
            ],
            [
              -66.90620862110372,
              10.452712336846488
            ],
            [
              -66.90524832018137,
              10.453998821004237
            ],
            [
              -66.90601964328397,
              10.455571153285582
            ],
            [
              -66.90775127836832,
              10.455857034836214
            ]
          ]
        ]
      },
      "properties": {
        "point_count": 1,
        "density_level": "LOW",
        "avg_speed": 92,
        "unique_vehicles": 1,
        "min_speed": 92,
        "max_speed": 92
      }
    },
    {
      "h3_index": "8967412e923ffff",
      "type": "Feature",
      "geometry": {
        "type": "Polygon",
        "coordinates": [
          [
            [
              -66.88886134373502,
              10.423834704474862
            ],
            [
              -66.88982149825067,
              10.422547711869239
            ],
            [
              -66.8890501391813,
              10.420974933452454
            ],
            [
              -66.88731863667901,
              10.420689181094156
            ],
            [
              -66.88635851352832,
              10.421976189974703
            ],
            [
              -66.88712986151423,
              10.42354893493897
            ],
            [
              -66.88886134373502,
              10.423834704474862
            ]
          ]
        ]
      },
      "properties": {
        "point_count": 1,
        "density_level": "LOW",
        "avg_speed": 6,
        "unique_vehicles": 1,
        "min_speed": 6,
        "max_speed": 6
      }
    },
    {
      "h3_index": "8967412c413ffff",
      "type": "Feature",
      "geometry": {
        "type": "Polygon",
        "coordinates": [
          [
            [
              -66.96491183984944,
              10.465288327646356
            ],
            [
              -66.96587299494101,
              10.464001495394836
            ],
            [
              -66.96510150740289,
              10.462428930072372
            ],
            [
              -66.96336887576275,
              10.46214323038627
            ],
            [
              -66.96240775195298,
              10.463430078965338
            ],
            [
              -66.96317922850083,
              10.465002610903287
            ],
            [
              -66.96491183984944,
              10.465288327646356
            ]
          ]
        ]
      },
      "properties": {
        "point_count": 1,
        "density_level": "LOW",
        "avg_speed": 82,
        "unique_vehicles": 1,
        "min_speed": 82,
        "max_speed": 82
      }
    },
    {
      "h3_index": "8967412e6dbffff",
      "type": "Feature",
      "geometry": {
        "type": "Polygon",
        "coordinates": [
          [
            [
              -66.96976821698662,
              10.510881199535616
            ],
            [
              -66.97072929525417,
              10.50959533720902
            ],
            [
              -66.9699579124685,
              10.508023500432733
            ],
            [
              -66.96822546239564,
              10.507737559347065
            ],
            [
              -66.9672644153954,
              10.509023438027944
            ],
            [
              -66.96803578719998,
              10.510595241440544
            ],
            [
              -66.96976821698662,
              10.510881199535616
            ]
          ]
        ]
      },
      "properties": {
        "point_count": 1,
        "density_level": "LOW",
        "avg_speed": 92,
        "unique_vehicles": 1,
        "min_speed": 92,
        "max_speed": 92
      }
    },
    {
      "h3_index": "89674c5b0c7ffff",
      "type": "Feature",
      "geometry": {
        "type": "Polygon",
        "coordinates": [
          [
            [
              -66.87979369707108,
              10.402099938577956
            ],
            [
              -66.88075378698473,
              10.400812552313683
            ],
            [
              -66.87998239931007,
              10.399239471014017
            ],
            [
              -66.87825093281694,
              10.39895380944593
            ],
            [
              -66.87729087428174,
              10.400241211969552
            ],
            [
              -66.87806225086054,
              10.401814259802247
            ],
            [
              -66.87979369707108,
              10.402099938577956
            ]
          ]
        ]
      },
      "properties": {
        "point_count": 2,
        "density_level": "LOW",
        "avg_speed": 63.5,
        "unique_vehicles": 2,
        "min_speed": 29,
        "max_speed": 98
      }
    },
    {
      "h3_index": "896741273b3ffff",
      "type": "Feature",
      "geometry": {
        "type": "Polygon",
        "coordinates": [
          [
            [
              -66.86148875186086,
              10.520417880073845
            ],
            [
              -66.86244818086057,
              10.51913332209348
            ],
            [
              -66.86167716175117,
              10.51756231848973
            ],
            [
              -66.85994672474989,
              10.517275906300876
            ],
            [
              -66.85898732712114,
              10.518560480598389
            ],
            [
              -66.859758335122,
              10.520131450767927
            ],
            [
              -66.86148875186086,
              10.520417880073845
            ]
          ]
        ]
      },
      "properties": {
        "point_count": 1,
        "density_level": "LOW",
        "avg_speed": 111,
        "unique_vehicles": 1,
        "min_speed": 111,
        "max_speed": 111
      }
    },
    {
      "h3_index": "89674124a73ffff",
      "type": "Feature",
      "geometry": {
        "type": "Polygon",
        "coordinates": [
          [
            [
              -66.82254094205895,
              10.434554775336023
            ],
            [
              -66.8235000683511,
              10.433268690741867
            ],
            [
              -66.82272894676932,
              10.431696506515314
            ],
            [
              -66.82099871005569,
              10.431410440377059
            ],
            [
              -66.82003961519064,
              10.432696541225962
            ],
            [
              -66.8208107256114,
              10.434268691958707
            ],
            [
              -66.82254094205895,
              10.434554775336023
            ]
          ]
        ]
      },
      "properties": {
        "point_count": 1,
        "density_level": "LOW",
        "avg_speed": 8,
        "unique_vehicles": 1,
        "min_speed": 8,
        "max_speed": 8
      }
    },
    {
      "h3_index": "89674120383ffff",
      "type": "Feature",
      "geometry": {
        "type": "Polygon",
        "coordinates": [
          [
            [
              -66.95539397573819,
              10.569148434140667
            ],
            [
              -66.95635464872042,
              10.56786402028622
            ],
            [
              -66.95558346373136,
              10.56629324477032
            ],
            [
              -66.95385161675313,
              10.566006916460196
            ],
            [
              -66.9528909750399,
              10.567291346694867
            ],
            [
              -66.95366214903518,
              10.56886208885977
            ],
            [
              -66.95539397573819,
              10.569148434140667
            ]
          ]
        ]
      },
      "properties": {
        "point_count": 1,
        "density_level": "LOW",
        "avg_speed": 25,
        "unique_vehicles": 1,
        "min_speed": 25,
        "max_speed": 25
      }
    },
    {
      "h3_index": "8967412eb8bffff",
      "type": "Feature",
      "geometry": {
        "type": "Polygon",
        "coordinates": [
          [
            [
              -66.91214472204139,
              10.429122067608246
            ],
            [
              -66.91310520743585,
              10.427834958627221
            ],
            [
              -66.91233378928128,
              10.426262122052202
            ],
            [
              -66.91060189678711,
              10.425976427893081
            ],
            [
              -66.90964144273383,
              10.427263553161096
            ],
            [
              -66.91041284983285,
              10.428836356301574
            ],
            [
              -66.91214472204139,
              10.429122067608246
            ]
          ]
        ]
      },
      "properties": {
        "point_count": 2,
        "density_level": "LOW",
        "avg_speed": 52,
        "unique_vehicles": 2,
        "min_speed": 43,
        "max_speed": 61
      }
    },
    {
      "h3_index": "89674120ba7ffff",
      "type": "Feature",
      "geometry": {
        "type": "Polygon",
        "coordinates": [
          [
            [
              -66.91436017093709,
              10.514726911863532
            ],
            [
              -66.91532040934563,
              10.513441693300901
            ],
            [
              -66.9145492092197,
              10.51187026494941
            ],
            [
              -66.91281778173096,
              10.51158408856111
            ],
            [
              -66.91185757464315,
              10.512869323458446
            ],
            [
              -66.91262876372262,
              10.5144407184097
            ],
            [
              -66.91436017093709,
              10.514726911863532
            ]
          ]
        ]
      },
      "properties": {
        "point_count": 2,
        "density_level": "LOW",
        "avg_speed": 90.5,
        "unique_vehicles": 2,
        "min_speed": 66,
        "max_speed": 115
      }
    },
    {
      "h3_index": "896741270a3ffff",
      "type": "Feature",
      "geometry": {
        "type": "Polygon",
        "coordinates": [
          [
            [
              -66.86035837778593,
              10.53754884461411
            ],
            [
              -66.861317733821,
              10.536264681548335
            ],
            [
              -66.86054676331487,
              10.534693970199594
            ],
            [
              -66.85881644788161,
              10.534407455345296
            ],
            [
              -66.85785712321496,
              10.535691634737116
            ],
            [
              -66.85862808261246,
              10.537262312657516
            ],
            [
              -66.86035837778593,
              10.53754884461411
            ]
          ]
        ]
      },
      "properties": {
        "point_count": 1,
        "density_level": "LOW",
        "avg_speed": 24,
        "unique_vehicles": 1,
        "min_speed": 24,
        "max_speed": 24
      }
    },
    {
      "h3_index": "896741260cfffff",
      "type": "Feature",
      "geometry": {
        "type": "Polygon",
        "coordinates": [
          [
            [
              -66.81808793095884,
              10.542087404556591
            ],
            [
              -66.81904663894399,
              10.540803770322253
            ],
            [
              -66.81827581414505,
              10.539233399206967
            ],
            [
              -66.81654629251835,
              10.538946695781775
            ],
            [
              -66.81558761594157,
              10.540230346328162
            ],
            [
              -66.81635842958241,
              10.541800683988045
            ],
            [
              -66.81808793095884,
              10.542087404556591
            ]
          ]
        ]
      },
      "properties": {
        "point_count": 1,
        "density_level": "LOW",
        "avg_speed": 54,
        "unique_vehicles": 1,
        "min_speed": 54,
        "max_speed": 54
      }
    },
    {
      "h3_index": "8967412cec3ffff",
      "type": "Feature",
      "geometry": {
        "type": "Polygon",
        "coordinates": [
          [
            [
              -66.95504550118264,
              10.415952752469842
            ],
            [
              -66.95600667049669,
              10.414664918328526
            ],
            [
              -66.95523508398203,
              10.41309159560076
            ],
            [
              -66.95350233915829,
              10.412806140424692
            ],
            [
              -66.95254120114625,
              10.414093990862645
            ],
            [
              -66.95331277665524,
              10.415667280180363
            ],
            [
              -66.95504550118264,
              10.415952752469842
            ]
          ]
        ]
      },
      "properties": {
        "point_count": 1,
        "density_level": "LOW",
        "avg_speed": 108,
        "unique_vehicles": 1,
        "min_speed": 108,
        "max_speed": 108
      }
    },
    {
      "h3_index": "8967412c023ffff",
      "type": "Feature",
      "geometry": {
        "type": "Polygon",
        "coordinates": [
          [
            [
              -66.96161034518386,
              10.435832549094503
            ],
            [
              -66.9625715474241,
              10.434545092489422
            ],
            [
              -66.96179999274253,
              10.432972058541523
            ],
            [
              -66.9600672468164,
              10.432686514597034
            ],
            [
              -66.95910607586748,
              10.433973987512243
            ],
            [
              -66.95987761955267,
              10.435546988062153
            ],
            [
              -66.96161034518386,
              10.435832549094503
            ]
          ]
        ]
      },
      "properties": {
        "point_count": 3,
        "density_level": "LOW",
        "avg_speed": 32,
        "unique_vehicles": 3,
        "min_speed": 7,
        "max_speed": 62
      }
    },
    {
      "h3_index": "896741250bbffff",
      "type": "Feature",
      "geometry": {
        "type": "Polygon",
        "coordinates": [
          [
            [
              -66.88433147379581,
              10.492434908149475
            ],
            [
              -66.88529133616859,
              10.49114949370189
            ],
            [
              -66.88452017159209,
              10.489577881882253
            ],
            [
              -66.88278915572576,
              10.48929171793992
            ],
            [
              -66.88182932470771,
              10.490577148698298
            ],
            [
              -66.88260047820054,
              10.49214872708855
            ],
            [
              -66.88433147379581,
              10.492434908149475
            ]
          ]
        ]
      },
      "properties": {
        "point_count": 1,
        "density_level": "LOW",
        "avg_speed": 48,
        "unique_vehicles": 1,
        "min_speed": 48,
        "max_speed": 48
      }
    },
    {
      "h3_index": "89674127273ffff",
      "type": "Feature",
      "geometry": {
        "type": "Polygon",
        "coordinates": [
          [
            [
              -66.88995053952075,
              10.526571119464105
            ],
            [
              -66.89091037424949,
              10.525286411994323
            ],
            [
              -66.89013928175373,
              10.52371533302962
            ],
            [
              -66.88840836560298,
              10.523428994947428
            ],
            [
              -66.88744856221624,
              10.524713718748826
            ],
            [
              -66.88821964363753,
              10.526284764301147
            ],
            [
              -66.88995053952075,
              10.526571119464105
            ]
          ]
        ]
      },
      "properties": {
        "point_count": 1,
        "density_level": "LOW",
        "avg_speed": 66,
        "unique_vehicles": 1,
        "min_speed": 66,
        "max_speed": 66
      }
    },
    {
      "h3_index": "8967412c033ffff",
      "type": "Feature",
      "geometry": {
        "type": "Polygon",
        "coordinates": [
          [
            [
              -66.96142070171366,
              10.438692925265526
            ],
            [
              -66.9623818917622,
              10.437405534394873
            ],
            [
              -66.96161034518386,
              10.435832549094503
            ],
            [
              -66.95987761955267,
              10.435546988062153
            ],
            [
              -66.95891646079504,
              10.436834395244434
            ],
            [
              -66.95968799637699,
              10.438407347147761
            ],
            [
              -66.96142070171366,
              10.438692925265526
            ]
          ]
        ]
      },
      "properties": {
        "point_count": 1,
        "density_level": "LOW",
        "avg_speed": 4,
        "unique_vehicles": 1,
        "min_speed": 4,
        "max_speed": 4
      }
    },
    {
      "h3_index": "8967412e3bbffff",
      "type": "Feature",
      "geometry": {
        "type": "Polygon",
        "coordinates": [
          [
            [
              -66.94086123469486,
              10.47143691281998
            ],
            [
              -66.94182201066586,
              10.47015045973582
            ],
            [
              -66.94105061405067,
              10.46857814623636
            ],
            [
              -66.9393184524821,
              10.468292319220083
            ],
            [
              -66.93835770781517,
              10.469578788625695
            ],
            [
              -66.93912909341202,
              10.471151068726469
            ],
            [
              -66.94086123469486,
              10.47143691281998
            ]
          ]
        ]
      },
      "properties": {
        "point_count": 1,
        "density_level": "LOW",
        "avg_speed": 67,
        "unique_vehicles": 1,
        "min_speed": 67,
        "max_speed": 67
      }
    },
    {
      "h3_index": "89674121b07ffff",
      "type": "Feature",
      "geometry": {
        "type": "Polygon",
        "coordinates": [
          [
            [
              -66.97746962453537,
              10.513596793269397
            ],
            [
              -66.97843080877674,
              10.512310914216199
            ],
            [
              -66.97765940926405,
              10.51073907495041
            ],
            [
              -66.97592683648108,
              10.510453148095479
            ],
            [
              -66.97496568349894,
              10.511739043507442
            ],
            [
              -66.97573707203983,
              10.513310849415891
            ],
            [
              -66.97746962453537,
              10.513596793269397
            ]
          ]
        ]
      },
      "properties": {
        "point_count": 2,
        "density_level": "LOW",
        "avg_speed": 85,
        "unique_vehicles": 2,
        "min_speed": 62,
        "max_speed": 108
      }
    },
    {
      "h3_index": "89674120c97ffff",
      "type": "Feature",
      "geometry": {
        "type": "Polygon",
        "coordinates": [
          [
            [
              -66.91634050880492,
              10.564131796948676
            ],
            [
              -66.91730061507887,
              10.56284766429373
            ],
            [
              -66.91652953864588,
              10.56127704727243
            ],
            [
              -66.91479836697862,
              10.560990596286135
            ],
            [
              -66.9138382920129,
              10.562274745303391
            ],
            [
              -66.9146093574055,
              10.563845328944963
            ],
            [
              -66.91634050880492,
              10.564131796948676
            ]
          ]
        ]
      },
      "properties": {
        "point_count": 1,
        "density_level": "LOW",
        "avg_speed": 112,
        "unique_vehicles": 1,
        "min_speed": 112,
        "max_speed": 112
      }
    },
    {
      "h3_index": "896741359dbffff",
      "type": "Feature",
      "geometry": {
        "type": "Polygon",
        "coordinates": [
          [
            [
              -66.83658706701296,
              10.579769254869381
            ],
            [
              -66.83754592894763,
              10.578486278033102
            ],
            [
              -66.83677514458753,
              10.576916419097957
            ],
            [
              -66.83504550942548,
              10.576629570427489
            ],
            [
              -66.83408667887322,
              10.577912563603512
            ],
            [
              -66.8348574520999,
              10.579482389110584
            ],
            [
              -66.83658706701296,
              10.579769254869381
            ]
          ]
        ]
      },
      "properties": {
        "point_count": 1,
        "density_level": "LOW",
        "avg_speed": 95,
        "unique_vehicles": 1,
        "min_speed": 95,
        "max_speed": 95
      }
    },
    {
      "h3_index": "8967412002fffff",
      "type": "Feature",
      "geometry": {
        "type": "Polygon",
        "coordinates": [
          [
            [
              -66.95251206804399,
              10.57300144506539
            ],
            [
              -66.95347268539996,
              10.57171714653091
            ],
            [
              -66.9527015195007,
              10.570146453245577
            ],
            [
              -66.95096974724167,
              10.569860091846515
            ],
            [
              -66.95000916115667,
              10.571144406762182
            ],
            [
              -66.95078031605904,
              10.572715066696041
            ],
            [
              -66.95251206804399,
              10.57300144506539
            ]
          ]
        ]
      },
      "properties": {
        "point_count": 1,
        "density_level": "LOW",
        "avg_speed": 54,
        "unique_vehicles": 1,
        "min_speed": 54,
        "max_speed": 54
      }
    },
    {
      "h3_index": "8967412e67bffff",
      "type": "Feature",
      "geometry": {
        "type": "Polygon",
        "coordinates": [
          [
            [
              -66.9680231083103,
              10.497591827089629
            ],
            [
              -66.96898420406103,
              10.496305685241836
            ],
            [
              -66.96821279175965,
              10.494733637953138
            ],
            [
              -66.96648029469101,
              10.494447765882562
            ],
            [
              -66.96551923021215,
              10.495733924076731
            ],
            [
              -66.96629063152936,
              10.497305937995433
            ],
            [
              -66.9680231083103,
              10.497591827089629
            ]
          ]
        ]
      },
      "properties": {
        "point_count": 1,
        "density_level": "LOW",
        "avg_speed": 110,
        "unique_vehicles": 1,
        "min_speed": 110,
        "max_speed": 110
      }
    },
    {
      "h3_index": "89674122aa7ffff",
      "type": "Feature",
      "geometry": {
        "type": "Polygon",
        "coordinates": [
          [
            [
              -66.91039130794803,
              10.574690025423328
            ],
            [
              -66.91135129075684,
              10.573406189295106
            ],
            [
              -66.91058026069906,
              10.571835785537951
            ],
            [
              -66.90884925887842,
              10.57154925128902
            ],
            [
              -66.90788930738138,
              10.572833103782932
            ],
            [
              -66.90866032639252,
              10.574403474160416
            ],
            [
              -66.91039130794803,
              10.574690025423328
            ]
          ]
        ]
      },
      "properties": {
        "point_count": 1,
        "density_level": "LOW",
        "avg_speed": 111,
        "unique_vehicles": 1,
        "min_speed": 111,
        "max_speed": 111
      }
    },
    {
      "h3_index": "8967412cc1bffff",
      "type": "Feature",
      "geometry": {
        "type": "Polygon",
        "coordinates": [
          [
            [
              -66.9338760926259,
              10.418248317173514
            ],
            [
              -66.93483693831783,
              10.416960746985263
            ],
            [
              -66.93406542372625,
              10.415387594399567
            ],
            [
              -66.93233307447267,
              10.415102045426178
            ],
            [
              -66.93137226010298,
              10.416389631903975
            ],
            [
              -66.93214376366394,
              10.417962751065945
            ],
            [
              -66.9338760926259,
              10.418248317173514
            ]
          ]
        ]
      },
      "properties": {
        "point_count": 2,
        "density_level": "LOW",
        "avg_speed": 102.5,
        "unique_vehicles": 2,
        "min_speed": 92,
        "max_speed": 113
      }
    },
    {
      "h3_index": "89674125647ffff",
      "type": "Feature",
      "geometry": {
        "type": "Polygon",
        "coordinates": [
          [
            [
              -66.91261363871881,
              10.501441921962709
            ],
            [
              -66.91357389450462,
              10.500156423873829
            ],
            [
              -66.91280266492274,
              10.498584785296407
            ],
            [
              -66.91107119060383,
              10.49829867821474
            ],
            [
              -66.91011096614326,
              10.499584192630401
            ],
            [
              -66.91088218467564,
              10.50115579780127
            ],
            [
              -66.91261363871881,
              10.501441921962709
            ]
          ]
        ]
      },
      "properties": {
        "point_count": 1,
        "density_level": "LOW",
        "avg_speed": 102,
        "unique_vehicles": 1,
        "min_speed": 102,
        "max_speed": 102
      }
    },
    {
      "h3_index": "89674125523ffff",
      "type": "Feature",
      "geometry": {
        "type": "Polygon",
        "coordinates": [
          [
            [
              -66.86606325816749,
              10.490858138521412
            ],
            [
              -66.86702285233484,
              10.489572873064397
            ],
            [
              -66.8662517411023,
              10.488001349320756
            ],
            [
              -66.86452104680707,
              10.487715124476964
            ],
            [
              -66.86356148401255,
              10.489000406236757
            ],
            [
              -66.86433258413972,
              10.4905718965379
            ],
            [
              -66.86606325816749,
              10.490858138521412
            ]
          ]
        ]
      },
      "properties": {
        "point_count": 1,
        "density_level": "LOW",
        "avg_speed": 80,
        "unique_vehicles": 1,
        "min_speed": 80,
        "max_speed": 80
      }
    },
    {
      "h3_index": "89674126087ffff",
      "type": "Feature",
      "geometry": {
        "type": "Polygon",
        "coordinates": [
          [
            [
              -66.80752361102884,
              10.543220794185483
            ],
            [
              -66.80848215692085,
              10.54193729220459
            ],
            [
              -66.807711368672,
              10.540367006237414
            ],
            [
              -66.80598204570094,
              10.540080255713605
            ],
            [
              -66.80502353122732,
              10.54136377400305
            ],
            [
              -66.80579430830568,
              10.542934026508087
            ],
            [
              -66.80752361102884,
              10.543220794185483
            ]
          ]
        ]
      },
      "properties": {
        "point_count": 2,
        "density_level": "LOW",
        "avg_speed": 39.5,
        "unique_vehicles": 2,
        "min_speed": 4,
        "max_speed": 75
      }
    },
    {
      "h3_index": "89674125d5bffff",
      "type": "Feature",
      "geometry": {
        "type": "Polygon",
        "coordinates": [
          [
            [
              -66.84755627362301,
              10.45313635696019
            ],
            [
              -66.84851571403112,
              10.45185043502394
            ],
            [
              -66.84774456206746,
              10.450278401281865
            ],
            [
              -66.84601398082508,
              10.449992322945983
            ],
            [
              -66.84505457181584,
              10.451278261157041
            ],
            [
              -66.8458257126494,
              10.452850261429505
            ],
            [
              -66.84755627362301,
              10.45313635696019
            ]
          ]
        ]
      },
      "properties": {
        "point_count": 2,
        "density_level": "LOW",
        "avg_speed": 66,
        "unique_vehicles": 2,
        "min_speed": 23,
        "max_speed": 109
      }
    },
    {
      "h3_index": "8967412084bffff",
      "type": "Feature",
      "geometry": {
        "type": "Polygon",
        "coordinates": [
          [
            [
              -66.93400376180746,
              10.535299543844848
            ],
            [
              -66.93496422632447,
              10.534014587668679
            ],
            [
              -66.9341930189314,
              10.532443379877535
            ],
            [
              -66.93246135804227,
              10.53215716164171
            ],
            [
              -66.93150092482239,
              10.533442134171445
            ],
            [
              -66.93227212119382,
              10.535013308583771
            ],
            [
              -66.93400376180746,
              10.535299543844848
            ]
          ]
        ]
      },
      "properties": {
        "point_count": 1,
        "density_level": "LOW",
        "avg_speed": 26,
        "unique_vehicles": 1,
        "min_speed": 26,
        "max_speed": 26
      }
    },
    {
      "h3_index": "89674121eb7ffff",
      "type": "Feature",
      "geometry": {
        "type": "Polygon",
        "coordinates": [
          [
            [
              -66.98558700095289,
              10.54959725086324
            ],
            [
              -66.98654818830936,
              10.54831209544924
            ],
            [
              -66.985776858306,
              10.546740806524255
            ],
            [
              -66.98404435190491,
              10.546454706351438
            ],
            [
              -66.98308319579202,
              10.547739878146869
            ],
            [
              -66.98385451483594,
              10.549311133734001
            ],
            [
              -66.98558700095289,
              10.54959725086324
            ]
          ]
        ]
      },
      "properties": {
        "point_count": 1,
        "density_level": "LOW",
        "avg_speed": 58,
        "unique_vehicles": 1,
        "min_speed": 58,
        "max_speed": 58
      }
    },
    {
      "h3_index": "8967412ccbbffff",
      "type": "Feature",
      "geometry": {
        "type": "Polygon",
        "coordinates": [
          [
            [
              -66.92598622702272,
              10.418393510608622
            ],
            [
              -66.92694695436874,
              10.417106022992268
            ],
            [
              -66.92617546477328,
              10.415532922102734
            ],
            [
              -66.92444325887104,
              10.415247342258997
            ],
            [
              -66.92348256285493,
              10.41653484616189
            ],
            [
              -66.92425404141045,
              10.418107913622318
            ],
            [
              -66.92598622702272,
              10.418393510608622
            ]
          ]
        ]
      },
      "properties": {
        "point_count": 1,
        "density_level": "LOW",
        "avg_speed": 113,
        "unique_vehicles": 1,
        "min_speed": 113,
        "max_speed": 113
      }
    },
    {
      "h3_index": "8967412d9c3ffff",
      "type": "Feature",
      "geometry": {
        "type": "Polygon",
        "coordinates": [
          [
            [
              -66.97523395468818,
              10.388900177071951
            ],
            [
              -66.976195513793,
              10.387611537140405
            ],
            [
              -66.97542379359092,
              10.38603764044272
            ],
            [
              -66.97369052526707,
              10.385752417083236
            ],
            [
              -66.97272899745019,
              10.387041073304504
            ],
            [
              -66.97350070666853,
              10.388614936595857
            ],
            [
              -66.97523395468818,
              10.388900177071951
            ]
          ]
        ]
      },
      "properties": {
        "point_count": 1,
        "density_level": "LOW",
        "avg_speed": 28,
        "unique_vehicles": 1,
        "min_speed": 28,
        "max_speed": 28
      }
    },
    {
      "h3_index": "89674135a27ffff",
      "type": "Feature",
      "geometry": {
        "type": "Polygon",
        "coordinates": [
          [
            [
              -66.85828640488529,
              10.568944900983395
            ],
            [
              -66.85924562717801,
              10.567661462157105
            ],
            [
              -66.8584747457636,
              10.566091287068847
            ],
            [
              -66.85674465316441,
              10.56580458422474
            ],
            [
              -66.85578546223537,
              10.567088039393354
            ],
            [
              -66.85655633254113,
              10.568658181064091
            ],
            [
              -66.85828640488529,
              10.568944900983395
            ]
          ]
        ]
      },
      "properties": {
        "point_count": 1,
        "density_level": "LOW",
        "avg_speed": 46,
        "unique_vehicles": 1,
        "min_speed": 46,
        "max_speed": 46
      }
    },
    {
      "h3_index": "89674c5a3dbffff",
      "type": "Feature",
      "geometry": {
        "type": "Polygon",
        "coordinates": [
          [
            [
              -66.83092943500625,
              10.38680601514061
            ],
            [
              -66.83188884307907,
              10.385518780109868
            ],
            [
              -66.83111756945888,
              10.383945753509597
            ],
            [
              -66.82938689891992,
              10.383659995446628
            ],
            [
              -66.82842752227633,
              10.384947246708986
            ],
            [
              -66.82919878474175,
              10.386520239803037
            ],
            [
              -66.83092943500625,
              10.38680601514061
            ]
          ]
        ]
      },
      "properties": {
        "point_count": 1,
        "density_level": "LOW",
        "avg_speed": 8,
        "unique_vehicles": 1,
        "min_speed": 8,
        "max_speed": 8
      }
    },
    {
      "h3_index": "89674122b03ffff",
      "type": "Feature",
      "geometry": {
        "type": "Polygon",
        "coordinates": [
          [
            [
              -66.90326315730803,
              10.563410431536212
            ],
            [
              -66.90422307050794,
              10.56212641461859
            ],
            [
              -66.903452033113,
              10.560555866872006
            ],
            [
              -66.90172109357336,
              10.560269369432339
            ],
            [
              -66.90076121169456,
              10.561553402706789
            ],
            [
              -66.9015322380336,
              10.563123917064416
            ],
            [
              -66.90326315730803,
              10.563410431536212
            ]
          ]
        ]
      },
      "properties": {
        "point_count": 1,
        "density_level": "LOW",
        "avg_speed": 118,
        "unique_vehicles": 1,
        "min_speed": 118,
        "max_speed": 118
      }
    },
    {
      "h3_index": "896741252c3ffff",
      "type": "Feature",
      "geometry": {
        "type": "Polygon",
        "coordinates": [
          [
            [
              -66.91336976798056,
              10.49001268831451
            ],
            [
              -66.91433007246887,
              10.488726927073786
            ],
            [
              -66.91355881048227,
              10.48715509368429
            ],
            [
              -66.91182725505614,
              10.48686905494628
            ],
            [
              -66.91086698189478,
              10.48815483250783
            ],
            [
              -66.91163823283188,
              10.489726632486907
            ],
            [
              -66.91336976798056,
              10.49001268831451
            ]
          ]
        ]
      },
      "properties": {
        "point_count": 1,
        "density_level": "LOW",
        "avg_speed": 77,
        "unique_vehicles": 1,
        "min_speed": 77,
        "max_speed": 77
      }
    },
    {
      "h3_index": "89674120373ffff",
      "type": "Feature",
      "geometry": {
        "type": "Polygon",
        "coordinates": [
          [
            [
              -66.96134785283756,
              10.558585790006644
            ],
            [
              -66.96230864925364,
              10.557301079689049
            ],
            [
              -66.96153741799746,
              10.55573009085746
            ],
            [
              -66.95980540131202,
              10.555443845694784
            ],
            [
              -66.95884463616136,
              10.55672857238922
            ],
            [
              -66.95961585643003,
              10.558299527869794
            ],
            [
              -66.96134785283756,
              10.558585790006644
            ]
          ]
        ]
      },
      "properties": {
        "point_count": 1,
        "density_level": "LOW",
        "avg_speed": 62,
        "unique_vehicles": 1,
        "min_speed": 62,
        "max_speed": 62
      }
    },
    {
      "h3_index": "8967412440fffff",
      "type": "Feature",
      "geometry": {
        "type": "Polygon",
        "coordinates": [
          [
            [
              -66.8334108683381,
              10.508552745876399
            ],
            [
              -66.83436991563238,
              10.507268205914155
            ],
            [
              -66.83359895407398,
              10.505697180854934
            ],
            [
              -66.8318689563632,
              10.505410729216264
            ],
            [
              -66.83090994046967,
              10.506695285478205
            ],
            [
              -66.83168089088547,
              10.508266277079448
            ],
            [
              -66.8334108683381,
              10.508552745876399
            ]
          ]
        ]
      },
      "properties": {
        "point_count": 1,
        "density_level": "LOW",
        "avg_speed": 117,
        "unique_vehicles": 1,
        "min_speed": 117,
        "max_speed": 117
      }
    },
    {
      "h3_index": "8967412ce43ffff",
      "type": "Feature",
      "geometry": {
        "type": "Polygon",
        "coordinates": [
          [
            [
              -66.95811868418599,
              10.409227780903286
            ],
            [
              -66.95907992137761,
              10.407939765919366
            ],
            [
              -66.958308307651,
              10.406366312586366
            ],
            [
              -66.95657546773455,
              10.406080907648068
            ],
            [
              -66.95561426184334,
              10.407368938926135
            ],
            [
              -66.95638586456744,
              10.408942358848671
            ],
            [
              -66.95811868418599,
              10.409227780903286
            ]
          ]
        ]
      },
      "properties": {
        "point_count": 1,
        "density_level": "LOW",
        "avg_speed": 54,
        "unique_vehicles": 1,
        "min_speed": 54,
        "max_speed": 54
      }
    },
    {
      "h3_index": "896741241b7ffff",
      "type": "Feature",
      "geometry": {
        "type": "Polygon",
        "coordinates": [
          [
            [
              -66.80646605847816,
              10.479551834953659
            ],
            [
              -66.80742479666449,
              10.47826691845663
            ],
            [
              -66.8066538443969,
              10.476695581129468
            ],
            [
              -66.80492416511882,
              10.476409193787218
            ],
            [
              -66.80396545836552,
              10.477694126557502
            ],
            [
              -66.80473639945657,
              10.479265430397117
            ],
            [
              -66.80646605847816,
              10.479551834953659
            ]
          ]
        ]
      },
      "properties": {
        "point_count": 1,
        "density_level": "LOW",
        "avg_speed": 82,
        "unique_vehicles": 1,
        "min_speed": 82,
        "max_speed": 82
      }
    },
    {
      "h3_index": "89674120c6fffff",
      "type": "Feature",
      "geometry": {
        "type": "Polygon",
        "coordinates": [
          [
            [
              -66.92536041590645,
              10.546862420021602
            ],
            [
              -66.92632071347302,
              10.545577809735116
            ],
            [
              -66.92554956344912,
              10.544006848484914
            ],
            [
              -66.92381812688897,
              10.543720530901778
            ],
            [
              -66.92285786062551,
              10.545005157544733
            ],
            [
              -66.92362899961839,
              10.546576085414678
            ],
            [
              -66.92536041590645,
              10.546862420021602
            ]
          ]
        ]
      },
      "properties": {
        "point_count": 1,
        "density_level": "LOW",
        "avg_speed": 45,
        "unique_vehicles": 1,
        "min_speed": 45,
        "max_speed": 45
      }
    },
    {
      "h3_index": "8967412585bffff",
      "type": "Feature",
      "geometry": {
        "type": "Polygon",
        "coordinates": [
          [
            [
              -66.86638872905942,
              10.446136084869758
            ],
            [
              -66.86734847435615,
              10.44484981662206
            ],
            [
              -66.86657724456866,
              10.443277548633418
            ],
            [
              -66.86484628059209,
              10.44299158235222
            ],
            [
              -66.86388656667745,
              10.444277866878268
            ],
            [
              -66.86465778535657,
              10.44585010140749
            ],
            [
              -66.86638872905942,
              10.446136084869758
            ]
          ]
        ]
      },
      "properties": {
        "point_count": 1,
        "density_level": "LOW",
        "avg_speed": 75,
        "unique_vehicles": 1,
        "min_speed": 75,
        "max_speed": 75
      }
    },
    {
      "h3_index": "8967412e2b3ffff",
      "type": "Feature",
      "geometry": {
        "type": "Polygon",
        "coordinates": [
          [
            [
              -66.95569362988442,
              10.485443820139157
            ],
            [
              -66.95665458143347,
              10.48415753080132
            ],
            [
              -66.95588317548257,
              10.48258535791798
            ],
            [
              -66.95415082898157,
              10.482299507755945
            ],
            [
              -66.95318990871907,
              10.483585813428714
            ],
            [
              -66.95396130367027,
              10.485157952928919
            ],
            [
              -66.95569362988442,
              10.485443820139157
            ]
          ]
        ]
      },
      "properties": {
        "point_count": 1,
        "density_level": "LOW",
        "avg_speed": 45,
        "unique_vehicles": 1,
        "min_speed": 45,
        "max_speed": 45
      }
    },
    {
      "h3_index": "8967412e58bffff",
      "type": "Feature",
      "geometry": {
        "type": "Polygon",
        "coordinates": [
          [
            [
              -66.92569507621468,
              10.502159075232816
            ],
            [
              -66.926655525117,
              10.50087346141784
            ],
            [
              -66.92588425653545,
              10.499301753274942
            ],
            [
              -66.92415255008488,
              10.499015692344646
            ],
            [
              -66.9231921324949,
              10.500301322491898
            ],
            [
              -66.92396339004245,
              10.501872997237506
            ],
            [
              -66.92569507621468,
              10.502159075232816
            ]
          ]
        ]
      },
      "properties": {
        "point_count": 1,
        "density_level": "LOW",
        "avg_speed": 24,
        "unique_vehicles": 1,
        "min_speed": 24,
        "max_speed": 24
      }
    },
    {
      "h3_index": "8967412eb63ffff",
      "type": "Feature",
      "geometry": {
        "type": "Polygon",
        "coordinates": [
          [
            [
              -66.91559355750992,
              10.41667985438439
            ],
            [
              -66.91655413515309,
              10.415392433066607
            ],
            [
              -66.91578267352543,
              10.413819368765994
            ],
            [
              -66.91405064530629,
              10.413533759220398
            ],
            [
              -66.91309009900355,
              10.414821196819675
            ],
            [
              -66.91386154957884,
              10.416394227683396
            ],
            [
              -66.91559355750992,
              10.41667985438439
            ]
          ]
        ]
      },
      "properties": {
        "point_count": 1,
        "density_level": "LOW",
        "avg_speed": 119,
        "unique_vehicles": 1,
        "min_speed": 119,
        "max_speed": 119
      }
    },
    {
      "h3_index": "89674127317ffff",
      "type": "Feature",
      "geometry": {
        "type": "Polygon",
        "coordinates": [
          [
            [
              -66.86686865077804,
              10.518421525050423
            ],
            [
              -66.86782816683673,
              10.517136868085887
            ],
            [
              -66.86705712551955,
              10.515565797618077
            ],
            [
              -66.86532657924532,
              10.515279417546427
            ],
            [
              -66.8643670945528,
              10.516564090829116
            ],
            [
              -66.86513812476764,
              10.518135127865625
            ],
            [
              -66.86686865077804,
              10.518421525050423
            ]
          ]
        ]
      },
      "properties": {
        "point_count": 1,
        "density_level": "LOW",
        "avg_speed": 40,
        "unique_vehicles": 1,
        "min_speed": 40,
        "max_speed": 40
      }
    },
    {
      "h3_index": "8967412cb87ffff",
      "type": "Feature",
      "geometry": {
        "type": "Polygon",
        "coordinates": [
          [
            [
              -66.92844663605494,
              10.381196947327968
            ],
            [
              -66.92940752183037,
              10.37990860556821
            ],
            [
              -66.92863592685521,
              10.378334873599593
            ],
            [
              -66.92690345714374,
              10.378049516832522
            ],
            [
              -66.92594260270374,
              10.379337874859278
            ],
            [
              -66.92671418663909,
              10.380911573386438
            ],
            [
              -66.92844663605494,
              10.381196947327968
            ]
          ]
        ]
      },
      "properties": {
        "point_count": 1,
        "density_level": "LOW",
        "avg_speed": 6,
        "unique_vehicles": 1,
        "min_speed": 6,
        "max_speed": 6
      }
    },
    {
      "h3_index": "896741243abffff",
      "type": "Feature",
      "geometry": {
        "type": "Polygon",
        "coordinates": [
          [
            [
              -66.83066566577051,
              10.470562724651339
            ],
            [
              -66.83162479614316,
              10.469277362672452
            ],
            [
              -66.83085374342566,
              10.467705724022725
            ],
            [
              -66.82912357148352,
              10.467419480826695
            ],
            [
              -66.8281644725224,
              10.468704859083353
            ],
            [
              -66.82893551409119,
              10.470276464258614
            ],
            [
              -66.83066566577051,
              10.470562724651339
            ]
          ]
        ]
      },
      "properties": {
        "point_count": 1,
        "density_level": "LOW",
        "avg_speed": 17,
        "unique_vehicles": 1,
        "min_speed": 17,
        "max_speed": 17
      }
    },
    {
      "h3_index": "89674127153ffff",
      "type": "Feature",
      "geometry": {
        "type": "Polygon",
        "coordinates": [
          [
            [
              -66.85842220689995,
              10.527126573028339
            ],
            [
              -66.85938156804639,
              10.525842196172615
            ],
            [
              -66.85861057624726,
              10.524271323399763
            ],
            [
              -66.85688023441264,
              10.523984860916677
            ],
            [
              -66.85592090463871,
              10.52526925409202
            ],
            [
              -66.85669188532619,
              10.52684009343117
            ],
            [
              -66.85842220689995,
              10.527126573028339
            ]
          ]
        ]
      },
      "properties": {
        "point_count": 2,
        "density_level": "LOW",
        "avg_speed": 56.5,
        "unique_vehicles": 2,
        "min_speed": 10,
        "max_speed": 103
      }
    },
    {
      "h3_index": "896741253cbffff",
      "type": "Feature",
      "geometry": {
        "type": "Polygon",
        "coordinates": [
          [
            [
              -66.89854248230075,
              10.476007556133613
            ],
            [
              -66.89950261095856,
              10.474721631224993
            ],
            [
              -66.89873135860114,
              10.473149657629856
            ],
            [
              -66.89699998865329,
              10.47286364236964
            ],
            [
              -66.89603989133991,
              10.474149583585628
            ],
            [
              -66.89681113262924,
              10.475721523754789
            ],
            [
              -66.89854248230075,
              10.476007556133613
            ]
          ]
        ]
      },
      "properties": {
        "point_count": 1,
        "density_level": "LOW",
        "avg_speed": 47,
        "unique_vehicles": 1,
        "min_speed": 47,
        "max_speed": 47
      }
    },
    {
      "h3_index": "8967412ce07ffff",
      "type": "Feature",
      "geometry": {
        "type": "Polygon",
        "coordinates": [
          [
            [
              -66.94772221000886,
              10.407515174126267
            ],
            [
              -66.9486832975992,
              10.406227225390777
            ],
            [
              -66.94791171169132,
              10.404653808539354
            ],
            [
              -66.94617904920733,
              10.404368373842024
            ],
            [
              -66.94521799292797,
              10.40565633886662
            ],
            [
              -66.94598956782087,
              10.40722972229977
            ],
            [
              -66.94772221000886,
              10.407515174126267
            ]
          ]
        ]
      },
      "properties": {
        "point_count": 1,
        "density_level": "LOW",
        "avg_speed": 87,
        "unique_vehicles": 1,
        "min_speed": 87,
        "max_speed": 87
      }
    },
    {
      "h3_index": "8967412d137ffff",
      "type": "Feature",
      "geometry": {
        "type": "Polygon",
        "coordinates": [
          [
            [
              -66.99663975412898,
              10.422802593958632
            ],
            [
              -66.99760152148582,
              10.421514494997687
            ],
            [
              -66.99682982413547,
              10.419941027010251
            ],
            [
              -66.99509637038334,
              10.41965569136288
            ],
            [
              -66.9941346342862,
              10.42094380664061
            ],
            [
              -66.99490632068078,
              10.42251724124926
            ],
            [
              -66.99663975412898,
              10.422802593958632
            ]
          ]
        ]
      },
      "properties": {
        "point_count": 1,
        "density_level": "LOW",
        "avg_speed": 43,
        "unique_vehicles": 1,
        "min_speed": 43,
        "max_speed": 43
      }
    },
    {
      "h3_index": "89674121e17ffff",
      "type": "Feature",
      "geometry": {
        "type": "Polygon",
        "coordinates": [
          [
            [
              -66.99347852728471,
              10.549456468970948
            ],
            [
              -66.99443983273368,
              10.548171231047691
            ],
            [
              -66.9936684779671,
              10.54659989099744
            ],
            [
              -66.99193582870093,
              10.546313822203262
            ],
            [
              -66.99097455448785,
              10.54759907651096
            ],
            [
              -66.99174589830433,
              10.549170383228725
            ],
            [
              -66.99347852728471,
              10.549456468970948
            ]
          ]
        ]
      },
      "properties": {
        "point_count": 1,
        "density_level": "LOW",
        "avg_speed": 57,
        "unique_vehicles": 1,
        "min_speed": 57,
        "max_speed": 57
      }
    },
    {
      "h3_index": "89674124a9bffff",
      "type": "Feature",
      "geometry": {
        "type": "Polygon",
        "coordinates": [
          [
            [
              -66.81909979428595,
              10.446986327938134
            ],
            [
              -66.82005882835834,
              10.445700555808612
            ],
            [
              -66.81928775036288,
              10.44412859911095
            ],
            [
              -66.81755764945848,
              10.443842448034559
            ],
            [
              -66.81659864681389,
              10.445128236424331
            ],
            [
              -66.81736971364518,
              10.446700159630582
            ],
            [
              -66.81909979428595,
              10.446986327938134
            ]
          ]
        ]
      },
      "properties": {
        "point_count": 1,
        "density_level": "LOW",
        "avg_speed": 99,
        "unique_vehicles": 1,
        "min_speed": 99,
        "max_speed": 99
      }
    },
    {
      "h3_index": "8967412739bffff",
      "type": "Feature",
      "geometry": {
        "type": "Polygon",
        "coordinates": [
          [
            [
              -66.86899325034375,
              10.52598999317802
            ],
            [
              -66.86995277343941,
              10.52470548416103
            ],
            [
              -66.86918174532526,
              10.523134526377513
            ],
            [
              -66.86745120521402,
              10.522848111038234
            ],
            [
              -66.86649171348085,
              10.524132636378331
            ],
            [
              -66.86726273049572,
              10.525703560734927
            ],
            [
              -66.86899325034375,
              10.52598999317802
            ]
          ]
        ]
      },
      "properties": {
        "point_count": 1,
        "density_level": "LOW",
        "avg_speed": 92,
        "unique_vehicles": 1,
        "min_speed": 92,
        "max_speed": 92
      }
    },
    {
      "h3_index": "8967412e877ffff",
      "type": "Feature",
      "geometry": {
        "type": "Polygon",
        "coordinates": [
          [
            [
              -66.91157754477736,
              10.437701218351478
            ],
            [
              -66.9125379936302,
              10.436414306571622
            ],
            [
              -66.91176659978956,
              10.434841615765372
            ],
            [
              -66.91003476815094,
              10.43455587017096
            ],
            [
              -66.90907435063798,
              10.435842798242282
            ],
            [
              -66.90984573342304,
              10.437415455616874
            ],
            [
              -66.91157754477736,
              10.437701218351478
            ]
          ]
        ]
      },
      "properties": {
        "point_count": 1,
        "density_level": "LOW",
        "avg_speed": 69,
        "unique_vehicles": 1,
        "min_speed": 69,
        "max_speed": 69
      }
    },
    {
      "h3_index": "8967412646bffff",
      "type": "Feature",
      "geometry": {
        "type": "Polygon",
        "coordinates": [
          [
            [
              -66.81752430569284,
              10.550648733429567
            ],
            [
              -66.81848297723013,
              10.549365296702732
            ],
            [
              -66.81771217673287,
              10.54779507167525
            ],
            [
              -66.8159827158557,
              10.547508316827388
            ],
            [
              -66.8150240757255,
              10.548791769870723
            ],
            [
              -66.81579486506467,
              10.550361961445748
            ],
            [
              -66.81752430569284,
              10.550648733429567
            ]
          ]
        ]
      },
      "properties": {
        "point_count": 1,
        "density_level": "LOW",
        "avg_speed": 110,
        "unique_vehicles": 1,
        "min_speed": 110,
        "max_speed": 110
      }
    },
    {
      "h3_index": "89674125587ffff",
      "type": "Feature",
      "geometry": {
        "type": "Polygon",
        "coordinates": [
          [
            [
              -66.86530936705223,
              10.50228415089241
            ],
            [
              -66.86626891256131,
              10.50099914859925
            ],
            [
              -66.86549783373769,
              10.499427819479239
            ],
            [
              -66.8637672205097,
              10.499141526091332
            ],
            [
              -66.86280770637177,
              10.500426544693225
            ],
            [
              -66.86357877408997,
              10.50199784037463
            ],
            [
              -66.86530936705223,
              10.50228415089241
            ]
          ]
        ]
      },
      "properties": {
        "point_count": 1,
        "density_level": "LOW",
        "avg_speed": 72,
        "unique_vehicles": 1,
        "min_speed": 72,
        "max_speed": 72
      }
    },
    {
      "h3_index": "8967412193bffff",
      "type": "Feature",
      "geometry": {
        "type": "Polygon",
        "coordinates": [
          [
            [
              -66.95880538446362,
              10.517737478791682
            ],
            [
              -66.9597662767193,
              10.51645188005231
            ],
            [
              -66.95899494597565,
              10.514880225526671
            ],
            [
              -66.95726273396917,
              10.51459420310931
            ],
            [
              -66.95630187299011,
              10.515879818202398
            ],
            [
              -66.95707319274018,
              10.517451439359457
            ],
            [
              -66.95880538446362,
              10.517737478791682
            ]
          ]
        ]
      },
      "properties": {
        "point_count": 1,
        "density_level": "LOW",
        "avg_speed": 41,
        "unique_vehicles": 1,
        "min_speed": 41,
        "max_speed": 41
      }
    },
    {
      "h3_index": "8967412e20fffff",
      "type": "Feature",
      "geometry": {
        "type": "Polygon",
        "coordinates": [
          [
            [
              -66.96396356340688,
              10.479583598405926
            ],
            [
              -66.96492465755122,
              10.478297094979622
            ],
            [
              -66.96415321051919,
              10.476724773226909
            ],
            [
              -66.96242068033243,
              10.476438988280503
            ],
            [
              -66.96145961746778,
              10.47772550804177
            ],
            [
              -66.96223105350948,
              10.479297796414812
            ],
            [
              -66.96396356340688,
              10.479583598405926
            ]
          ]
        ]
      },
      "properties": {
        "point_count": 1,
        "density_level": "LOW",
        "avg_speed": 115,
        "unique_vehicles": 1,
        "min_speed": 115,
        "max_speed": 115
      }
    },
    {
      "h3_index": "89674c5b2afffff",
      "type": "Feature",
      "geometry": {
        "type": "Polygon",
        "coordinates": [
          [
            [
              -66.88862398686828,
              10.387651021522139
            ],
            [
              -66.889584256146,
              10.386363224122995
            ],
            [
              -66.88881280277279,
              10.3847898484597
            ],
            [
              -66.88708109120768,
              10.384504303662258
            ],
            [
              -66.8861208533029,
              10.385792117316242
            ],
            [
              -66.88689229558962,
              10.387365459513157
            ],
            [
              -66.88862398686828,
              10.387651021522139
            ]
          ]
        ]
      },
      "properties": {
        "point_count": 1,
        "density_level": "LOW",
        "avg_speed": 83,
        "unique_vehicles": 1,
        "min_speed": 83,
        "max_speed": 83
      }
    },
    {
      "h3_index": "8967412e2cfffff",
      "type": "Feature",
      "geometry": {
        "type": "Polygon",
        "coordinates": [
          [
            [
              -66.9687818666393,
              10.486158383297958
            ],
            [
              -66.969743011145,
              10.484871978323126
            ],
            [
              -66.96897156644347,
              10.483299736022463
            ],
            [
              -66.96723898821958,
              10.483013932070847
            ],
            [
              -66.96627787498743,
              10.484300353386129
            ],
            [
              -66.96704930870487,
              10.485872562312931
            ],
            [
              -66.9687818666393,
              10.486158383297958
            ]
          ]
        ]
      },
      "properties": {
        "point_count": 1,
        "density_level": "LOW",
        "avg_speed": 24,
        "unique_vehicles": 1,
        "min_speed": 24,
        "max_speed": 24
      }
    },
    {
      "h3_index": "896741259d3ffff",
      "type": "Feature",
      "geometry": {
        "type": "Polygon",
        "coordinates": [
          [
            [
              -66.84311761472718,
              10.440845753411784
            ],
            [
              -66.84407702882525,
              10.4395596016857
            ],
            [
              -66.8433058585977,
              10.437987392160611
            ],
            [
              -66.84157528540764,
              10.4377013678393
            ],
            [
              -66.84061590271538,
              10.438987535831684
            ],
            [
              -66.84138706180669,
              10.44055971187942
            ],
            [
              -66.84311761472718,
              10.440845753411784
            ]
          ]
        ]
      },
      "properties": {
        "point_count": 1,
        "density_level": "LOW",
        "avg_speed": 1,
        "unique_vehicles": 1,
        "min_speed": 1,
        "max_speed": 1
      }
    },
    {
      "h3_index": "89674120db3ffff",
      "type": "Feature",
      "geometry": {
        "type": "Polygon",
        "coordinates": [
          [
            [
              -66.89651261948303,
              10.546419973943172
            ],
            [
              -66.89747248737918,
              10.54513564461163
            ],
            [
              -66.89670142647375,
              10.543564855477038
            ],
            [
              -66.89497050873663,
              10.54327842907452
            ],
            [
              -66.89401067217182,
              10.54456277475103
            ],
            [
              -66.89478172201208,
              10.546133530485436
            ],
            [
              -66.89651261948303,
              10.546419973943172
            ]
          ]
        ]
      },
      "properties": {
        "point_count": 1,
        "density_level": "LOW",
        "avg_speed": 14,
        "unique_vehicles": 1,
        "min_speed": 14,
        "max_speed": 14
      }
    },
    {
      "h3_index": "896741203afffff",
      "type": "Feature",
      "geometry": {
        "type": "Polygon",
        "coordinates": [
          [
            [
              -66.95076687799475,
              10.559723623537993
            ],
            [
              -66.95172751279367,
              10.558439045237636
            ],
            [
              -66.95095631740956,
              10.55686814095992
            ],
            [
              -66.94922449822577,
              10.556581848340723
            ],
            [
              -66.9482638947024,
              10.557866443014408
            ],
            [
              -66.94903507908654,
              10.55943731393429
            ],
            [
              -66.95076687799475,
              10.559723623537993
            ]
          ]
        ]
      },
      "properties": {
        "point_count": 2,
        "density_level": "LOW",
        "avg_speed": 35.5,
        "unique_vehicles": 2,
        "min_speed": 8,
        "max_speed": 63
      }
    },
    {
      "h3_index": "8967412419bffff",
      "type": "Feature",
      "geometry": {
        "type": "Polygon",
        "coordinates": [
          [
            [
              -66.81646883458434,
              10.486982529513735
            ],
            [
              -66.81742769847465,
              10.485697678129682
            ],
            [
              -66.81665673394839,
              10.484126401179454
            ],
            [
              -66.81492691669536,
              10.483840009091445
            ],
            [
              -66.8139680842268,
              10.485124876756744
            ],
            [
              -66.81473903758885,
              10.48669612022912
            ],
            [
              -66.81646883458434,
              10.486982529513735
            ]
          ]
        ]
      },
      "properties": {
        "point_count": 1,
        "density_level": "LOW",
        "avg_speed": 99,
        "unique_vehicles": 1,
        "min_speed": 99,
        "max_speed": 99
      }
    },
    {
      "h3_index": "8967412ed33ffff",
      "type": "Feature",
      "geometry": {
        "type": "Polygon",
        "coordinates": [
          [
            [
              -66.88735112668178,
              10.44670875798458
            ],
            [
              -66.88831118379852,
              10.445422291271539
            ],
            [
              -66.8875398895699,
              10.443849901403011
            ],
            [
              -66.88580854930741,
              10.443564011692692
            ],
            [
              -66.88484852355225,
              10.444850494692629
            ],
            [
              -66.8856198066973,
              10.446422851116319
            ],
            [
              -66.88735112668178,
              10.44670875798458
            ]
          ]
        ]
      },
      "properties": {
        "point_count": 1,
        "density_level": "LOW",
        "avg_speed": 53,
        "unique_vehicles": 1,
        "min_speed": 53,
        "max_speed": 53
      }
    },
    {
      "h3_index": "89674135a8bffff",
      "type": "Feature",
      "geometry": {
        "type": "Polygon",
        "coordinates": [
          [
            [
              -66.86522420362948,
              10.583075267672323
            ],
            [
              -66.86618348352317,
              10.58179207546928
            ],
            [
              -66.86541261738894,
              10.580222092910772
            ],
            [
              -66.86368248245971,
              10.579935335962906
            ],
            [
              -66.86272323391992,
              10.581218544518622
            ],
            [
              -66.86349408895477,
              10.582788493669868
            ],
            [
              -66.86522420362948,
              10.583075267672323
            ]
          ]
        ]
      },
      "properties": {
        "point_count": 1,
        "density_level": "LOW",
        "avg_speed": 71,
        "unique_vehicles": 1,
        "min_speed": 71,
        "max_speed": 71
      }
    },
    {
      "h3_index": "89674c5a227ffff",
      "type": "Feature",
      "geometry": {
        "type": "Polygon",
        "coordinates": [
          [
            [
              -66.83380771498366,
              10.382944194888882
            ],
            [
              -66.83476717881544,
              10.381656844699998
            ],
            [
              -66.83399588593443,
              10.380083736174493
            ],
            [
              -66.83226514037258,
              10.379798011343924
            ],
            [
              -66.83130570796804,
              10.381085377763423
            ],
            [
              -66.8320769896974,
              10.382658452783216
            ],
            [
              -66.83380771498366,
              10.382944194888882
            ]
          ]
        ]
      },
      "properties": {
        "point_count": 1,
        "density_level": "LOW",
        "avg_speed": 36,
        "unique_vehicles": 1,
        "min_speed": 36,
        "max_speed": 36
      }
    },
    {
      "h3_index": "89674120e0bffff",
      "type": "Feature",
      "geometry": {
        "type": "Polygon",
        "coordinates": [
          [
            [
              -66.9436367520662,
              10.548440767154261
            ],
            [
              -66.9445973173861,
              10.547156008071086
            ],
            [
              -66.94382611452549,
              10.545584959664822
            ],
            [
              -66.94209435735353,
              10.545298703709168
            ],
            [
              -66.94113382331855,
              10.546583479156785
            ],
            [
              -66.94190501516991,
              10.548154494195936
            ],
            [
              -66.9436367520662,
              10.548440767154261
            ]
          ]
        ]
      },
      "properties": {
        "point_count": 1,
        "density_level": "LOW",
        "avg_speed": 105,
        "unique_vehicles": 1,
        "min_speed": 105,
        "max_speed": 105
      }
    },
    {
      "h3_index": "89674c5b46fffff",
      "type": "Feature",
      "geometry": {
        "type": "Polygon",
        "coordinates": [
          [
            [
              -66.87941630479845,
              10.407820531063383
            ],
            [
              -66.88037637036129,
              10.406533276219955
            ],
            [
              -66.87960499890058,
              10.40496029193025
            ],
            [
              -66.87787357297219,
              10.404674595949375
            ],
            [
              -66.87691353878698,
              10.405961867055145
            ],
            [
              -66.8776848991518,
              10.407534817879792
            ],
            [
              -66.87941630479845,
              10.407820531063383
            ]
          ]
        ]
      },
      "properties": {
        "point_count": 1,
        "density_level": "LOW",
        "avg_speed": 107,
        "unique_vehicles": 1,
        "min_speed": 107,
        "max_speed": 107
      }
    },
    {
      "h3_index": "8967412c083ffff",
      "type": "Feature",
      "geometry": {
        "type": "Polygon",
        "coordinates": [
          [
            [
              -66.96335598863567,
              10.449131788472263
            ],
            [
              -66.96431717339759,
              10.447844611138105
            ],
            [
              -66.96354564823733,
              10.446271787085806
            ],
            [
              -66.96181294930774,
              10.44598617375971
            ],
            [
              -66.96085179583261,
              10.447273367411954
            ],
            [
              -66.96162330999954,
              10.448846158072538
            ],
            [
              -66.96335598863567,
              10.449131788472263
            ]
          ]
        ]
      },
      "properties": {
        "point_count": 1,
        "density_level": "LOW",
        "avg_speed": 66,
        "unique_vehicles": 1,
        "min_speed": 66,
        "max_speed": 66
      }
    },
    {
      "h3_index": "8967412654bffff",
      "type": "Feature",
      "geometry": {
        "type": "Polygon",
        "coordinates": [
          [
            [
              -66.80483580597864,
              10.54421747896421
            ],
            [
              -66.80579430830568,
              10.542934026508087
            ],
            [
              -66.80502353122732,
              10.54136377400305
            ],
            [
              -66.80329426299478,
              10.541077007418078
            ],
            [
              -66.80233579208848,
              10.542360476182266
            ],
            [
              -66.80310655799327,
              10.543930695223704
            ],
            [
              -66.80483580597864,
              10.54421747896421
            ]
          ]
        ]
      },
      "properties": {
        "point_count": 1,
        "density_level": "LOW",
        "avg_speed": 62,
        "unique_vehicles": 1,
        "min_speed": 62,
        "max_speed": 62
      }
    },
    {
      "h3_index": "8967412e357ffff",
      "type": "Feature",
      "geometry": {
        "type": "Polygon",
        "coordinates": [
          [
            [
              -66.9514442044433,
              10.470293003222283
            ],
            [
              -66.95240514216067,
              10.469006418141078
            ],
            [
              -66.95163370960509,
              10.467434019755826
            ],
            [
              -66.94990135033729,
              10.467148239843976
            ],
            [
              -66.94894044391386,
              10.468434841250174
            ],
            [
              -66.94971186546357,
              10.470007206243572
            ],
            [
              -66.9514442044433,
              10.470293003222283
            ]
          ]
        ]
      },
      "properties": {
        "point_count": 1,
        "density_level": "LOW",
        "avg_speed": 73,
        "unique_vehicles": 1,
        "min_speed": 73,
        "max_speed": 73
      }
    },
    {
      "h3_index": "8967412e087ffff",
      "type": "Feature",
      "geometry": {
        "type": "Polygon",
        "coordinates": [
          [
            [
              -66.93934634679596,
              10.494302924407489
            ],
            [
              -66.94030702530324,
              10.493016997526707
            ],
            [
              -66.93953569349794,
              10.491445073689208
            ],
            [
              -66.93780369420303,
              10.491159110123801
            ],
            [
              -66.9368430469964,
              10.492445053337935
            ],
            [
              -66.9376143677833,
              10.49401694378447
            ],
            [
              -66.93934634679596,
              10.494302924407489
            ]
          ]
        ]
      },
      "properties": {
        "point_count": 1,
        "density_level": "LOW",
        "avg_speed": 100,
        "unique_vehicles": 1,
        "min_speed": 100,
        "max_speed": 100
      }
    },
    {
      "h3_index": "89674124443ffff",
      "type": "Feature",
      "geometry": {
        "type": "Polygon",
        "coordinates": [
          [
            [
              -66.84110204759715,
              10.511269572019271
            ],
            [
              -66.84206120123422,
              10.50998501516209
            ],
            [
              -66.8412902224709,
              10.508413987041816
            ],
            [
              -66.8395601012031,
              10.50812754923075
            ],
            [
              -66.83860097895875,
              10.509412122392126
            ],
            [
              -66.83937194658877,
              10.510983117060723
            ],
            [
              -66.84110204759715,
              10.511269572019271
            ]
          ]
        ]
      },
      "properties": {
        "point_count": 1,
        "density_level": "LOW",
        "avg_speed": 77,
        "unique_vehicles": 1,
        "min_speed": 77,
        "max_speed": 77
      }
    },
    {
      "h3_index": "89674122b5bffff",
      "type": "Feature",
      "geometry": {
        "type": "Polygon",
        "coordinates": [
          [
            [
              -66.91364929460994,
              10.565129412115777
            ],
            [
              -66.9146093574055,
              10.563845328944963
            ],
            [
              -66.9138382920129,
              10.562274745303391
            ],
            [
              -66.91210717486753,
              10.561988278214121
            ],
            [
              -66.91114714338262,
              10.563272377746719
            ],
            [
              -66.91191819773171,
              10.56484292800712
            ],
            [
              -66.91364929460994,
              10.565129412115777
            ]
          ]
        ]
      },
      "properties": {
        "point_count": 1,
        "density_level": "LOW",
        "avg_speed": 58,
        "unique_vehicles": 1,
        "min_speed": 58,
        "max_speed": 58
      }
    },
    {
      "h3_index": "896741251cbffff",
      "type": "Feature",
      "geometry": {
        "type": "Polygon",
        "coordinates": [
          [
            [
              -66.87970449910954,
              10.483005081956872
            ],
            [
              -66.88066432310737,
              10.481719503327604
            ],
            [
              -66.8798931482919,
              10.480147763744915
            ],
            [
              -66.87816216056775,
              10.479861636228007
            ],
            [
              -66.87720236793118,
              10.48114723116109
            ],
            [
              -66.87797353165679,
              10.4827189373076
            ],
            [
              -66.87970449910954,
              10.483005081956872
            ]
          ]
        ]
      },
      "properties": {
        "point_count": 1,
        "density_level": "LOW",
        "avg_speed": 12,
        "unique_vehicles": 1,
        "min_speed": 12,
        "max_speed": 12
      }
    },
    {
      "h3_index": "89674122a47ffff",
      "type": "Feature",
      "geometry": {
        "type": "Polygon",
        "coordinates": [
          [
            [
              -66.9261606085731,
              10.57441436557826
            ],
            [
              -66.92712082787929,
              10.573130364246094
            ],
            [
              -66.9263497478003,
              10.57155985794657
            ],
            [
              -66.9246184594424,
              10.571273386348512
            ],
            [
              -66.92365827143264,
              10.572557404052361
            ],
            [
              -66.92442934048364,
              10.57412787698291
            ],
            [
              -66.9261606085731,
              10.57441436557826
            ]
          ]
        ]
      },
      "properties": {
        "point_count": 1,
        "density_level": "LOW",
        "avg_speed": 9,
        "unique_vehicles": 1,
        "min_speed": 9,
        "max_speed": 9
      }
    },
    {
      "h3_index": "89674121e83ffff",
      "type": "Feature",
      "geometry": {
        "type": "Polygon",
        "coordinates": [
          [
            [
              -66.99309863820012,
              10.5551692807628
            ],
            [
              -66.99405991927014,
              10.553884174505
            ],
            [
              -66.99328858069576,
              10.552312932228526
            ],
            [
              -66.99155597200074,
              10.552026829540708
            ],
            [
              -66.9905947221657,
              10.553311952185883
            ],
            [
              -66.99136604978997,
              10.554883161131828
            ],
            [
              -66.99309863820012,
              10.5551692807628
            ]
          ]
        ]
      },
      "properties": {
        "point_count": 1,
        "density_level": "LOW",
        "avg_speed": 98,
        "unique_vehicles": 1,
        "min_speed": 98,
        "max_speed": 98
      }
    },
    {
      "h3_index": "8967412ed6bffff",
      "type": "Feature",
      "geometry": {
        "type": "Polygon",
        "coordinates": [
          [
            [
              -66.89811744238897,
              10.442706061713709
            ],
            [
              -66.89907767362767,
              10.441419397178002
            ],
            [
              -66.89830633509595,
              10.439846873544713
            ],
            [
              -66.89657477639594,
              10.439561047886471
            ],
            [
              -66.89561457650915,
              10.440847728711121
            ],
            [
              -66.89638590396976,
              10.442420218905408
            ],
            [
              -66.89811744238897,
              10.442706061713709
            ]
          ]
        ]
      },
      "properties": {
        "point_count": 1,
        "density_level": "LOW",
        "avg_speed": 97,
        "unique_vehicles": 1,
        "min_speed": 97,
        "max_speed": 97
      }
    },
    {
      "h3_index": "8967412f03bffff",
      "type": "Feature",
      "geometry": {
        "type": "Polygon",
        "coordinates": [
          [
            [
              -66.99784842887657,
              10.483726167430369
            ],
            [
              -66.99881001476386,
              10.482439416067482
            ],
            [
              -66.99803847374318,
              10.480866953034853
            ],
            [
              -66.99630535778428,
              10.480581274720212
            ],
            [
              -66.99534380314252,
              10.481868042433632
            ],
            [
              -66.99611533321342,
              10.483440472111484
            ],
            [
              -66.99784842887657,
              10.483726167430369
            ]
          ]
        ]
      },
      "properties": {
        "point_count": 1,
        "density_level": "LOW",
        "avg_speed": 48,
        "unique_vehicles": 1,
        "min_speed": 48,
        "max_speed": 48
      }
    },
    {
      "h3_index": "8967412c68bffff",
      "type": "Feature",
      "geometry": {
        "type": "Polygon",
        "coordinates": [
          [
            [
              -66.98358075145381,
              10.461138894545567
            ],
            [
              -66.98454219860193,
              10.459851782072864
            ],
            [
              -66.98377064232083,
              10.458279031810868
            ],
            [
              -66.98203764985932,
              10.45799342739515
            ],
            [
              -66.9810762339756,
              10.459280556200467
            ],
            [
              -66.98184777928827,
              10.460853273089219
            ],
            [
              -66.98358075145381,
              10.461138894545567
            ]
          ]
        ]
      },
      "properties": {
        "point_count": 1,
        "density_level": "LOW",
        "avg_speed": 80,
        "unique_vehicles": 1,
        "min_speed": 80,
        "max_speed": 80
      }
    },
    {
      "h3_index": "89674120047ffff",
      "type": "Feature",
      "geometry": {
        "type": "Polygon",
        "coordinates": [
          [
            [
              -66.96252406620509,
              10.580429451259135
            ],
            [
              -66.96348480861661,
              10.579145218269145
            ],
            [
              -66.96271363114336,
              10.57757458717548
            ],
            [
              -66.96098172224238,
              10.57728822241384
            ],
            [
              -66.96002101109048,
              10.578572471792917
            ],
            [
              -66.96079217757926,
              10.580143069544878
            ],
            [
              -66.96252406620509,
              10.580429451259135
            ]
          ]
        ]
      },
      "properties": {
        "point_count": 1,
        "density_level": "LOW",
        "avg_speed": 68,
        "unique_vehicles": 1,
        "min_speed": 68,
        "max_speed": 68
      }
    },
    {
      "h3_index": "8967412cd13ffff",
      "type": "Feature",
      "geometry": {
        "type": "Polygon",
        "coordinates": [
          [
            [
              -66.91365737409973,
              10.406239302946496
            ],
            [
              -66.91461795695079,
              10.404951668206554
            ],
            [
              -66.91384647395236,
              10.403378443133796
            ],
            [
              -66.9121144191576,
              10.403092886243483
            ],
            [
              -66.9111538676511,
              10.404380537258406
            ],
            [
              -66.91192533959408,
              10.40595372888899
            ],
            [
              -66.91365737409973,
              10.406239302946496
            ]
          ]
        ]
      },
      "properties": {
        "point_count": 1,
        "density_level": "LOW",
        "avg_speed": 101,
        "unique_vehicles": 1,
        "min_speed": 101,
        "max_speed": 101
      }
    },
    {
      "h3_index": "89674127187ffff",
      "type": "Feature",
      "geometry": {
        "type": "Polygon",
        "coordinates": [
          [
            [
              -66.8451632000866,
              10.529260321237334
            ],
            [
              -66.84612235571167,
              10.527976126063912
            ],
            [
              -66.84535141140103,
              10.52640537177816
            ],
            [
              -66.84362132259176,
              10.526118846108087
            ],
            [
              -66.8426621983516,
              10.527403057597102
            ],
            [
              -66.84343313153511,
              10.528973778440932
            ],
            [
              -66.8451632000866,
              10.529260321237334
            ]
          ]
        ]
      },
      "properties": {
        "point_count": 1,
        "density_level": "LOW",
        "avg_speed": 107,
        "unique_vehicles": 1,
        "min_speed": 107,
        "max_speed": 107
      }
    },
    {
      "h3_index": "8967412e327ffff",
      "type": "Feature",
      "geometry": {
        "type": "Polygon",
        "coordinates": [
          [
            [
              -66.9389257729649,
              10.46100205073371
            ],
            [
              -66.93988655418408,
              10.459715384047525
            ],
            [
              -66.93911513617859,
              10.458142909238443
            ],
            [
              -66.93738294797457,
              10.457857134519891
            ],
            [
              -66.93642219806354,
              10.459143817521076
            ],
            [
              -66.93719360504765,
              10.460716258926148
            ],
            [
              -66.9389257729649,
              10.46100205073371
            ]
          ]
        ]
      },
      "properties": {
        "point_count": 2,
        "density_level": "LOW",
        "avg_speed": 30,
        "unique_vehicles": 2,
        "min_speed": 27,
        "max_speed": 33
      }
    },
    {
      "h3_index": "896741262cfffff",
      "type": "Feature",
      "geometry": {
        "type": "Polygon",
        "coordinates": [
          [
            [
              -66.83690784280815,
              10.535107519244034
            ],
            [
              -66.83786685564903,
              10.533823538411774
            ],
            [
              -66.83709595282997,
              10.532252933149119
            ],
            [
              -66.83536604830574,
              10.531966342164363
            ],
            [
              -66.83440706685651,
              10.533250339312207
            ],
            [
              -66.83517795853913,
              10.534820911129577
            ],
            [
              -66.83690784280815,
              10.535107519244034
            ]
          ]
        ]
      },
      "properties": {
        "point_count": 1,
        "density_level": "LOW",
        "avg_speed": 113,
        "unique_vehicles": 1,
        "min_speed": 113,
        "max_speed": 113
      }
    },
    {
      "h3_index": "89674127443ffff",
      "type": "Feature",
      "geometry": {
        "type": "Polygon",
        "coordinates": [
          [
            [
              -66.87480104724472,
              10.557255169487075
            ],
            [
              -66.87576055494453,
              10.555971301936374
            ],
            [
              -66.8749895907463,
              10.554400828815456
            ],
            [
              -66.87325912993757,
              10.554114256656394
            ],
            [
              -66.87229965358789,
              10.555398140549507
            ],
            [
              -66.87307060669609,
              10.556968580259593
            ],
            [
              -66.87480104724472,
              10.557255169487075
            ]
          ]
        ]
      },
      "properties": {
        "point_count": 1,
        "density_level": "LOW",
        "avg_speed": 47,
        "unique_vehicles": 1,
        "min_speed": 47,
        "max_speed": 47
      }
    },
    {
      "h3_index": "896741248dbffff",
      "type": "Feature",
      "geometry": {
        "type": "Polygon",
        "coordinates": [
          [
            [
              -66.80815627747619,
              10.453841434935482
            ],
            [
              -66.80911512504349,
              10.452555926528673
            ],
            [
              -66.80834409982917,
              10.45098415232269
            ],
            [
              -66.8066142382234,
              10.450697920020136
            ],
            [
              -66.80565542209301,
              10.451983444686691
            ],
            [
              -66.80642643613078,
              10.453555185396405
            ],
            [
              -66.80815627747619,
              10.453841434935482
            ]
          ]
        ]
      },
      "properties": {
        "point_count": 1,
        "density_level": "LOW",
        "avg_speed": 111,
        "unique_vehicles": 1,
        "min_speed": 111,
        "max_speed": 111
      }
    },
    {
      "h3_index": "896741240d3ffff",
      "type": "Feature",
      "geometry": {
        "type": "Polygon",
        "coordinates": [
          [
            [
              -66.83916543066113,
              10.500844929596877
            ],
            [
              -66.84012458937836,
              10.499560159036799
            ],
            [
              -66.83935358933918,
              10.497988969783517
            ],
            [
              -66.83762344171846,
              10.497702584547646
            ],
            [
              -66.83666431439805,
              10.498987371405441
            ],
            [
              -66.83743530330084,
              10.500558527201717
            ],
            [
              -66.83916543066113,
              10.500844929596877
            ]
          ]
        ]
      },
      "properties": {
        "point_count": 1,
        "density_level": "LOW",
        "avg_speed": 119,
        "unique_vehicles": 1,
        "min_speed": 119,
        "max_speed": 119
      }
    },
    {
      "h3_index": "8967412d5bbffff",
      "type": "Feature",
      "geometry": {
        "type": "Polygon",
        "coordinates": [
          [
            [
              -66.99743420962042,
              10.450410036768254
            ],
            [
              -66.99839589843283,
              10.449122545719325
            ],
            [
              -66.99762427115361,
              10.447549531187146
            ],
            [
              -66.99589096601404,
              10.447264041072003
            ],
            [
              -66.9949293084547,
              10.448551548453139
            ],
            [
              -66.99570092478116,
              10.450124529617542
            ],
            [
              -66.99743420962042,
              10.450410036768254
            ]
          ]
        ]
      },
      "properties": {
        "point_count": 1,
        "density_level": "LOW",
        "avg_speed": 10,
        "unique_vehicles": 1,
        "min_speed": 10,
        "max_speed": 10
      }
    },
    {
      "h3_index": "89674125c43ffff",
      "type": "Feature",
      "geometry": {
        "type": "Polygon",
        "coordinates": [
          [
            [
              -66.86256727052881,
              10.464284639124292
            ],
            [
              -66.8635268992709,
              10.46299881487903
            ],
            [
              -66.86275572921905,
              10.461426871828223
            ],
            [
              -66.86102494153593,
              10.461140786478119
            ],
            [
              -66.86006534417578,
              10.462426627010224
            ],
            [
              -66.8608365031161,
              10.463998536605933
            ],
            [
              -66.86256727052881,
              10.464284639124292
            ]
          ]
        ]
      },
      "properties": {
        "point_count": 1,
        "density_level": "LOW",
        "avg_speed": 100,
        "unique_vehicles": 1,
        "min_speed": 100,
        "max_speed": 100
      }
    },
    {
      "h3_index": "89674127313ffff",
      "type": "Feature",
      "geometry": {
        "type": "Polygon",
        "coordinates": [
          [
            [
              -66.86937024436921,
              10.520278945052437
            ],
            [
              -66.87032979179124,
              10.518994304408045
            ],
            [
              -66.86955874747571,
              10.51742324921017
            ],
            [
              -66.86782816683673,
              10.517136868085887
            ],
            [
              -66.86686865077804,
              10.518421525050423
            ],
            [
              -66.86763968399431,
              10.519992546819418
            ],
            [
              -66.86937024436921,
              10.520278945052437
            ]
          ]
        ]
      },
      "properties": {
        "point_count": 2,
        "density_level": "LOW",
        "avg_speed": 89,
        "unique_vehicles": 2,
        "min_speed": 62,
        "max_speed": 116
      }
    },
    {
      "h3_index": "8967412e367ffff",
      "type": "Feature",
      "geometry": {
        "type": "Polygon",
        "coordinates": [
          [
            [
              -66.94681562134093,
              10.460858457140429
            ],
            [
              -66.9477765208397,
              10.459571707894446
            ],
            [
              -66.94700507789103,
              10.457999181554701
            ],
            [
              -66.94527274645495,
              10.457713437859901
            ],
            [
              -66.94431187825668,
              10.459000203423898
            ],
            [
              -66.94508331019327,
              10.460572696365016
            ],
            [
              -66.94681562134093,
              10.460858457140429
            ]
          ]
        ]
      },
      "properties": {
        "point_count": 2,
        "density_level": "LOW",
        "avg_speed": 12.5,
        "unique_vehicles": 2,
        "min_speed": 3,
        "max_speed": 22
      }
    },
    {
      "h3_index": "89674124243ffff",
      "type": "Feature",
      "geometry": {
        "type": "Polygon",
        "coordinates": [
          [
            [
              -66.86124817343668,
              10.48428580765906
            ],
            [
              -66.86220771701996,
              10.483000443816694
            ],
            [
              -66.86143660369294,
              10.481428841049478
            ],
            [
              -66.8597059578935,
              10.481142635573269
            ],
            [
              -66.85874644568916,
              10.482428015712918
            ],
            [
              -66.8595175479046,
              10.48399958503182
            ],
            [
              -66.86124817343668,
              10.48428580765906
            ]
          ]
        ]
      },
      "properties": {
        "point_count": 1,
        "density_level": "LOW",
        "avg_speed": 84,
        "unique_vehicles": 1,
        "min_speed": 84,
        "max_speed": 84
      }
    },
    {
      "h3_index": "89674125aa7ffff",
      "type": "Feature",
      "geometry": {
        "type": "Polygon",
        "coordinates": [
          [
            [
              -66.86445204025907,
              10.435701821127388
            ],
            [
              -66.86541179068044,
              10.43441533937566
            ],
            [
              -66.86464053958005,
              10.432842910626736
            ],
            [
              -66.86290954916905,
              10.43255699709459
            ],
            [
              -66.86194983013388,
              10.433843495118166
            ],
            [
              -66.86272107012279,
              10.43541589040237
            ],
            [
              -66.86445204025907,
              10.435701821127388
            ]
          ]
        ]
      },
      "properties": {
        "point_count": 1,
        "density_level": "LOW",
        "avg_speed": 0,
        "unique_vehicles": 1,
        "min_speed": 0,
        "max_speed": 0
      }
    },
    {
      "h3_index": "89674124ac7ffff",
      "type": "Feature",
      "geometry": {
        "type": "Polygon",
        "coordinates": [
          [
            [
              -66.82197695224517,
              10.443128896312274
            ],
            [
              -66.82293604205961,
              10.441843008946769
            ],
            [
              -66.82216494479701,
              10.44027097024196
            ],
            [
              -66.8204347688803,
              10.439984852393927
            ],
            [
              -66.8194757104917,
              10.441270756018687
            ],
            [
              -66.82024679659325,
              10.442842761232564
            ],
            [
              -66.82197695224517,
              10.443128896312274
            ]
          ]
        ]
      },
      "properties": {
        "point_count": 1,
        "density_level": "LOW",
        "avg_speed": 50,
        "unique_vehicles": 1,
        "min_speed": 50,
        "max_speed": 50
      }
    },
    {
      "h3_index": "8967412584bffff",
      "type": "Feature",
      "geometry": {
        "type": "Polygon",
        "coordinates": [
          [
            [
              -66.86657724456866,
              10.443277548633418
            ],
            [
              -66.86753700203444,
              10.441991214639835
            ],
            [
              -66.86676576414186,
              10.440418898087858
            ],
            [
              -66.86503477989115,
              10.44013294899018
            ],
            [
              -66.86407505380788,
              10.441419299260627
            ],
            [
              -66.86484628059209,
              10.44299158235222
            ],
            [
              -66.86657724456866,
              10.443277548633418
            ]
          ]
        ]
      },
      "properties": {
        "point_count": 1,
        "density_level": "LOW",
        "avg_speed": 103,
        "unique_vehicles": 1,
        "min_speed": 103,
        "max_speed": 103
      }
    },
    {
      "h3_index": "8967412f3d7ffff",
      "type": "Feature",
      "geometry": {
        "type": "Polygon",
        "coordinates": [
          [
            [
              -67.00361822238288,
              10.476005083298654
            ],
            [
              -67.00457991954315,
              10.474718101558755
            ],
            [
              -67.00380834043251,
              10.473145474289952
            ],
            [
              -67.0020750751044,
              10.472859862115127
            ],
            [
              -67.00111340918563,
              10.474146860203623
            ],
            [
              -67.00188497735279,
              10.475719454118657
            ],
            [
              -67.00361822238288,
              10.476005083298654
            ]
          ]
        ]
      },
      "properties": {
        "point_count": 1,
        "density_level": "LOW",
        "avg_speed": 26,
        "unique_vehicles": 1,
        "min_speed": 26,
        "max_speed": 26
      }
    },
    {
      "h3_index": "89674122a4fffff",
      "type": "Feature",
      "geometry": {
        "type": "Polygon",
        "coordinates": [
          [
            [
              -66.92885215046238,
              10.57341683672687
            ],
            [
              -66.92981241323491,
              10.572132785913098
            ],
            [
              -66.92904132213101,
              10.57056224624604
            ],
            [
              -66.9273099792788,
              10.570275790760599
            ],
            [
              -66.9263497478003,
              10.57155985794657
            ],
            [
              -66.92712082787929,
              10.573130364246094
            ],
            [
              -66.92885215046238,
              10.57341683672687
            ]
          ]
        ]
      },
      "properties": {
        "point_count": 1,
        "density_level": "LOW",
        "avg_speed": 69,
        "unique_vehicles": 1,
        "min_speed": 69,
        "max_speed": 69
      }
    },
    {
      "h3_index": "8967412e583ffff",
      "type": "Feature",
      "geometry": {
        "type": "Polygon",
        "coordinates": [
          [
            [
              -66.92300298462993,
              10.503158561592114
            ],
            [
              -66.92396339004245,
              10.501872997237506
            ],
            [
              -66.9231921324949,
              10.500301322491898
            ],
            [
              -66.92146048057124,
              10.500015245500016
            ],
            [
              -66.92050010647345,
              10.501300826186403
            ],
            [
              -66.9212713529839,
              10.502872467533228
            ],
            [
              -66.92300298462993,
              10.503158561592114
            ]
          ]
        ]
      },
      "properties": {
        "point_count": 1,
        "density_level": "LOW",
        "avg_speed": 71,
        "unique_vehicles": 1,
        "min_speed": 71,
        "max_speed": 71
      }
    },
    {
      "h3_index": "89674120d17ffff",
      "type": "Feature",
      "geometry": {
        "type": "Polygon",
        "coordinates": [
          [
            [
              -66.9018943573926,
              10.54442410444729
            ],
            [
              -66.90285431228041,
              10.54313967614576
            ],
            [
              -66.90208322925392,
              10.541568820215181
            ],
            [
              -66.9003522023979,
              10.541282425983729
            ],
            [
              -66.89939227883661,
              10.542566870631253
            ],
            [
              -66.90016335080415,
              10.544137693164558
            ],
            [
              -66.9018943573926,
              10.54442410444729
            ]
          ]
        ]
      },
      "properties": {
        "point_count": 1,
        "density_level": "LOW",
        "avg_speed": 69,
        "unique_vehicles": 1,
        "min_speed": 69,
        "max_speed": 69
      }
    },
    {
      "h3_index": "8967412e983ffff",
      "type": "Feature",
      "geometry": {
        "type": "Polygon",
        "coordinates": [
          [
            [
              -66.89060895663133,
              10.437131020689836
            ],
            [
              -66.89156909380571,
              10.435844307293333
            ],
            [
              -66.89079776418254,
              10.43427173823568
            ],
            [
              -66.88906630846469,
              10.433985916021117
            ],
            [
              -66.88810620265075,
              10.435272645700524
            ],
            [
              -66.88887752119348,
              10.436845181311933
            ],
            [
              -66.89060895663133,
              10.437131020689836
            ]
          ]
        ]
      },
      "properties": {
        "point_count": 1,
        "density_level": "LOW",
        "avg_speed": 72,
        "unique_vehicles": 1,
        "min_speed": 72,
        "max_speed": 72
      }
    },
    {
      "h3_index": "89674126663ffff",
      "type": "Feature",
      "geometry": {
        "type": "Polygon",
        "coordinates": [
          [
            [
              -66.83365478072496,
              10.544667664695922
            ],
            [
              -66.83461371355942,
              10.543383930863367
            ],
            [
              -66.83384284617837,
              10.541813505151488
            ],
            [
              -66.83211305710172,
              10.541526846716291
            ],
            [
              -66.83115415566003,
              10.542810596868346
            ],
            [
              -66.8319250119015,
              10.544380989136437
            ],
            [
              -66.83365478072496,
              10.544667664695922
            ]
          ]
        ]
      },
      "properties": {
        "point_count": 1,
        "density_level": "LOW",
        "avg_speed": 98,
        "unique_vehicles": 1,
        "min_speed": 98,
        "max_speed": 98
      }
    },
    {
      "h3_index": "8967412e253ffff",
      "type": "Feature",
      "geometry": {
        "type": "Polygon",
        "coordinates": [
          [
            [
              -66.97147562352345,
              10.485157783245475
            ],
            [
              -66.97243681148976,
              10.483871328836079
            ],
            [
              -66.97166535580722,
              10.48229905316303
            ],
            [
              -66.96993272313863,
              10.48201326527211
            ],
            [
              -66.96897156644347,
              10.483299736022463
            ],
            [
              -66.969743011145,
              10.484871978323126
            ],
            [
              -66.97147562352345,
              10.485157783245475
            ]
          ]
        ]
      },
      "properties": {
        "point_count": 1,
        "density_level": "LOW",
        "avg_speed": 44,
        "unique_vehicles": 1,
        "min_speed": 44,
        "max_speed": 44
      }
    },
    {
      "h3_index": "89674120377ffff",
      "type": "Feature",
      "geometry": {
        "type": "Polygon",
        "coordinates": [
          [
            [
              -66.95884463616136,
              10.55672857238922
            ],
            [
              -66.95980540131202,
              10.555443845694784
            ],
            [
              -66.95903417294673,
              10.553872841352307
            ],
            [
              -66.95730219042068,
              10.55358659705805
            ],
            [
              -66.95634145653828,
              10.554871340127326
            ],
            [
              -66.95711267391296,
              10.556442311116351
            ],
            [
              -66.95884463616136,
              10.55672857238922
            ]
          ]
        ]
      },
      "properties": {
        "point_count": 1,
        "density_level": "LOW",
        "avg_speed": 90,
        "unique_vehicles": 1,
        "min_speed": 90,
        "max_speed": 90
      }
    },
    {
      "h3_index": "89674c5b213ffff",
      "type": "Feature",
      "geometry": {
        "type": "Polygon",
        "coordinates": [
          [
            [
              -66.89613361149503,
              10.393227651367402
            ],
            [
              -66.89709397487455,
              10.391939902744877
            ],
            [
              -66.89632251258287,
              10.390366572170954
            ],
            [
              -66.89459069798815,
              10.390081023679013
            ],
            [
              -66.89363036597307,
              10.391368788562424
            ],
            [
              -66.89440181718754,
              10.392942085677229
            ],
            [
              -66.89613361149503,
              10.393227651367402
            ]
          ]
        ]
      },
      "properties": {
        "point_count": 1,
        "density_level": "LOW",
        "avg_speed": 13,
        "unique_vehicles": 1,
        "min_speed": 13,
        "max_speed": 13
      }
    },
    {
      "h3_index": "89674125a2bffff",
      "type": "Feature",
      "geometry": {
        "type": "Polygon",
        "coordinates": [
          [
            [
              -66.87271325721514,
              10.429840764369729
            ],
            [
              -66.87367315046286,
              10.428554068495123
            ],
            [
              -66.87290185794106,
              10.4269814908154
            ],
            [
              -66.87117068327295,
              10.426695642471927
            ],
            [
              -66.87021082140464,
              10.427982354618406
            ],
            [
              -66.87098210282431,
              10.429554898836818
            ],
            [
              -66.87271325721514,
              10.429840764369729
            ]
          ]
        ]
      },
      "properties": {
        "point_count": 1,
        "density_level": "LOW",
        "avg_speed": 56,
        "unique_vehicles": 1,
        "min_speed": 56,
        "max_speed": 56
      }
    },
    {
      "h3_index": "89674122823ffff",
      "type": "Feature",
      "geometry": {
        "type": "Polygon",
        "coordinates": [
          [
            [
              -66.89712647429097,
              10.576821720753058
            ],
            [
              -66.89808625184942,
              10.57553806623023
            ],
            [
              -66.89731526895895,
              10.57396778055156
            ],
            [
              -66.89558451957144,
              10.573681182783968
            ],
            [
              -66.89462477333724,
              10.574964853668487
            ],
            [
              -66.89539574516556,
              10.576535105959247
            ],
            [
              -66.89712647429097,
              10.576821720753058
            ]
          ]
        ]
      },
      "properties": {
        "point_count": 1,
        "density_level": "LOW",
        "avg_speed": 59,
        "unique_vehicles": 1,
        "min_speed": 59,
        "max_speed": 59
      }
    },
    {
      "h3_index": "8967412c2b7ffff",
      "type": "Feature",
      "geometry": {
        "type": "Polygon",
        "coordinates": [
          [
            [
              -66.97470162863868,
              10.436543802727277
            ],
            [
              -66.97566302387587,
              10.435256230492385
            ],
            [
              -66.97489143046539,
              10.433683126886242
            ],
            [
              -66.9731584527978,
              10.433397628904029
            ],
            [
              -66.97219708883895,
              10.434685217454598
            ],
            [
              -66.97296867126862,
              10.43625828767204
            ],
            [
              -66.97470162863868,
              10.436543802727277
            ]
          ]
        ]
      },
      "properties": {
        "point_count": 1,
        "density_level": "LOW",
        "avg_speed": 112,
        "unique_vehicles": 1,
        "min_speed": 112,
        "max_speed": 112
      }
    },
    {
      "h3_index": "89674c5a2d3ffff",
      "type": "Feature",
      "geometry": {
        "type": "Polygon",
        "coordinates": [
          [
            [
              -66.8457533982554,
              10.400818299842374
            ],
            [
              -66.84671298267617,
              10.399531227950916
            ],
            [
              -66.84594169895205,
              10.397958339460493
            ],
            [
              -66.84421084194267,
              10.397672556352619
            ],
            [
              -66.84325128893373,
              10.39895964448931
            ],
            [
              -66.84402256152165,
              10.400532499488962
            ],
            [
              -66.8457533982554,
              10.400818299842374
            ]
          ]
        ]
      },
      "properties": {
        "point_count": 1,
        "density_level": "LOW",
        "avg_speed": 54,
        "unique_vehicles": 1,
        "min_speed": 54,
        "max_speed": 54
      }
    },
    {
      "h3_index": "8967412480bffff",
      "type": "Feature",
      "geometry": {
        "type": "Polygon",
        "coordinates": [
          [
            [
              -66.8035301395824,
              10.444410636075844
            ],
            [
              -66.80448894858131,
              10.443124963649398
            ],
            [
              -66.80371791329839,
              10.441553062405603
            ],
            [
              -66.80198808019857,
              10.441266867091631
            ],
            [
              -66.80102930264306,
              10.442552555770822
            ],
            [
              -66.80180032674328,
              10.444124423511575
            ],
            [
              -66.8035301395824,
              10.444410636075844
            ]
          ]
        ]
      },
      "properties": {
        "point_count": 1,
        "density_level": "LOW",
        "avg_speed": 51,
        "unique_vehicles": 1,
        "min_speed": 51,
        "max_speed": 51
      }
    },
    {
      "h3_index": "8967412c187ffff",
      "type": "Feature",
      "geometry": {
        "type": "Polygon",
        "coordinates": [
          [
            [
              -66.94332348477671,
              10.43426402229484
            ],
            [
              -66.9442844191646,
              10.432976714471948
            ],
            [
              -66.94351291721246,
              10.4314037684482
            ],
            [
              -66.9417804918899,
              10.431118163658862
            ],
            [
              -66.94081958881159,
              10.432405487783836
            ],
            [
              -66.94159107974554,
              10.433978400396404
            ],
            [
              -66.94332348477671,
              10.43426402229484
            ]
          ]
        ]
      },
      "properties": {
        "point_count": 1,
        "density_level": "LOW",
        "avg_speed": 57,
        "unique_vehicles": 1,
        "min_speed": 57,
        "max_speed": 57
      }
    },
    {
      "h3_index": "89674c5b1b7ffff",
      "type": "Feature",
      "geometry": {
        "type": "Polygon",
        "coordinates": [
          [
            [
              -66.84938558043591,
              10.3855156540698
            ],
            [
              -66.85034526928055,
              10.384228204210995
            ],
            [
              -66.84957393388159,
              10.382655039975502
            ],
            [
              -66.84784292077033,
              10.38236935909322
            ],
            [
              -66.84688326333729,
              10.3836568251902
            ],
            [
              -66.84765458760319,
              10.385229955931608
            ],
            [
              -66.84938558043591,
              10.3855156540698
            ]
          ]
        ]
      },
      "properties": {
        "point_count": 1,
        "density_level": "LOW",
        "avg_speed": 115,
        "unique_vehicles": 1,
        "min_speed": 115,
        "max_speed": 115
      }
    },
    {
      "h3_index": "89674126687ffff",
      "type": "Feature",
      "geometry": {
        "type": "Polygon",
        "coordinates": [
          [
            [
              -66.82502522067868,
              10.556219538892249
            ],
            [
              -66.8259839864204,
              10.5549361511268
            ],
            [
              -66.82521317676756,
              10.553365971891477
            ],
            [
              -66.82348361252116,
              10.553079213867107
            ],
            [
              -66.8225248781781,
              10.554362617954995
            ],
            [
              -66.82329567668208,
              10.555932763745156
            ],
            [
              -66.82502522067868,
              10.556219538892249
            ]
          ]
        ]
      },
      "properties": {
        "point_count": 1,
        "density_level": "LOW",
        "avg_speed": 107,
        "unique_vehicles": 1,
        "min_speed": 107,
        "max_speed": 107
      }
    },
    {
      "h3_index": "89674c5a407ffff",
      "type": "Feature",
      "geometry": {
        "type": "Polygon",
        "coordinates": [
          [
            [
              -66.81847810620896,
              10.41654549461289
            ],
            [
              -66.81943723044157,
              10.41525904886193
            ],
            [
              -66.8186660744347,
              10.413686592261135
            ],
            [
              -66.81693580536174,
              10.41340061491507
            ],
            [
              -66.81597671256402,
              10.414687076909214
            ],
            [
              -66.81674785740368,
              10.416259500006575
            ],
            [
              -66.81847810620896,
              10.41654549461289
            ]
          ]
        ]
      },
      "properties": {
        "point_count": 1,
        "density_level": "LOW",
        "avg_speed": 29,
        "unique_vehicles": 1,
        "min_speed": 29,
        "max_speed": 29
      }
    },
    {
      "h3_index": "89674124a67ffff",
      "type": "Feature",
      "geometry": {
        "type": "Polygon",
        "coordinates": [
          [
            [
              -66.82022759152821,
              10.429838241147962
            ],
            [
              -66.82118669855261,
              10.42855207456269
            ],
            [
              -66.82041557191829,
              10.426979826842212
            ],
            [
              -66.81868534942295,
              10.426693779204548
            ],
            [
              -66.8177262738289,
              10.42797996204107
            ],
            [
              -66.81849738929913,
              10.429552176264343
            ],
            [
              -66.82022759152821,
              10.429838241147962
            ]
          ]
        ]
      },
      "properties": {
        "point_count": 1,
        "density_level": "LOW",
        "avg_speed": 20,
        "unique_vehicles": 1,
        "min_speed": 20,
        "max_speed": 20
      }
    },
    {
      "h3_index": "89674124a2fffff",
      "type": "Feature",
      "geometry": {
        "type": "Polygon",
        "coordinates": [
          [
            [
              -66.81503707408777,
              10.42898003177078
            ],
            [
              -66.81599610609011,
              10.427693898418413
            ],
            [
              -66.8152249936801,
              10.426121669209278
            ],
            [
              -66.81349486043736,
              10.425835606853942
            ],
            [
              -66.8125358598706,
              10.427121756455039
            ],
            [
              -66.81330696111029,
              10.428693952163098
            ],
            [
              -66.81503707408777,
              10.42898003177078
            ]
          ]
        ]
      },
      "properties": {
        "point_count": 1,
        "density_level": "LOW",
        "avg_speed": 20,
        "unique_vehicles": 1,
        "min_speed": 20,
        "max_speed": 20
      }
    },
    {
      "h3_index": "8967412016bffff",
      "type": "Feature",
      "geometry": {
        "type": "Polygon",
        "coordinates": [
          [
            [
              -66.94538219540065,
              10.561719996416352
            ],
            [
              -66.94634274328982,
              10.560435517052882
            ],
            [
              -66.94557156990876,
              10.558864679492299
            ],
            [
              -66.943839859644,
              10.558578354656275
            ],
            [
              -66.9428793430352,
              10.559862850392063
            ],
            [
              -66.94365050541009,
              10.561433654591879
            ],
            [
              -66.94538219540065,
              10.561719996416352
            ]
          ]
        ]
      },
      "properties": {
        "point_count": 1,
        "density_level": "LOW",
        "avg_speed": 120,
        "unique_vehicles": 1,
        "min_speed": 120,
        "max_speed": 120
      }
    },
    {
      "h3_index": "8967412eecbffff",
      "type": "Feature",
      "geometry": {
        "type": "Polygon",
        "coordinates": [
          [
            [
              -66.93623286732057,
              10.462002876171145
            ],
            [
              -66.93719360504765,
              10.460716258926148
            ],
            [
              -66.93642219806354,
              10.459143817521076
            ],
            [
              -66.93469006437616,
              10.458858026766801
            ],
            [
              -66.93372935795968,
              10.460144660326282
            ],
            [
              -66.93450075391925,
              10.461717068325887
            ],
            [
              -66.93623286732057,
              10.462002876171145
            ]
          ]
        ]
      },
      "properties": {
        "point_count": 1,
        "density_level": "LOW",
        "avg_speed": 97,
        "unique_vehicles": 1,
        "min_speed": 97,
        "max_speed": 97
      }
    },
    {
      "h3_index": "89674124317ffff",
      "type": "Feature",
      "geometry": {
        "type": "Polygon",
        "coordinates": [
          [
            [
              -66.83316689651572,
              10.472420576292507
            ],
            [
              -66.83412605829709,
              10.4711352305934
            ],
            [
              -66.83335500253835,
              10.469563607047178
            ],
            [
              -66.83162479614316,
              10.469277362672452
            ],
            [
              -66.83066566577051,
              10.470562724651339
            ],
            [
              -66.83143671038363,
              10.472134314725501
            ],
            [
              -66.83316689651572,
              10.472420576292507
            ]
          ]
        ]
      },
      "properties": {
        "point_count": 1,
        "density_level": "LOW",
        "avg_speed": 52,
        "unique_vehicles": 1,
        "min_speed": 52,
        "max_speed": 52
      }
    },
    {
      "h3_index": "8967412588bffff",
      "type": "Feature",
      "geometry": {
        "type": "Polygon",
        "coordinates": [
          [
            [
              -66.85562673656896,
              10.450136633252976
            ],
            [
              -66.85658630765379,
              10.448850562888508
            ],
            [
              -66.85581512231843,
              10.447278428746289
            ],
            [
              -66.85408437701834,
              10.446992398434135
            ],
            [
              -66.85312483732521,
              10.448278485074944
            ],
            [
              -66.85389601153979,
              10.4498505857519
            ],
            [
              -66.85562673656896,
              10.450136633252976
            ]
          ]
        ]
      },
      "properties": {
        "point_count": 1,
        "density_level": "LOW",
        "avg_speed": 61,
        "unique_vehicles": 1,
        "min_speed": 61,
        "max_speed": 61
      }
    },
    {
      "h3_index": "8967412c393ffff",
      "type": "Feature",
      "geometry": {
        "type": "Polygon",
        "coordinates": [
          [
            [
              -66.96449400757812,
              10.431970064125766
            ],
            [
              -66.9654552654919,
              10.430682492368543
            ],
            [
              -66.96468369171367,
              10.429109376380632
            ],
            [
              -66.96295087101423,
              10.42882386554773
            ],
            [
              -66.96198964438976,
              10.430111453614092
            ],
            [
              -66.96276120717472,
              10.431684536204546
            ],
            [
              -66.96449400757812,
              10.431970064125766
            ]
          ]
        ]
      },
      "properties": {
        "point_count": 1,
        "density_level": "LOW",
        "avg_speed": 96,
        "unique_vehicles": 1,
        "min_speed": 96,
        "max_speed": 96
      }
    },
    {
      "h3_index": "8967412c07bffff",
      "type": "Feature",
      "geometry": {
        "type": "Polygon",
        "coordinates": [
          [
            [
              -66.97200731950402,
              10.437545810489777
            ],
            [
              -66.97296867126862,
              10.43625828767204
            ],
            [
              -66.97219708883895,
              10.434685217454598
            ],
            [
              -66.97046416562786,
              10.434399703445413
            ],
            [
              -66.96950284514398,
              10.43568724257832
            ],
            [
              -66.97027441658975,
              10.437260279405569
            ],
            [
              -66.97200731950402,
              10.437545810489777
            ]
          ]
        ]
      },
      "properties": {
        "point_count": 1,
        "density_level": "LOW",
        "avg_speed": 16,
        "unique_vehicles": 1,
        "min_speed": 16,
        "max_speed": 16
      }
    },
    {
      "h3_index": "89674134a7bffff",
      "type": "Feature",
      "geometry": {
        "type": "Polygon",
        "coordinates": [
          [
            [
              -66.81602148310733,
              10.573473903173863
            ],
            [
              -66.81698005746266,
              10.572190993241081
            ],
            [
              -66.81620932176307,
              10.570621157997017
            ],
            [
              -66.81448002286561,
              10.570334266130597
            ],
            [
              -66.81352147991397,
              10.571617192391704
            ],
            [
              -66.8142922044554,
              10.573186994191227
            ],
            [
              -66.81602148310733,
              10.573473903173863
            ]
          ]
        ]
      },
      "properties": {
        "point_count": 1,
        "density_level": "LOW",
        "avg_speed": 24,
        "unique_vehicles": 1,
        "min_speed": 24,
        "max_speed": 24
      }
    },
    {
      "h3_index": "8967412e8cfffff",
      "type": "Feature",
      "geometry": {
        "type": "Polygon",
        "coordinates": [
          [
            [
              -66.91620583341506,
              10.447136752644731
            ],
            [
              -66.91716632057776,
              10.445850004939857
            ],
            [
              -66.9163949370517,
              10.444277441710243
            ],
            [
              -66.9146630774116,
              10.443991659610736
            ],
            [
              -66.91370262158225,
              10.445278423614093
            ],
            [
              -66.91447399405894,
              10.446850953418812
            ],
            [
              -66.91620583341506,
              10.447136752644731
            ]
          ]
        ]
      },
      "properties": {
        "point_count": 1,
        "density_level": "LOW",
        "avg_speed": 117,
        "unique_vehicles": 1,
        "min_speed": 117,
        "max_speed": 117
      }
    },
    {
      "h3_index": "89674125a0fffff",
      "type": "Feature",
      "geometry": {
        "type": "Polygon",
        "coordinates": [
          [
            [
              -66.87502710535225,
              10.434558288129598
            ],
            [
              -66.87598701780453,
              10.433271674264224
            ],
            [
              -66.87521573039487,
              10.431699160222324
            ],
            [
              -66.87348454163127,
              10.43141329350406
            ],
            [
              -66.87252466055513,
              10.432699923644813
            ],
            [
              -66.87329593686576,
              10.43427240422879
            ],
            [
              -66.87502710535225,
              10.434558288129598
            ]
          ]
        ]
      },
      "properties": {
        "point_count": 1,
        "density_level": "LOW",
        "avg_speed": 67,
        "unique_vehicles": 1,
        "min_speed": 67,
        "max_speed": 67
      }
    },
    {
      "h3_index": "8967412f49bffff",
      "type": "Feature",
      "geometry": {
        "type": "Polygon",
        "coordinates": [
          [
            [
              -66.99826255603895,
              10.517027724693982
            ],
            [
              -66.99922403902306,
              10.515741713354656
            ],
            [
              -66.99845258424173,
              10.514169802558685
            ],
            [
              -66.99671965742236,
              10.513883936444092
            ],
            [
              -66.99575820567632,
              10.515169964152184
            ],
            [
              -66.99652964951085,
              10.516741841606432
            ],
            [
              -66.99826255603895,
              10.517027724693982
            ]
          ]
        ]
      },
      "properties": {
        "point_count": 1,
        "density_level": "LOW",
        "avg_speed": 64,
        "unique_vehicles": 1,
        "min_speed": 64,
        "max_speed": 64
      }
    },
    {
      "h3_index": "8967412516bffff",
      "type": "Feature",
      "geometry": {
        "type": "Polygon",
        "coordinates": [
          [
            [
              -66.87795687555924,
              10.469717145822296
            ],
            [
              -66.87891671687218,
              10.468431287800833
            ],
            [
              -66.87814551263132,
              10.466859338491357
            ],
            [
              -66.87641447816975,
              10.466573280646136
            ],
            [
              -66.8754546682226,
              10.467859154963447
            ],
            [
              -66.87622586137054,
              10.469431070830442
            ],
            [
              -66.87795687555924,
              10.469717145822296
            ]
          ]
        ]
      },
      "properties": {
        "point_count": 2,
        "density_level": "LOW",
        "avg_speed": 77,
        "unique_vehicles": 2,
        "min_speed": 38,
        "max_speed": 116
      }
    },
    {
      "h3_index": "896741219c7ffff",
      "type": "Feature",
      "geometry": {
        "type": "Polygon",
        "coordinates": [
          [
            [
              -66.9634332942985,
              10.527166792005945
            ],
            [
              -66.96439422472896,
              10.525881357600213
            ],
            [
              -66.96362290440162,
              10.524309831547331
            ],
            [
              -66.96189066463047,
              10.524023773262279
            ],
            [
              -66.96092976547008,
              10.525309224028645
            ],
            [
              -66.96170107481005,
              10.52688071671976
            ],
            [
              -66.9634332942985,
              10.527166792005945
            ]
          ]
        ]
      },
      "properties": {
        "point_count": 1,
        "density_level": "LOW",
        "avg_speed": 78,
        "unique_vehicles": 1,
        "min_speed": 78,
        "max_speed": 78
      }
    },
    {
      "h3_index": "8967412c59bffff",
      "type": "Feature",
      "geometry": {
        "type": "Polygon",
        "coordinates": [
          [
            [
              -66.94700507789103,
              10.457999181554701
            ],
            [
              -66.94796598957629,
              10.45671236655407
            ],
            [
              -66.94719453852527,
              10.4551397915418
            ],
            [
              -66.94546218680033,
              10.454854064930078
            ],
            [
              -66.94450130641599,
              10.45614089624722
            ],
            [
              -66.94527274645495,
              10.457713437859901
            ],
            [
              -66.94700507789103,
              10.457999181554701
            ]
          ]
        ]
      },
      "properties": {
        "point_count": 2,
        "density_level": "LOW",
        "avg_speed": 62.5,
        "unique_vehicles": 2,
        "min_speed": 51,
        "max_speed": 74
      }
    },
    {
      "h3_index": "8967412e527ffff",
      "type": "Feature",
      "geometry": {
        "type": "Polygon",
        "coordinates": [
          [
            [
              -66.91875365439955,
              10.488013179872116
            ],
            [
              -66.9197140458879,
              10.486727319712099
            ],
            [
              -66.91894276181164,
              10.485155419506135
            ],
            [
              -66.91721109728961,
              10.484869412868022
            ],
            [
              -66.91625073712339,
              10.486155289349881
            ],
            [
              -66.91702201015637,
              10.487727156148337
            ],
            [
              -66.91875365439955,
              10.488013179872116
            ]
          ]
        ]
      },
      "properties": {
        "point_count": 1,
        "density_level": "LOW",
        "avg_speed": 51,
        "unique_vehicles": 1,
        "min_speed": 51,
        "max_speed": 51
      }
    },
    {
      "h3_index": "89674120e7bffff",
      "type": "Feature",
      "geometry": {
        "type": "Polygon",
        "coordinates": [
          [
            [
              -66.94651850366604,
              10.544586374607974
            ],
            [
              -66.94747912462608,
              10.54330150022936
            ],
            [
              -66.94670790266174,
              10.541730369629914
            ],
            [
              -66.94497607074277,
              10.54144414677605
            ],
            [
              -66.94401548106565,
              10.542729037518138
            ],
            [
              -66.94478669202384,
              10.544300134750959
            ],
            [
              -66.94651850366604,
              10.544586374607974
            ]
          ]
        ]
      },
      "properties": {
        "point_count": 1,
        "density_level": "LOW",
        "avg_speed": 59,
        "unique_vehicles": 1,
        "min_speed": 59,
        "max_speed": 59
      }
    },
    {
      "h3_index": "896741255cbffff",
      "type": "Feature",
      "geometry": {
        "type": "Polygon",
        "coordinates": [
          [
            [
              -66.87838406868048,
              10.50300310503484
            ],
            [
              -66.8793438075025,
              10.501717986916322
            ],
            [
              -66.87857268940186,
              10.500146587976257
            ],
            [
              -66.87684184356843,
              10.499860340584435
            ],
            [
              -66.87588213610469,
              10.501145475017191
            ],
            [
              -66.8766532431154,
              10.502716840527862
            ],
            [
              -66.87838406868048,
              10.50300310503484
            ]
          ]
        ]
      },
      "properties": {
        "point_count": 1,
        "density_level": "LOW",
        "avg_speed": 118,
        "unique_vehicles": 1,
        "min_speed": 118,
        "max_speed": 118
      }
    },
    {
      "h3_index": "8967412cc07ffff",
      "type": "Feature",
      "geometry": {
        "type": "Polygon",
        "coordinates": [
          [
            [
              -66.92886846475938,
              10.414530932609193
            ],
            [
              -66.92982924780398,
              10.413243329843844
            ],
            [
              -66.9290577390665,
              10.411670146951273
            ],
            [
              -66.92732545832051,
              10.411384600252962
            ],
            [
              -66.92636470660382,
              10.412672219303863
            ],
            [
              -66.92713620430449,
              10.414245368767848
            ],
            [
              -66.92886846475938,
              10.414530932609193
            ]
          ]
        ]
      },
      "properties": {
        "point_count": 3,
        "density_level": "LOW",
        "avg_speed": 87.67,
        "unique_vehicles": 3,
        "min_speed": 64,
        "max_speed": 115
      }
    },
    {
      "h3_index": "89674121103ffff",
      "type": "Feature",
      "geometry": {
        "type": "Polygon",
        "coordinates": [
          [
            [
              -66.99484274860446,
              10.568450713458022
            ],
            [
              -66.9958040121505,
              10.567165886955962
            ],
            [
              -66.99503270310687,
              10.565594855875688
            ],
            [
              -66.99330014146352,
              10.565308684621982
            ],
            [
              -66.99233890914795,
              10.56659352751926
            ],
            [
              -66.99311020724456,
              10.568164525275353
            ],
            [
              -66.99484274860446,
              10.568450713458022
            ]
          ]
        ]
      },
      "properties": {
        "point_count": 1,
        "density_level": "LOW",
        "avg_speed": 20,
        "unique_vehicles": 1,
        "min_speed": 20,
        "max_speed": 20
      }
    },
    {
      "h3_index": "8967412598fffff",
      "type": "Feature",
      "geometry": {
        "type": "Polygon",
        "coordinates": [
          [
            [
              -66.83561259111798,
              10.435271059177126
            ],
            [
              -66.8365719109901,
              10.433984858658153
            ],
            [
              -66.83580074986247,
              10.43241260400351
            ],
            [
              -66.83407028000757,
              10.432126583352797
            ],
            [
              -66.83311099154974,
              10.433412800132043
            ],
            [
              -66.8338821415318,
              10.43498502130208
            ],
            [
              -66.83561259111798,
              10.435271059177126
            ]
          ]
        ]
      },
      "properties": {
        "point_count": 1,
        "density_level": "LOW",
        "avg_speed": 85,
        "unique_vehicles": 1,
        "min_speed": 85,
        "max_speed": 85
      }
    },
    {
      "h3_index": "8967412458fffff",
      "type": "Feature",
      "geometry": {
        "type": "Polygon",
        "coordinates": [
          [
            [
              -66.81284094324407,
              10.502259433077047
            ],
            [
              -66.81379970279684,
              10.500974960156677
            ],
            [
              -66.81302878995224,
              10.499403959681333
            ],
            [
              -66.81129912872149,
              10.499117465601126
            ],
            [
              -66.8103404005907,
              10.500401954809709
            ],
            [
              -66.81111130226799,
              10.50197292181062
            ],
            [
              -66.81284094324407,
              10.502259433077047
            ]
          ]
        ]
      },
      "properties": {
        "point_count": 1,
        "density_level": "LOW",
        "avg_speed": 16,
        "unique_vehicles": 1,
        "min_speed": 16,
        "max_speed": 16
      }
    },
    {
      "h3_index": "89674120203ffff",
      "type": "Feature",
      "geometry": {
        "type": "Polygon",
        "coordinates": [
          [
            [
              -66.9759884719686,
              10.575439458302567
            ],
            [
              -66.97694943154971,
              10.574154977989602
            ],
            [
              -66.97617819920087,
              10.57258418020927
            ],
            [
              -66.97444601823909,
              10.572297896076648
            ],
            [
              -66.9734850899055,
              10.573582392781258
            ],
            [
              -66.97425631128544,
              10.575153157227176
            ],
            [
              -66.9759884719686,
              10.575439458302567
            ]
          ]
        ]
      },
      "properties": {
        "point_count": 1,
        "density_level": "LOW",
        "avg_speed": 115,
        "unique_vehicles": 1,
        "min_speed": 115,
        "max_speed": 115
      }
    },
    {
      "h3_index": "8967412c64fffff",
      "type": "Feature",
      "geometry": {
        "type": "Polygon",
        "coordinates": [
          [
            [
              -66.99204444707948,
              10.452413840284345
            ],
            [
              -66.99300604898741,
              10.45112644805999
            ],
            [
              -66.99223444361684,
              10.44955350026484
            ],
            [
              -66.99050124729665,
              10.4492679780651
            ],
            [
              -66.98953967664664,
              10.450555386620627
            ],
            [
              -66.99031127105818,
              10.452128301045054
            ],
            [
              -66.99204444707948,
              10.452413840284345
            ]
          ]
        ]
      },
      "properties": {
        "point_count": 1,
        "density_level": "LOW",
        "avg_speed": 27,
        "unique_vehicles": 1,
        "min_speed": 27,
        "max_speed": 27
      }
    },
    {
      "h3_index": "89674c5b2cbffff",
      "type": "Feature",
      "geometry": {
        "type": "Polygon",
        "coordinates": [
          [
            [
              -66.90383255810661,
              10.395943171508112
            ],
            [
              -66.90479302774405,
              10.394655405977844
            ],
            [
              -66.90402154845356,
              10.393082072052499
            ],
            [
              -66.9022896105928,
              10.392796537110561
            ],
            [
              -66.90132917231172,
              10.394084318906247
            ],
            [
              -66.90210064053433,
              10.395657619378783
            ],
            [
              -66.90383255810661,
              10.395943171508112
            ]
          ]
        ]
      },
      "properties": {
        "point_count": 1,
        "density_level": "LOW",
        "avg_speed": 46,
        "unique_vehicles": 1,
        "min_speed": 46,
        "max_speed": 46
      }
    },
    {
      "h3_index": "8967412ca33ffff",
      "type": "Feature",
      "geometry": {
        "type": "Polygon",
        "coordinates": [
          [
            [
              -66.94654439169074,
              10.385624160067193
            ],
            [
              -66.9475055333109,
              10.384335735152122
            ],
            [
              -66.9467338935713,
              10.382761963249528
            ],
            [
              -66.9450011232289,
              10.382476649689668
            ],
            [
              -66.94404001292556,
              10.383765090881315
            ],
            [
              -66.94481164164709,
              10.385338829356579
            ],
            [
              -66.94654439169074,
              10.385624160067193
            ]
          ]
        ]
      },
      "properties": {
        "point_count": 1,
        "density_level": "LOW",
        "avg_speed": 79,
        "unique_vehicles": 1,
        "min_speed": 79,
        "max_speed": 79
      }
    },
    {
      "h3_index": "89674c5b0b3ffff",
      "type": "Feature",
      "geometry": {
        "type": "Polygon",
        "coordinates": [
          [
            [
              -66.86940546495634,
              10.400385792168446
            ],
            [
              -66.87036540499174,
              10.399098472287672
            ],
            [
              -66.86959404550458,
              10.397525427882288
            ],
            [
              -66.86786275708958,
              10.397239736832779
            ],
            [
              -66.86690284844312,
              10.398527072967875
            ],
            [
              -66.867674196822,
              10.4001000838985
            ],
            [
              -66.86940546495634,
              10.400385792168446
            ]
          ]
        ]
      },
      "properties": {
        "point_count": 1,
        "density_level": "LOW",
        "avg_speed": 85,
        "unique_vehicles": 1,
        "min_speed": 85,
        "max_speed": 85
      }
    },
    {
      "h3_index": "8967412cc83ffff",
      "type": "Feature",
      "geometry": {
        "type": "Polygon",
        "coordinates": [
          [
            [
              -66.92830066632169,
              10.423112603795435
            ],
            [
              -66.92926141280947,
              10.421825198190168
            ],
            [
              -66.92848992838711,
              10.420252161038775
            ],
            [
              -66.92675770851314,
              10.419966562918706
            ],
            [
              -66.92579699335204,
              10.421253984814003
            ],
            [
              -66.92656846673752,
              10.422826988539672
            ],
            [
              -66.92830066632169,
              10.423112603795435
            ]
          ]
        ]
      },
      "properties": {
        "point_count": 1,
        "density_level": "LOW",
        "avg_speed": 21,
        "unique_vehicles": 1,
        "min_speed": 21,
        "max_speed": 21
      }
    },
    {
      "h3_index": "8967412c403ffff",
      "type": "Feature",
      "geometry": {
        "type": "Polygon",
        "coordinates": [
          [
            [
              -66.96510150740289,
              10.462428930072372
            ],
            [
              -66.96606267468476,
              10.461142032063332
            ],
            [
              -66.96529117904497,
              10.459569418041786
            ],
            [
              -66.96355852711285,
              10.45928373541509
            ],
            [
              -66.9625973911132,
              10.460570649750188
            ],
            [
              -66.96336887576275,
              10.46214323038627
            ],
            [
              -66.96510150740289,
              10.462428930072372
            ]
          ]
        ]
      },
      "properties": {
        "point_count": 1,
        "density_level": "LOW",
        "avg_speed": 102,
        "unique_vehicles": 1,
        "min_speed": 102,
        "max_speed": 102
      }
    },
    {
      "h3_index": "8967412f5bbffff",
      "type": "Feature",
      "geometry": {
        "type": "Polygon",
        "coordinates": [
          [
            [
              -66.9759145061117,
              10.497449147086847
            ],
            [
              -66.97687572004043,
              10.496162922712733
            ],
            [
              -66.97610428290494,
              10.494590824091114
            ],
            [
              -66.97437164281483,
              10.494304983208552
            ],
            [
              -66.97341046015028,
              10.49559122393206
            ],
            [
              -66.97418188631094,
              10.497163289189064
            ],
            [
              -66.9759145061117,
              10.497449147086847
            ]
          ]
        ]
      },
      "properties": {
        "point_count": 1,
        "density_level": "LOW",
        "avg_speed": 68,
        "unique_vehicles": 1,
        "min_speed": 68,
        "max_speed": 68
      }
    },
    {
      "h3_index": "8967412e40fffff",
      "type": "Feature",
      "geometry": {
        "type": "Polygon",
        "coordinates": [
          [
            [
              -66.94378487187498,
              10.506591298335211
            ],
            [
              -66.94474557642825,
              10.505305601503373
            ],
            [
              -66.94397426309659,
              10.503733854597414
            ],
            [
              -66.94224225622314,
              10.503447837906823
            ],
            [
              -66.94128158296357,
              10.50473355108044
            ],
            [
              -66.94205288528302,
              10.506305264603204
            ],
            [
              -66.94378487187498,
              10.506591298335211
            ]
          ]
        ]
      },
      "properties": {
        "point_count": 1,
        "density_level": "LOW",
        "avg_speed": 93,
        "unique_vehicles": 1,
        "min_speed": 93,
        "max_speed": 93
      }
    },
    {
      "h3_index": "8967412c593ffff",
      "type": "Feature",
      "geometry": {
        "type": "Polygon",
        "coordinates": [
          [
            [
              -66.94431187825668,
              10.459000203423898
            ],
            [
              -66.94527274645495,
              10.457713437859901
            ],
            [
              -66.94450130641599,
              10.45614089624722
            ],
            [
              -66.9427690091932,
              10.455855153599943
            ],
            [
              -66.94180817229825,
              10.457141935479966
            ],
            [
              -66.94257960132205,
              10.458714443691575
            ],
            [
              -66.94431187825668,
              10.459000203423898
            ]
          ]
        ]
      },
      "properties": {
        "point_count": 1,
        "density_level": "LOW",
        "avg_speed": 43,
        "unique_vehicles": 1,
        "min_speed": 43,
        "max_speed": 43
      }
    },
    {
      "h3_index": "89674125867ffff",
      "type": "Feature",
      "geometry": {
        "type": "Polygon",
        "coordinates": [
          [
            [
              -66.85656870592872,
              10.43584446770029
            ],
            [
              -66.85752833784746,
              10.434558068611313
            ],
            [
              -66.85675711198506,
              10.432985691721317
            ],
            [
              -66.85502626532397,
              10.4326997473907
            ],
            [
              -66.85406666479906,
              10.433986162748512
            ],
            [
              -66.8548378795407,
              10.435558506168446
            ],
            [
              -66.85656870592872,
              10.43584446770029
            ]
          ]
        ]
      },
      "properties": {
        "point_count": 1,
        "density_level": "LOW",
        "avg_speed": 74,
        "unique_vehicles": 1,
        "min_speed": 74,
        "max_speed": 74
      }
    },
    {
      "h3_index": "89674120d7bffff",
      "type": "Feature",
      "geometry": {
        "type": "Polygon",
        "coordinates": [
          [
            [
              -66.91015666876723,
              10.538574275560531
            ],
            [
              -66.91111676630098,
              10.537289632988891
            ],
            [
              -66.91034564201742,
              10.535718628095793
            ],
            [
              -66.90861443124903,
              10.535432299168562
            ],
            [
              -66.90765436503499,
              10.536716958086236
            ],
            [
              -66.90842547826892,
              10.538287929585438
            ],
            [
              -66.91015666876723,
              10.538574275560531
            ]
          ]
        ]
      },
      "properties": {
        "point_count": 2,
        "density_level": "LOW",
        "avg_speed": 30.5,
        "unique_vehicles": 2,
        "min_speed": 7,
        "max_speed": 54
      }
    },
    {
      "h3_index": "8967412e243ffff",
      "type": "Feature",
      "geometry": {
        "type": "Polygon",
        "coordinates": [
          [
            [
              -66.97166535580722,
              10.48229905316303
            ],
            [
              -66.97262655596367,
              10.48101253297913
            ],
            [
              -66.97185509218072,
              10.479440208564494
            ],
            [
              -66.97012243922154,
              10.47915443770745
            ],
            [
              -66.96916127033664,
              10.48044097423083
            ],
            [
              -66.96993272313863,
              10.48201326527211
            ],
            [
              -66.97166535580722,
              10.48229905316303
            ]
          ]
        ]
      },
      "properties": {
        "point_count": 1,
        "density_level": "LOW",
        "avg_speed": 15,
        "unique_vehicles": 1,
        "min_speed": 15,
        "max_speed": 15
      }
    },
    {
      "h3_index": "8967412da87ffff",
      "type": "Feature",
      "geometry": {
        "type": "Polygon",
        "coordinates": [
          [
            [
              -67.00123621892303,
              10.393178188518888
            ],
            [
              -67.00219815176926,
              10.391889383097137
            ],
            [
              -67.00142636242721,
              10.390315395397733
            ],
            [
              -66.99969265119071,
              10.390030246507203
            ],
            [
              -66.99873074960598,
              10.39131906823129
            ],
            [
              -66.99950252799553,
              10.392893022543896
            ],
            [
              -67.00123621892303,
              10.393178188518888
            ]
          ]
        ]
      },
      "properties": {
        "point_count": 3,
        "density_level": "LOW",
        "avg_speed": 58.33,
        "unique_vehicles": 3,
        "min_speed": 47,
        "max_speed": 64
      }
    },
    {
      "h3_index": "896741256c7ffff",
      "type": "Feature",
      "geometry": {
        "type": "Polygon",
        "coordinates": [
          [
            [
              -66.90954399710226,
              10.50815501047584
            ],
            [
              -66.9105041850402,
              10.506869693445672
            ],
            [
              -66.90973298270926,
              10.505298185708527
            ],
            [
              -66.90800160349237,
              10.505012028407938
            ],
            [
              -66.90704144688125,
              10.50629736176734
            ],
            [
              -66.90781263815951,
              10.507868836098423
            ],
            [
              -66.90954399710226,
              10.50815501047584
            ]
          ]
        ]
      },
      "properties": {
        "point_count": 1,
        "density_level": "LOW",
        "avg_speed": 38,
        "unique_vehicles": 1,
        "min_speed": 38,
        "max_speed": 38
      }
    },
    {
      "h3_index": "89674125593ffff",
      "type": "Feature",
      "geometry": {
        "type": "Polygon",
        "coordinates": [
          [
            [
              -66.86762257411719,
              10.506997928336181
            ],
            [
              -66.86858213883026,
              10.50571300815239
            ],
            [
              -66.86781106510787,
              10.504141742938604
            ],
            [
              -66.866080437774,
              10.50385543134417
            ],
            [
              -66.86512090442882,
              10.505140367840177
            ],
            [
              -66.86589196704888,
              10.506711599618749
            ],
            [
              -66.86762257411719,
              10.506997928336181
            ]
          ]
        ]
      },
      "properties": {
        "point_count": 1,
        "density_level": "LOW",
        "avg_speed": 117,
        "unique_vehicles": 1,
        "min_speed": 117,
        "max_speed": 117
      }
    },
    {
      "h3_index": "89674124ac3ffff",
      "type": "Feature",
      "geometry": {
        "type": "Polygon",
        "coordinates": [
          [
            [
              -66.8244782315313,
              10.444987022810192
            ],
            [
              -66.82543735276876,
              10.443701151705957
            ],
            [
              -66.82466625245428,
              10.44212912802983
            ],
            [
              -66.82293604205961,
              10.441843008946769
            ],
            [
              -66.82197695224517,
              10.443128896312274
            ],
            [
              -66.8227480414017,
              10.444700886499897
            ],
            [
              -66.8244782315313,
              10.444987022810192
            ]
          ]
        ]
      },
      "properties": {
        "point_count": 1,
        "density_level": "LOW",
        "avg_speed": 115,
        "unique_vehicles": 1,
        "min_speed": 115,
        "max_speed": 115
      }
    },
    {
      "h3_index": "8967412eb47ffff",
      "type": "Feature",
      "geometry": {
        "type": "Polygon",
        "coordinates": [
          [
            [
              -66.91790791291619,
              10.421398837881116
            ],
            [
              -66.91886850971387,
              10.420111498568438
            ],
            [
              -66.91809705324758,
              10.418538497970625
            ],
            [
              -66.91636501103217,
              10.418252870119332
            ],
            [
              -66.91540444557167,
              10.419540225717014
            ],
            [
              -66.91617589098867,
              10.421113192881311
            ],
            [
              -66.91790791291619,
              10.421398837881116
            ]
          ]
        ]
      },
      "properties": {
        "point_count": 1,
        "density_level": "LOW",
        "avg_speed": 63,
        "unique_vehicles": 1,
        "min_speed": 63,
        "max_speed": 63
      }
    },
    {
      "h3_index": "8967412d13bffff",
      "type": "Feature",
      "geometry": {
        "type": "Polygon",
        "coordinates": [
          [
            [
              -67.00184023151277,
              10.423658622102936
            ],
            [
              -67.0028020735824,
              10.42237049006016
            ],
            [
              -67.00203036243298,
              10.42079700398141
            ],
            [
              -67.0002968201627,
              10.420511683320646
            ],
            [
              -66.99933500934746,
              10.421799831682721
            ],
            [
              -67.0001067095474,
              10.423373284386594
            ],
            [
              -67.00184023151277,
              10.423658622102936
            ]
          ]
        ]
      },
      "properties": {
        "point_count": 1,
        "density_level": "LOW",
        "avg_speed": 46,
        "unique_vehicles": 1,
        "min_speed": 46,
        "max_speed": 46
      }
    },
    {
      "h3_index": "8967412513bffff",
      "type": "Feature",
      "geometry": {
        "type": "Polygon",
        "coordinates": [
          [
            [
              -66.86988473416582,
              10.472716149991847
            ],
            [
              -66.87084444486904,
              10.471430440387955
            ],
            [
              -66.87007327391628,
              10.469858591410281
            ],
            [
              -66.86834240336182,
              10.469572485483711
            ],
            [
              -66.86738272403163,
              10.470858211381934
            ],
            [
              -66.86815388388216,
              10.472430026912747
            ],
            [
              -66.86988473416582,
              10.472716149991847
            ]
          ]
        ]
      },
      "properties": {
        "point_count": 1,
        "density_level": "LOW",
        "avg_speed": 22,
        "unique_vehicles": 1,
        "min_speed": 22,
        "max_speed": 22
      }
    },
    {
      "h3_index": "8967412f14fffff",
      "type": "Feature",
      "geometry": {
        "type": "Polygon",
        "coordinates": [
          [
            [
              -66.99071458599224,
              10.472433015236001
            ],
            [
              -66.99167610252476,
              10.471146083295302
            ],
            [
              -66.99090455386191,
              10.46957347656503
            ],
            [
              -66.98917149962492,
              10.469287835139784
            ],
            [
              -66.98821001434733,
              10.470574783422053
            ],
            [
              -66.98898155205109,
              10.472147356788328
            ],
            [
              -66.99071458599224,
              10.472433015236001
            ]
          ]
        ]
      },
      "properties": {
        "point_count": 1,
        "density_level": "LOW",
        "avg_speed": 0,
        "unique_vehicles": 1,
        "min_speed": 0,
        "max_speed": 0
      }
    },
    {
      "h3_index": "8967412c03bffff",
      "type": "Feature",
      "geometry": {
        "type": "Polygon",
        "coordinates": [
          [
            [
              -66.96411465157477,
              10.437691096485393
            ],
            [
              -66.96507588510349,
              10.436403656192443
            ],
            [
              -66.96430432753186,
              10.434830637496516
            ],
            [
              -66.9625715474241,
              10.434545092489422
            ],
            [
              -66.96161034518386,
              10.435832549094503
            ],
            [
              -66.9623818917622,
              10.437405534394873
            ],
            [
              -66.96411465157477,
              10.437691096485393
            ]
          ]
        ]
      },
      "properties": {
        "point_count": 1,
        "density_level": "LOW",
        "avg_speed": 70,
        "unique_vehicles": 1,
        "min_speed": 70,
        "max_speed": 70
      }
    },
    {
      "h3_index": "89674125237ffff",
      "type": "Feature",
      "geometry": {
        "type": "Polygon",
        "coordinates": [
          [
            [
              -66.90104511053408,
              10.477865514528101
            ],
            [
              -66.90200527053344,
              10.476579605928864
            ],
            [
              -66.90123401521353,
              10.475007647565374
            ],
            [
              -66.89950261095856,
              10.474721631224993
            ],
            [
              -66.89854248230075,
              10.476007556133613
            ],
            [
              -66.89931372655568,
              10.477579481073564
            ],
            [
              -66.90104511053408,
              10.477865514528101
            ]
          ]
        ]
      },
      "properties": {
        "point_count": 1,
        "density_level": "LOW",
        "avg_speed": 114,
        "unique_vehicles": 1,
        "min_speed": 114,
        "max_speed": 114
      }
    },
    {
      "h3_index": "8967412c56bffff",
      "type": "Feature",
      "geometry": {
        "type": "Polygon",
        "coordinates": [
          [
            [
              -66.9533394399032,
              10.441698018893067
            ],
            [
              -66.9543004995009,
              10.440410776298537
            ],
            [
              -66.95352898592112,
              10.438837891193673
            ],
            [
              -66.95179642374869,
              10.438552282085144
            ],
            [
              -66.95083539544916,
              10.439839540989787
            ],
            [
              -66.95160689802319,
              10.441412392693193
            ],
            [
              -66.9533394399032,
              10.441698018893067
            ]
          ]
        ]
      },
      "properties": {
        "point_count": 1,
        "density_level": "LOW",
        "avg_speed": 21,
        "unique_vehicles": 1,
        "min_speed": 21,
        "max_speed": 21
      }
    },
    {
      "h3_index": "8967412606bffff",
      "type": "Feature",
      "geometry": {
        "type": "Polygon",
        "coordinates": [
          [
            [
              -66.81883948799813,
              10.53067069608527
            ],
            [
              -66.81979824458438,
              10.529386798541843
            ],
            [
              -66.81902738738106,
              10.527816232711661
            ],
            [
              -66.81729778474887,
              10.527529597884577
            ],
            [
              -66.81633905957274,
              10.528813511734104
            ],
            [
              -66.81710990561797,
              10.530384044104956
            ],
            [
              -66.81883948799813,
              10.53067069608527
            ]
          ]
        ]
      },
      "properties": {
        "point_count": 1,
        "density_level": "LOW",
        "avg_speed": 107,
        "unique_vehicles": 1,
        "min_speed": 107,
        "max_speed": 107
      }
    },
    {
      "h3_index": "8967412ea3bffff",
      "type": "Feature",
      "geometry": {
        "type": "Polygon",
        "coordinates": [
          [
            [
              -66.92773290460683,
              10.431693246142848
            ],
            [
              -66.92869361454026,
              10.430406037720383
            ],
            [
              -66.9279221544317,
              10.428833146354965
            ],
            [
              -66.92618999542582,
              10.428547496835195
            ],
            [
              -66.92522931681775,
              10.429834721552195
            ],
            [
              -66.92600076588946,
              10.431407579494762
            ],
            [
              -66.92773290460683,
              10.431693246142848
            ]
          ]
        ]
      },
      "properties": {
        "point_count": 1,
        "density_level": "LOW",
        "avg_speed": 47,
        "unique_vehicles": 1,
        "min_speed": 47,
        "max_speed": 47
      }
    },
    {
      "h3_index": "89674122b07ffff",
      "type": "Feature",
      "geometry": {
        "type": "Polygon",
        "coordinates": [
          [
            [
              -66.90076121169456,
              10.561553402706789
            ],
            [
              -66.90172109357336,
              10.560269369432339
            ],
            [
              -66.90095005913658,
              10.558698806263841
            ],
            [
              -66.89921915387933,
              10.558412309761517
            ],
            [
              -66.89825930332454,
              10.559696359390788
            ],
            [
              -66.89903032670227,
              10.561266889167902
            ],
            [
              -66.90076121169456,
              10.561553402706789
            ]
          ]
        ]
      },
      "properties": {
        "point_count": 1,
        "density_level": "LOW",
        "avg_speed": 3,
        "unique_vehicles": 1,
        "min_speed": 3,
        "max_speed": 3
      }
    },
    {
      "h3_index": "89674124347ffff",
      "type": "Feature",
      "geometry": {
        "type": "Polygon",
        "coordinates": [
          [
            [
              -66.84123539919399,
              10.469423079308187
            ],
            [
              -66.8421946916667,
              10.468137585143472
            ],
            [
              -66.8414236024897,
              10.466565861189776
            ],
            [
              -66.83969323197559,
              10.466279664868845
            ],
            [
              -66.83873397090441,
              10.46756517531486
            ],
            [
              -66.83950504894509,
              10.469136865800845
            ],
            [
              -66.84123539919399,
              10.469423079308187
            ]
          ]
        ]
      },
      "properties": {
        "point_count": 1,
        "density_level": "LOW",
        "avg_speed": 20,
        "unique_vehicles": 1,
        "min_speed": 20,
        "max_speed": 20
      }
    },
    {
      "h3_index": "8967412f0c7ffff",
      "type": "Feature",
      "geometry": {
        "type": "Polygon",
        "coordinates": [
          [
            [
              -67.00247760013998,
              10.493160331953828
            ],
            [
              -67.00343922411628,
              10.491873744855
            ],
            [
              -67.00266769360316,
              10.490301410238683
            ],
            [
              -67.00093455005661,
              10.490015696069497
            ],
            [
              -66.9999729573193,
              10.491302299525792
            ],
            [
              -67.00074447688885,
              10.49287460079413
            ],
            [
              -67.00247760013998,
              10.493160331953828
            ]
          ]
        ]
      },
      "properties": {
        "point_count": 1,
        "density_level": "LOW",
        "avg_speed": 2,
        "unique_vehicles": 1,
        "min_speed": 2,
        "max_speed": 2
      }
    },
    {
      "h3_index": "896741256dbffff",
      "type": "Feature",
      "geometry": {
        "type": "Polygon",
        "coordinates": [
          [
            [
              -66.9145492092197,
              10.51187026494941
            ],
            [
              -66.91550945980272,
              10.510584980583694
            ],
            [
              -66.91473825157661,
              10.509013503496138
            ],
            [
              -66.91300680381322,
              10.508727344175822
            ],
            [
              -66.9120465845513,
              10.510012644874754
            ],
            [
              -66.91281778173096,
              10.51158408856111
            ],
            [
              -66.9145492092197,
              10.51187026494941
            ]
          ]
        ]
      },
      "properties": {
        "point_count": 1,
        "density_level": "LOW",
        "avg_speed": 7,
        "unique_vehicles": 1,
        "min_speed": 7,
        "max_speed": 7
      }
    },
    {
      "h3_index": "896741262a3ffff",
      "type": "Feature",
      "geometry": {
        "type": "Polygon",
        "coordinates": [
          [
            [
              -66.82402841349217,
              10.531530622093637
            ],
            [
              -66.82498724504202,
              10.530246691344276
            ],
            [
              -66.82421637363312,
              10.528676107273075
            ],
            [
              -66.82248668182557,
              10.528389487407036
            ],
            [
              -66.82152788168062,
              10.529673434465009
            ],
            [
              -66.82229874193763,
              10.531243985080744
            ],
            [
              -66.82402841349217,
              10.531530622093637
            ]
          ]
        ]
      },
      "properties": {
        "point_count": 1,
        "density_level": "LOW",
        "avg_speed": 27,
        "unique_vehicles": 1,
        "min_speed": 27,
        "max_speed": 27
      }
    },
    {
      "h3_index": "89674125d6fffff",
      "type": "Feature",
      "geometry": {
        "type": "Polygon",
        "coordinates": [
          [
            [
              -66.84042769127778,
              10.441845814128401
            ],
            [
              -66.84138706180669,
              10.44055971187942
            ],
            [
              -66.84061590271538,
              10.438987535831684
            ],
            [
              -66.8388853842339,
              10.438701495512086
            ],
            [
              -66.83792604511324,
              10.439987614026869
            ],
            [
              -66.83869719306516,
              10.44155975659578
            ],
            [
              -66.84042769127778,
              10.441845814128401
            ]
          ]
        ]
      },
      "properties": {
        "point_count": 1,
        "density_level": "LOW",
        "avg_speed": 12,
        "unique_vehicles": 1,
        "min_speed": 12,
        "max_speed": 12
      }
    },
    {
      "h3_index": "8967412e3c7ffff",
      "type": "Feature",
      "geometry": {
        "type": "Polygon",
        "coordinates": [
          [
            [
              -66.94856150262275,
              10.474152528057676
            ],
            [
              -66.94952238467434,
              10.472866058181257
            ],
            [
              -66.94875097122622,
              10.471293741886134
            ],
            [
              -66.94701868673476,
              10.471007928860116
            ],
            [
              -66.94605783597913,
              10.472294415062503
            ],
            [
              -66.94682923841827,
              10.473866697965276
            ],
            [
              -66.94856150262275,
              10.474152528057676
            ]
          ]
        ]
      },
      "properties": {
        "point_count": 1,
        "density_level": "LOW",
        "avg_speed": 47,
        "unique_vehicles": 1,
        "min_speed": 47,
        "max_speed": 47
      }
    },
    {
      "h3_index": "8967412d507ffff",
      "type": "Feature",
      "geometry": {
        "type": "Polygon",
        "coordinates": [
          [
            [
              -67.00031933170695,
              10.446547448468491
            ],
            [
              -67.0012810761687,
              10.445259842267948
            ],
            [
              -67.00050942983817,
              10.443686745662903
            ],
            [
              -66.99877604999483,
              10.443401288625967
            ],
            [
              -66.99781433678412,
              10.444688911157744
            ],
            [
              -66.99858597216502,
              10.446261974395538
            ],
            [
              -67.00031933170695,
              10.446547448468491
            ]
          ]
        ]
      },
      "properties": {
        "point_count": 1,
        "density_level": "LOW",
        "avg_speed": 104,
        "unique_vehicles": 1,
        "min_speed": 104,
        "max_speed": 104
      }
    },
    {
      "h3_index": "89674c5b5d7ffff",
      "type": "Feature",
      "geometry": {
        "type": "Polygon",
        "coordinates": [
          [
            [
              -66.8607668406529,
              10.411969943621111
            ],
            [
              -66.86172661348527,
              10.410682969243295
            ],
            [
              -66.86095531165401,
              10.40911017073903
            ],
            [
              -66.85922424810725,
              10.408824380089179
            ],
            [
              -66.85826450666974,
              10.410111370724298
            ],
            [
              -66.85903579738341,
              10.411684135752285
            ],
            [
              -66.8607668406529,
              10.411969943621111
            ]
          ]
        ]
      },
      "properties": {
        "point_count": 1,
        "density_level": "LOW",
        "avg_speed": 13,
        "unique_vehicles": 1,
        "min_speed": 13,
        "max_speed": 13
      }
    },
    {
      "h3_index": "8967412c2b3ffff",
      "type": "Feature",
      "geometry": {
        "type": "Polygon",
        "coordinates": [
          [
            [
              -66.9772062054695,
              10.438402373766115
            ],
            [
              -66.97816763198216,
              10.437114817848903
            ],
            [
              -66.97739603569686,
              10.43554172951873
            ],
            [
              -66.97566302387587,
              10.435256230492385
            ],
            [
              -66.97470162863868,
              10.436543802727277
            ],
            [
              -66.97547321394629,
              10.438116857671178
            ],
            [
              -66.9772062054695,
              10.438402373766115
            ]
          ]
        ]
      },
      "properties": {
        "point_count": 1,
        "density_level": "LOW",
        "avg_speed": 34,
        "unique_vehicles": 1,
        "min_speed": 34,
        "max_speed": 34
      }
    },
    {
      "h3_index": "8967412d85bffff",
      "type": "Feature",
      "geometry": {
        "type": "Polygon",
        "coordinates": [
          [
            [
              -66.99835053172255,
              10.397044374613008
            ],
            [
              -66.99931240889967,
              10.395755684277509
            ],
            [
              -66.99854063861474,
              10.394181778574971
            ],
            [
              -66.99680700210762,
              10.393896596595592
            ],
            [
              -66.99584515619398,
              10.395185303234422
            ],
            [
              -66.99661691552326,
              10.396759175549633
            ],
            [
              -66.99835053172255,
              10.397044374613008
            ]
          ]
        ]
      },
      "properties": {
        "point_count": 1,
        "density_level": "LOW",
        "avg_speed": 36,
        "unique_vehicles": 1,
        "min_speed": 36,
        "max_speed": 36
      }
    },
    {
      "h3_index": "89674125017ffff",
      "type": "Feature",
      "geometry": {
        "type": "Polygon",
        "coordinates": [
          [
            [
              -66.88702238636854,
              10.491435658716274
            ],
            [
              -66.88798229226305,
              10.490150194794717
            ],
            [
              -66.88721111660598,
              10.488578549547139
            ],
            [
              -66.88548004613425,
              10.488292401649398
            ],
            [
              -66.88452017159209,
              10.489577881882253
            ],
            [
              -66.88529133616859,
              10.49114949370189
            ],
            [
              -66.88702238636854,
              10.491435658716274
            ]
          ]
        ]
      },
      "properties": {
        "point_count": 1,
        "density_level": "LOW",
        "avg_speed": 2,
        "unique_vehicles": 1,
        "min_speed": 2,
        "max_speed": 2
      }
    },
    {
      "h3_index": "8967412e073ffff",
      "type": "Feature",
      "geometry": {
        "type": "Polygon",
        "coordinates": [
          [
            [
              -66.94780366904833,
              10.485586527950774
            ],
            [
              -66.94876450235958,
              10.48430032116392
            ],
            [
              -66.94799312131627,
              10.482728199711358
            ],
            [
              -66.94626091797002,
              10.482442318434499
            ],
            [
              -66.945300115953,
              10.483728541553266
            ],
            [
              -66.94607148598728,
              10.48530062961733
            ],
            [
              -66.94780366904833,
              10.485586527950774
            ]
          ]
        ]
      },
      "properties": {
        "point_count": 1,
        "density_level": "LOW",
        "avg_speed": 96,
        "unique_vehicles": 1,
        "min_speed": 96,
        "max_speed": 96
      }
    },
    {
      "h3_index": "8967412ed0fffff",
      "type": "Feature",
      "geometry": {
        "type": "Polygon",
        "coordinates": [
          [
            [
              -66.89254526453603,
              10.447566448834515
            ],
            [
              -66.89350539654212,
              10.44627994895295
            ],
            [
              -66.89273408826013,
              10.444707540791924
            ],
            [
              -66.89100265904867,
              10.444421665953751
            ],
            [
              -66.89004255839889,
              10.445708182124728
            ],
            [
              -66.89081385560353,
              10.447280556844806
            ],
            [
              -66.89254526453603,
              10.447566448834515
            ]
          ]
        ]
      },
      "properties": {
        "point_count": 1,
        "density_level": "LOW",
        "avg_speed": 74,
        "unique_vehicles": 1,
        "min_speed": 74,
        "max_speed": 74
      }
    },
    {
      "h3_index": "8967412d187ffff",
      "type": "Feature",
      "geometry": {
        "type": "Polygon",
        "coordinates": [
          [
            [
              -66.99857464028203,
              10.433245286706882
            ],
            [
              -66.99953640229275,
              10.431957401239721
            ],
            [
              -66.9987647264011,
              10.430384094548332
            ],
            [
              -66.99703129945073,
              10.430098706697938
            ],
            [
              -66.99606956869557,
              10.431386608488365
            ],
            [
              -66.99684123363453,
              10.432959881806251
            ],
            [
              -66.99857464028203,
              10.433245286706882
            ]
          ]
        ]
      },
      "properties": {
        "point_count": 1,
        "density_level": "LOW",
        "avg_speed": 66,
        "unique_vehicles": 1,
        "min_speed": 66,
        "max_speed": 66
      }
    },
    {
      "h3_index": "8967412cdd3ffff",
      "type": "Feature",
      "geometry": {
        "type": "Polygon",
        "coordinates": [
          [
            [
              -66.91847534614399,
              10.412817475277544
            ],
            [
              -66.91943597949172,
              10.411529938807616
            ],
            [
              -66.91866449870926,
              10.40995679250995
            ],
            [
              -66.91693239562761,
              10.409671216118909
            ],
            [
              -66.91597179361831,
              10.410958768869339
            ],
            [
              -66.9167432633515,
              10.412531881730636
            ],
            [
              -66.91847534614399,
              10.412817475277544
            ]
          ]
        ]
      },
      "properties": {
        "point_count": 1,
        "density_level": "LOW",
        "avg_speed": 95,
        "unique_vehicles": 1,
        "min_speed": 95,
        "max_speed": 95
      }
    },
    {
      "h3_index": "89674c5b4c3ffff",
      "type": "Feature",
      "geometry": {
        "type": "Polygon",
        "coordinates": [
          [
            [
              -66.8809755567384,
              10.423978506669815
            ],
            [
              -66.88193559280174,
              10.422691596694552
            ],
            [
              -66.88116425888634,
              10.421118870096427
            ],
            [
              -66.87943289999971,
              10.420833086931774
            ],
            [
              -66.87847289530899,
              10.422120013178931
            ],
            [
              -66.87924421813157,
              10.423692706319185
            ],
            [
              -66.8809755567384,
              10.423978506669815
            ]
          ]
        ]
      },
      "properties": {
        "point_count": 1,
        "density_level": "LOW",
        "avg_speed": 3,
        "unique_vehicles": 1,
        "min_speed": 3,
        "max_speed": 3
      }
    },
    {
      "h3_index": "896741271afffff",
      "type": "Feature",
      "geometry": {
        "type": "Polygon",
        "coordinates": [
          [
            [
              -66.84303856831863,
              10.521692981048984
            ],
            [
              -66.84399771687265,
              10.520408637927781
            ],
            [
              -66.84322675938579,
              10.518837771028686
            ],
            [
              -66.8414966644744,
              10.51855128069744
            ],
            [
              -66.84053754730897,
              10.519835640129283
            ],
            [
              -66.84130849366562,
              10.521406473582065
            ],
            [
              -66.84303856831863,
              10.521692981048984
            ]
          ]
        ]
      },
      "properties": {
        "point_count": 1,
        "density_level": "LOW",
        "avg_speed": 101,
        "unique_vehicles": 1,
        "min_speed": 101,
        "max_speed": 101
      }
    },
    {
      "h3_index": "89674121bb7ffff",
      "type": "Feature",
      "geometry": {
        "type": "Polygon",
        "coordinates": [
          [
            [
              -66.96938883828807,
              10.516596253962698
            ],
            [
              -66.97034989218122,
              10.515310523237439
            ],
            [
              -66.96957852559316,
              10.513738784048082
            ],
            [
              -66.96784611609236,
              10.513452808946049
            ],
            [
              -66.96688509346568,
              10.514738556028547
            ],
            [
              -66.96765644907262,
              10.51631026185616
            ],
            [
              -66.96938883828807,
              10.516596253962698
            ]
          ]
        ]
      },
      "properties": {
        "point_count": 1,
        "density_level": "LOW",
        "avg_speed": 113,
        "unique_vehicles": 1,
        "min_speed": 113,
        "max_speed": 113
      }
    },
    {
      "h3_index": "89674124167ffff",
      "type": "Feature",
      "geometry": {
        "type": "Polygon",
        "coordinates": [
          [
            [
              -66.81759629152262,
              10.469844044118155
            ],
            [
              -66.81855522834137,
              10.468558798069292
            ],
            [
              -66.81778421518916,
              10.466987229679884
            ],
            [
              -66.81605427638166,
              10.46670094082335
            ],
            [
              -66.81509537098727,
              10.46798620314447
            ],
            [
              -66.8158663729753,
              10.469557738050211
            ],
            [
              -66.81759629152262,
              10.469844044118155
            ]
          ]
        ]
      },
      "properties": {
        "point_count": 2,
        "density_level": "LOW",
        "avg_speed": 111,
        "unique_vehicles": 2,
        "min_speed": 105,
        "max_speed": 117
      }
    },
    {
      "h3_index": "89674124357ffff",
      "type": "Feature",
      "geometry": {
        "type": "Polygon",
        "coordinates": [
          [
            [
              -66.84104719995509,
              10.472280183072368
            ],
            [
              -66.8420064802668,
              10.470994754677486
            ],
            [
              -66.84123539919399,
              10.469423079308187
            ],
            [
              -66.83950504894509,
              10.469136865800845
            ],
            [
              -66.83854580003447,
              10.47042231047853
            ],
            [
              -66.83931686997096,
              10.471993952381082
            ],
            [
              -66.84104719995509,
              10.472280183072368
            ]
          ]
        ]
      },
      "properties": {
        "point_count": 1,
        "density_level": "LOW",
        "avg_speed": 76,
        "unique_vehicles": 1,
        "min_speed": 76,
        "max_speed": 76
      }
    },
    {
      "h3_index": "8967412038bffff",
      "type": "Feature",
      "geometry": {
        "type": "Polygon",
        "coordinates": [
          [
            [
              -66.95808652986254,
              10.568150349449006
            ],
            [
              -66.95904724629081,
              10.56686588612741
            ],
            [
              -66.9582760503111,
              10.56529507726197
            ],
            [
              -66.95654414889306,
              10.56500876506799
            ],
            [
              -66.95558346373136,
              10.56629324477032
            ],
            [
              -66.95635464872042,
              10.56786402028622
            ],
            [
              -66.95808652986254,
              10.568150349449006
            ]
          ]
        ]
      },
      "properties": {
        "point_count": 1,
        "density_level": "LOW",
        "avg_speed": 0,
        "unique_vehicles": 1,
        "min_speed": 0,
        "max_speed": 0
      }
    },
    {
      "h3_index": "89674120d57ffff",
      "type": "Feature",
      "geometry": {
        "type": "Polygon",
        "coordinates": [
          [
            [
              -66.90977873448416,
              10.544285226665457
            ],
            [
              -66.91073880767566,
              10.543000715748878
            ],
            [
              -66.90996769958953,
              10.541429808419549
            ],
            [
              -66.90823652936085,
              10.541143445399053
            ],
            [
              -66.90727648748823,
              10.542427972664616
            ],
            [
              -66.90804758452471,
              10.543998846602028
            ],
            [
              -66.90977873448416,
              10.544285226665457
            ]
          ]
        ]
      },
      "properties": {
        "point_count": 1,
        "density_level": "LOW",
        "avg_speed": 52,
        "unique_vehicles": 1,
        "min_speed": 52,
        "max_speed": 52
      }
    },
    {
      "h3_index": "8967412455bffff",
      "type": "Feature",
      "geometry": {
        "type": "Polygon",
        "coordinates": [
          [
            [
              -66.8260961978573,
              10.500124663062
            ],
            [
              -66.82705516309579,
              10.498840008409605
            ],
            [
              -66.82628420256398,
              10.497268889202918
            ],
            [
              -66.8245542879448,
              10.496982458115186
            ],
            [
              -66.82359535411594,
              10.498267129059801
            ],
            [
              -66.82436630349588,
              10.499838214800272
            ],
            [
              -66.8260961978573,
              10.500124663062
            ]
          ]
        ]
      },
      "properties": {
        "point_count": 1,
        "density_level": "LOW",
        "avg_speed": 48,
        "unique_vehicles": 1,
        "min_speed": 48,
        "max_speed": 48
      }
    },
    {
      "h3_index": "89674125573ffff",
      "type": "Feature",
      "geometry": {
        "type": "Polygon",
        "coordinates": [
          [
            [
              -66.87375737289669,
              10.493574556016693
            ],
            [
              -66.87471707333218,
              10.492289273690739
            ],
            [
              -66.87394594500684,
              10.490717746936106
            ],
            [
              -66.87221512734142,
              10.490431535943948
            ],
            [
              -66.87125545827072,
              10.491716834577167
            ],
            [
              -66.87202657549996,
              10.493288327895614
            ],
            [
              -66.87375737289669,
              10.493574556016693
            ]
          ]
        ]
      },
      "properties": {
        "point_count": 1,
        "density_level": "LOW",
        "avg_speed": 0,
        "unique_vehicles": 1,
        "min_speed": 0,
        "max_speed": 0
      }
    },
    {
      "h3_index": "89674125097ffff",
      "type": "Feature",
      "geometry": {
        "type": "Polygon",
        "coordinates": [
          [
            [
              -66.8839540904046,
              10.49814861730293
            ],
            [
              -66.88491392843946,
              10.496863334433305
            ],
            [
              -66.88414278006668,
              10.495291819958851
            ],
            [
              -66.88241180474206,
              10.495005621781777
            ],
            [
              -66.8814519980611,
              10.496290920965158
            ],
            [
              -66.88222313535017,
              10.497862402012165
            ],
            [
              -66.8839540904046,
              10.49814861730293
            ]
          ]
        ]
      },
      "properties": {
        "point_count": 1,
        "density_level": "LOW",
        "avg_speed": 109,
        "unique_vehicles": 1,
        "min_speed": 109,
        "max_speed": 109
      }
    },
    {
      "h3_index": "8967412c90bffff",
      "type": "Feature",
      "geometry": {
        "type": "Polygon",
        "coordinates": [
          [
            [
              -66.91786321883072,
              10.38234648625099
            ],
            [
              -66.91882394268754,
              10.381058276489256
            ],
            [
              -66.91805238378312,
              10.379484629789498
            ],
            [
              -66.91632011207345,
              10.379199226300102
            ],
            [
              -66.91535941956217,
              10.380487452325285
            ],
            [
              -66.9161309674143,
              10.382061065576744
            ],
            [
              -66.91786321883072,
              10.38234648625099
            ]
          ]
        ]
      },
      "properties": {
        "point_count": 1,
        "density_level": "LOW",
        "avg_speed": 67,
        "unique_vehicles": 1,
        "min_speed": 67,
        "max_speed": 67
      }
    },
    {
      "h3_index": "8967412e30fffff",
      "type": "Feature",
      "geometry": {
        "type": "Polygon",
        "coordinates": [
          [
            [
              -66.94643672049257,
              10.466576665000565
            ],
            [
              -66.94739759561921,
              10.465290047271369
            ],
            [
              -66.94662616887481,
              10.46371761829154
            ],
            [
              -66.94489387801515,
              10.463431840437957
            ],
            [
              -66.94393303418813,
              10.464718474488155
            ],
            [
              -66.94470444992045,
              10.466290870071262
            ],
            [
              -66.94643672049257,
              10.466576665000565
            ]
          ]
        ]
      },
      "properties": {
        "point_count": 2,
        "density_level": "LOW",
        "avg_speed": 60,
        "unique_vehicles": 2,
        "min_speed": 20,
        "max_speed": 100
      }
    },
    {
      "h3_index": "89674126033ffff",
      "type": "Feature",
      "geometry": {
        "type": "Polygon",
        "coordinates": [
          [
            [
              -66.80808689609721,
              10.534659086819808
            ],
            [
              -66.8090454784319,
              10.533375387349214
            ],
            [
              -66.8082746658795,
              10.531804955365017
            ],
            [
              -66.80654528216216,
              10.531518256316849
            ],
            [
              -66.80558673124712,
              10.532801972091537
            ],
            [
              -66.80635753262905,
              10.534372370610633
            ],
            [
              -66.80808689609721,
              10.534659086819808
            ]
          ]
        ]
      },
      "properties": {
        "point_count": 1,
        "density_level": "LOW",
        "avg_speed": 3,
        "unique_vehicles": 1,
        "min_speed": 3,
        "max_speed": 3
      }
    },
    {
      "h3_index": "8967412c3b7ffff",
      "type": "Feature",
      "geometry": {
        "type": "Polygon",
        "coordinates": [
          [
            [
              -66.95717062818305,
              10.423533407731632
            ],
            [
              -66.958131804412,
              10.422245721329116
            ],
            [
              -66.95736023120777,
              10.420672511025176
            ],
            [
              -66.95562749277644,
              10.420387020529786
            ],
            [
              -66.95466634784579,
              10.421674723233945
            ],
            [
              -66.95543791004744,
              10.423247900132177
            ],
            [
              -66.95717062818305,
              10.423533407731632
            ]
          ]
        ]
      },
      "properties": {
        "point_count": 1,
        "density_level": "LOW",
        "avg_speed": 112,
        "unique_vehicles": 1,
        "min_speed": 112,
        "max_speed": 112
      }
    },
    {
      "h3_index": "8967412cb8bffff",
      "type": "Feature",
      "geometry": {
        "type": "Polygon",
        "coordinates": [
          [
            [
              -66.93364416194848,
              10.382053039576638
            ],
            [
              -66.93460512257596,
              10.380764664668327
            ],
            [
              -66.93383351363754,
              10.379190914337725
            ],
            [
              -66.93210095510453,
              10.37890557235331
            ],
            [
              -66.93114002580721,
              10.380193963531143
            ],
            [
              -66.93191162371205,
              10.381767680424186
            ],
            [
              -66.93364416194848,
              10.382053039576638
            ]
          ]
        ]
      },
      "properties": {
        "point_count": 1,
        "density_level": "LOW",
        "avg_speed": 13,
        "unique_vehicles": 1,
        "min_speed": 13,
        "max_speed": 13
      }
    },
    {
      "h3_index": "8967412096fffff",
      "type": "Feature",
      "geometry": {
        "type": "Polygon",
        "coordinates": [
          [
            [
              -66.90916603810761,
              10.513868316429896
            ],
            [
              -66.91012620169852,
              10.512583131002462
            ],
            [
              -66.90935501556841,
              10.511011720718766
            ],
            [
              -66.9076236768994,
              10.510725529266965
            ],
            [
              -66.90666354463447,
              10.51201073102661
            ],
            [
              -66.90743471971189,
              10.51358210790618
            ],
            [
              -66.90916603810761,
              10.513868316429896
            ]
          ]
        ]
      },
      "properties": {
        "point_count": 1,
        "density_level": "LOW",
        "avg_speed": 29,
        "unique_vehicles": 1,
        "min_speed": 29,
        "max_speed": 29
      }
    },
    {
      "h3_index": "8967412c117ffff",
      "type": "Feature",
      "geometry": {
        "type": "Polygon",
        "coordinates": [
          [
            [
              -66.94620634362401,
              10.43040198366534
            ],
            [
              -66.94716733369553,
              10.429114560682985
            ],
            [
              -66.9463958126244,
              10.427541532627655
            ],
            [
              -66.94466331249612,
              10.427255960965645
            ],
            [
              -66.94370235373216,
              10.428543400249096
            ],
            [
              -66.94447386378823,
              10.430116394893775
            ],
            [
              -66.94620634362401,
              10.43040198366534
            ]
          ]
        ]
      },
      "properties": {
        "point_count": 2,
        "density_level": "LOW",
        "avg_speed": 54,
        "unique_vehicles": 2,
        "min_speed": 48,
        "max_speed": 60
      }
    },
    {
      "h3_index": "896741264d7ffff",
      "type": "Feature",
      "geometry": {
        "type": "Polygon",
        "coordinates": [
          [
            [
              -66.81389710458303,
              10.565911524201743
            ],
            [
              -66.81485567182766,
              10.564628466230461
            ],
            [
              -66.81408492298823,
              10.563058518228338
            ],
            [
              -66.81235561806471,
              10.562771661646801
            ],
            [
              -66.81139708222746,
              10.564054735941479
            ],
            [
              -66.81216781990565,
              10.565624650494641
            ],
            [
              -66.81389710458303,
              10.565911524201743
            ]
          ]
        ]
      },
      "properties": {
        "point_count": 1,
        "density_level": "LOW",
        "avg_speed": 96,
        "unique_vehicles": 1,
        "min_speed": 96,
        "max_speed": 96
      }
    },
    {
      "h3_index": "89674125457ffff",
      "type": "Feature",
      "geometry": {
        "type": "Polygon",
        "coordinates": [
          [
            [
              -66.89358523874542,
              10.511292259053743
            ],
            [
              -66.89454517782724,
              10.510007173058906
            ],
            [
              -66.8937740337582,
              10.508435817066552
            ],
            [
              -66.89204296167796,
              10.508149580485153
            ],
            [
              -66.89108305393782,
              10.509434682804697
            ],
            [
              -66.89185418693555,
              10.511006005381269
            ],
            [
              -66.89358523874542,
              10.511292259053743
            ]
          ]
        ]
      },
      "properties": {
        "point_count": 1,
        "density_level": "LOW",
        "avg_speed": 18,
        "unique_vehicles": 1,
        "min_speed": 18,
        "max_speed": 18
      }
    },
    {
      "h3_index": "89674120da3ffff",
      "type": "Feature",
      "geometry": {
        "type": "Polygon",
        "coordinates": [
          [
            [
              -66.89670142647375,
              10.543564855477038
            ],
            [
              -66.89766130653764,
              10.54228046031428
            ],
            [
              -66.89689023753337,
              10.540709622405174
            ],
            [
              -66.89515929952965,
              10.540423213060315
            ],
            [
              -66.89419945079753,
              10.541707624566566
            ],
            [
              -66.89497050873663,
              10.54327842907452
            ],
            [
              -66.89670142647375,
              10.543564855477038
            ]
          ]
        ]
      },
      "properties": {
        "point_count": 1,
        "density_level": "LOW",
        "avg_speed": 26,
        "unique_vehicles": 1,
        "min_speed": 26,
        "max_speed": 26
      }
    },
    {
      "h3_index": "89674124ad7ffff",
      "type": "Feature",
      "geometry": {
        "type": "Polygon",
        "coordinates": [
          [
            [
              -66.82178896374592,
              10.445986708117514
            ],
            [
              -66.8227480414017,
              10.444700886499897
            ],
            [
              -66.82197695224517,
              10.443128896312274
            ],
            [
              -66.82024679659325,
              10.442842761232564
            ],
            [
              -66.81928775036288,
              10.44412859911095
            ],
            [
              -66.82005882835834,
              10.445700555808612
            ],
            [
              -66.82178896374592,
              10.445986708117514
            ]
          ]
        ]
      },
      "properties": {
        "point_count": 1,
        "density_level": "LOW",
        "avg_speed": 21,
        "unique_vehicles": 1,
        "min_speed": 21,
        "max_speed": 21
      }
    },
    {
      "h3_index": "8967412e953ffff",
      "type": "Feature",
      "geometry": {
        "type": "Polygon",
        "coordinates": [
          [
            [
              -66.90137605435801,
              10.433127067810677
            ],
            [
              -66.90233636565608,
              10.431840156609727
            ],
            [
              -66.90156499174233,
              10.430267453781656
            ],
            [
              -66.89983331759778,
              10.429981695595286
            ],
            [
              -66.89887303765053,
              10.431268623081188
            ],
            [
              -66.8996444004963,
              10.432841292468858
            ],
            [
              -66.90137605435801,
              10.433127067810677
            ]
          ]
        ]
      },
      "properties": {
        "point_count": 1,
        "density_level": "LOW",
        "avg_speed": 57,
        "unique_vehicles": 1,
        "min_speed": 57,
        "max_speed": 57
      }
    },
    {
      "h3_index": "89674124653ffff",
      "type": "Feature",
      "geometry": {
        "type": "Polygon",
        "coordinates": [
          [
            [
              -66.85974087758945,
              10.507137421025783
            ],
            [
              -66.86070032386522,
              10.505852583507103
            ],
            [
              -66.85992927535737,
              10.504281369932068
            ],
            [
              -66.85819879168467,
              10.503995027316588
            ],
            [
              -66.85723937678439,
              10.50527988114448
            ],
            [
              -66.85801041418061,
              10.506851061278985
            ],
            [
              -66.85974087758945,
              10.507137421025783
            ]
          ]
        ]
      },
      "properties": {
        "point_count": 1,
        "density_level": "LOW",
        "avg_speed": 89,
        "unique_vehicles": 1,
        "min_speed": 89,
        "max_speed": 89
      }
    },
    {
      "h3_index": "8967412e4cfffff",
      "type": "Feature",
      "geometry": {
        "type": "Polygon",
        "coordinates": [
          [
            [
              -66.94860211713403,
              10.51316401532722
            ],
            [
              -66.94956287208362,
              10.51187841698493
            ],
            [
              -66.9487915610356,
              10.510306749607485
            ],
            [
              -66.94705950604333,
              10.510020713950015
            ],
            [
              -66.94609878238134,
              10.511306328639549
            ],
            [
              -66.94687008242332,
              10.512877962639637
            ],
            [
              -66.94860211713403,
              10.51316401532722
            ]
          ]
        ]
      },
      "properties": {
        "point_count": 1,
        "density_level": "LOW",
        "avg_speed": 111,
        "unique_vehicles": 1,
        "min_speed": 111,
        "max_speed": 111
      }
    },
    {
      "h3_index": "89674c5b4a7ffff",
      "type": "Feature",
      "geometry": {
        "type": "Polygon",
        "coordinates": [
          [
            [
              -66.86577162084983,
              10.415687048017586
            ],
            [
              -66.86673145646344,
              10.414400106160425
            ],
            [
              -66.86596014861996,
              10.41282733771839
            ],
            [
              -66.86422901627357,
              10.412541544605283
            ],
            [
              -66.86326921204918,
              10.413828502723767
            ],
            [
              -66.86404050878124,
              10.415401237694368
            ],
            [
              -66.86577162084983,
              10.415687048017586
            ]
          ]
        ]
      },
      "properties": {
        "point_count": 1,
        "density_level": "LOW",
        "avg_speed": 54,
        "unique_vehicles": 1,
        "min_speed": 54,
        "max_speed": 54
      }
    },
    {
      "h3_index": "8967412edb3ffff",
      "type": "Feature",
      "geometry": {
        "type": "Polygon",
        "coordinates": [
          [
            [
              -66.88428234444677,
              10.453426472700551
            ],
            [
              -66.88524233368324,
              10.45214018694723
            ],
            [
              -66.88447106674685,
              10.450567927708352
            ],
            [
              -66.88273982165998,
              10.450281987667516
            ],
            [
              -66.88177986378663,
              10.451568289710233
            ],
            [
              -66.88255111963633,
              10.45314051550473
            ],
            [
              -66.88428234444677,
              10.453426472700551
            ]
          ]
        ]
      },
      "properties": {
        "point_count": 1,
        "density_level": "LOW",
        "avg_speed": 35,
        "unique_vehicles": 1,
        "min_speed": 35,
        "max_speed": 35
      }
    },
    {
      "h3_index": "896741200a3ffff",
      "type": "Feature",
      "geometry": {
        "type": "Polygon",
        "coordinates": [
          [
            [
              -66.94925150962641,
              10.582563354292192
            ],
            [
              -66.95021204700195,
              10.581279302800464
            ],
            [
              -66.94944091638682,
              10.57970878953175
            ],
            [
              -66.94770925939548,
              10.579422361105062
            ],
            [
              -66.94674875329207,
              10.580706428981852
            ],
            [
              -66.94751987290716,
              10.582276908900596
            ],
            [
              -66.94925150962641,
              10.582563354292192
            ]
          ]
        ]
      },
      "properties": {
        "point_count": 1,
        "density_level": "LOW",
        "avg_speed": 23,
        "unique_vehicles": 1,
        "min_speed": 23,
        "max_speed": 23
      }
    },
    {
      "h3_index": "8967412555bffff",
      "type": "Feature",
      "geometry": {
        "type": "Polygon",
        "coordinates": [
          [
            [
              -66.88126334083734,
              10.499147635404327
            ],
            [
              -66.88222313535017,
              10.497862402012165
            ],
            [
              -66.8814519980611,
              10.496290920965158
            ],
            [
              -66.87972107734527,
              10.49600470673953
            ],
            [
              -66.87876131418871,
              10.497289956444947
            ],
            [
              -66.87953244039099,
              10.498861404063058
            ],
            [
              -66.88126334083734,
              10.499147635404327
            ]
          ]
        ]
      },
      "properties": {
        "point_count": 1,
        "density_level": "LOW",
        "avg_speed": 76,
        "unique_vehicles": 1,
        "min_speed": 76,
        "max_speed": 76
      }
    },
    {
      "h3_index": "89674125b5bffff",
      "type": "Feature",
      "geometry": {
        "type": "Polygon",
        "coordinates": [
          [
            [
              -66.8677084229721,
              10.426123930983062
            ],
            [
              -66.86866825345815,
              10.424837202566728
            ],
            [
              -66.86789696693188,
              10.423264594739049
            ],
            [
              -66.86616586102718,
              10.422978748794193
            ],
            [
              -66.86520606192623,
              10.424265493478392
            ],
            [
              -66.86597733734416,
              10.425838067839912
            ],
            [
              -66.8677084229721,
              10.426123930983062
            ]
          ]
        ]
      },
      "properties": {
        "point_count": 1,
        "density_level": "LOW",
        "avg_speed": 64,
        "unique_vehicles": 1,
        "min_speed": 64,
        "max_speed": 64
      }
    },
    {
      "h3_index": "8967412cc53ffff",
      "type": "Feature",
      "geometry": {
        "type": "Polygon",
        "coordinates": [
          [
            [
              -66.93907325706873,
              10.419104985729492
            ],
            [
              -66.94003417758444,
              10.417817382405419
            ],
            [
              -66.93926264904589,
              10.416244211565852
            ],
            [
              -66.93753021101527,
              10.415958677470528
            ],
            [
              -66.93656932181652,
              10.417246297086676
            ],
            [
              -66.9373408393307,
              10.41881943450641
            ],
            [
              -66.93907325706873,
              10.419104985729492
            ]
          ]
        ]
      },
      "properties": {
        "point_count": 1,
        "density_level": "LOW",
        "avg_speed": 78,
        "unique_vehicles": 1,
        "min_speed": 78,
        "max_speed": 78
      }
    },
    {
      "h3_index": "89674135b6fffff",
      "type": "Feature",
      "geometry": {
        "type": "Polygon",
        "coordinates": [
          [
            [
              -66.85134846873865,
              10.554812802360269
            ],
            [
              -66.85230763339979,
              10.553529116977058
            ],
            [
              -66.85153673672735,
              10.551958749584053
            ],
            [
              -66.84980668651099,
              10.551672101002357
            ],
            [
              -66.8488475532233,
              10.552955802717499
            ],
            [
              -66.84961843877782,
              10.554526136682739
            ],
            [
              -66.85134846873865,
              10.554812802360269
            ]
          ]
        ]
      },
      "properties": {
        "point_count": 1,
        "density_level": "LOW",
        "avg_speed": 62,
        "unique_vehicles": 1,
        "min_speed": 62,
        "max_speed": 62
      }
    },
    {
      "h3_index": "89674c5b433ffff",
      "type": "Feature",
      "geometry": {
        "type": "Polygon",
        "coordinates": [
          [
            [
              -66.87115372377454,
              10.41368468752833
            ],
            [
              -66.87211364650292,
              10.41239764675779
            ],
            [
              -66.87134231644593,
              10.410824811377283
            ],
            [
              -66.86961107476503,
              10.41053905023615
            ],
            [
              -66.86865118342104,
              10.41182610726904
            ],
            [
              -66.86942250237283,
              10.413398909181048
            ],
            [
              -66.87115372377454,
              10.41368468752833
            ]
          ]
        ]
      },
      "properties": {
        "point_count": 1,
        "density_level": "LOW",
        "avg_speed": 70,
        "unique_vehicles": 1,
        "min_speed": 70,
        "max_speed": 70
      }
    },
    {
      "h3_index": "8967412e68bffff",
      "type": "Feature",
      "geometry": {
        "type": "Polygon",
        "coordinates": [
          [
            [
              -66.96206731709425,
              10.508165551393699
            ],
            [
              -66.96302828936521,
              10.506879705805213
            ],
            [
              -66.96225692333387,
              10.505307871563007
            ],
            [
              -66.9605245960213,
              10.50502191627964
            ],
            [
              -66.95956365502582,
              10.506307778217916
            ],
            [
              -66.96033501006673,
              10.507879579090098
            ],
            [
              -66.96206731709425,
              10.508165551393699
            ]
          ]
        ]
      },
      "properties": {
        "point_count": 1,
        "density_level": "LOW",
        "avg_speed": 20,
        "unique_vehicles": 1,
        "min_speed": 20,
        "max_speed": 20
      }
    },
    {
      "h3_index": "89674c5b567ffff",
      "type": "Feature",
      "geometry": {
        "type": "Polygon",
        "coordinates": [
          [
            [
              -66.85920676038381,
              10.395811207963073
            ],
            [
              -66.8601665626749,
              10.394523888779315
            ],
            [
              -66.85939522331635,
              10.392950832856942
            ],
            [
              -66.85766409278666,
              10.39266512960214
            ],
            [
              -66.85670432189539,
              10.393952465033655
            ],
            [
              -66.85747565013328,
              10.395525487472552
            ],
            [
              -66.85920676038381,
              10.395811207963073
            ]
          ]
        ]
      },
      "properties": {
        "point_count": 1,
        "density_level": "LOW",
        "avg_speed": 2,
        "unique_vehicles": 1,
        "min_speed": 2,
        "max_speed": 2
      }
    },
    {
      "h3_index": "8967412e34bffff",
      "type": "Feature",
      "geometry": {
        "type": "Polygon",
        "coordinates": [
          [
            [
              -66.95683096476131,
              10.468291329438493
            ],
            [
              -66.95779198943352,
              10.467004645484568
            ],
            [
              -66.95702053487557,
              10.465432180320029
            ],
            [
              -66.9552880666443,
              10.465146432498651
            ],
            [
              -66.95432707326118,
              10.466433132778581
            ],
            [
              -66.9550985168195,
              10.468005564554218
            ],
            [
              -66.95683096476131,
              10.468291329438493
            ]
          ]
        ]
      },
      "properties": {
        "point_count": 1,
        "density_level": "LOW",
        "avg_speed": 19,
        "unique_vehicles": 1,
        "min_speed": 19,
        "max_speed": 19
      }
    },
    {
      "h3_index": "89674121d53ffff",
      "type": "Feature",
      "geometry": {
        "type": "Polygon",
        "coordinates": [
          [
            [
              -66.96749219006684,
              10.545164648598078
            ],
            [
              -66.96845312210482,
              10.543879576028257
            ],
            [
              -66.9676818364957,
              10.542308325069147
            ],
            [
              -66.96594962982911,
              10.542022180032193
            ],
            [
              -66.96498872905337,
              10.543307268973988
            ],
            [
              -66.96576000368127,
              10.544878486581089
            ],
            [
              -66.96749219006684,
              10.545164648598078
            ]
          ]
        ]
      },
      "properties": {
        "point_count": 1,
        "density_level": "LOW",
        "avg_speed": 37,
        "unique_vehicles": 1,
        "min_speed": 37,
        "max_speed": 37
      }
    },
    {
      "h3_index": "8967412ea8bffff",
      "type": "Feature",
      "geometry": {
        "type": "Polygon",
        "coordinates": [
          [
            [
              -66.92966871941223,
              10.442131275478353
            ],
            [
              -66.93062942411514,
              10.440844280562379
            ],
            [
              -66.92985798538898,
              10.4392715502303
            ],
            [
              -66.92812585299296,
              10.438985848232095
            ],
            [
              -66.92716517961131,
              10.440272859449099
            ],
            [
              -66.92793660730369,
              10.441845556363607
            ],
            [
              -66.92966871941223,
              10.442131275478353
            ]
          ]
        ]
      },
      "properties": {
        "point_count": 1,
        "density_level": "LOW",
        "avg_speed": 14,
        "unique_vehicles": 1,
        "min_speed": 14,
        "max_speed": 14
      }
    },
    {
      "h3_index": "8967412192bffff",
      "type": "Feature",
      "geometry": {
        "type": "Polygon",
        "coordinates": [
          [
            [
              -66.95899494597565,
              10.514880225526671
            ],
            [
              -66.95995585041587,
              10.513594560983845
            ],
            [
              -66.95918451157328,
              10.512022857671099
            ],
            [
              -66.95745227928333,
              10.511736852271042
            ],
            [
              -66.95649140612016,
              10.513022533166103
            ],
            [
              -66.95726273396917,
              10.51459420310931
            ],
            [
              -66.95899494597565,
              10.514880225526671
            ]
          ]
        ]
      },
      "properties": {
        "point_count": 1,
        "density_level": "LOW",
        "avg_speed": 105,
        "unique_vehicles": 1,
        "min_speed": 105,
        "max_speed": 105
      }
    },
    {
      "h3_index": "8967412e50fffff",
      "type": "Feature",
      "geometry": {
        "type": "Polygon",
        "coordinates": [
          [
            [
              -66.92626262940988,
              10.493586765816167
            ],
            [
              -66.92722311484754,
              10.492300954633693
            ],
            [
              -66.92645182196377,
              10.490729100330153
            ],
            [
              -66.92472005467557,
              10.49044309060964
            ],
            [
              -66.9237596005515,
              10.49172891811996
            ],
            [
              -66.92453088240133,
              10.493300739023283
            ],
            [
              -66.92626262940988,
              10.493586765816167
            ]
          ]
        ]
      },
      "properties": {
        "point_count": 1,
        "density_level": "LOW",
        "avg_speed": 2,
        "unique_vehicles": 1,
        "min_speed": 2,
        "max_speed": 2
      }
    },
    {
      "h3_index": "8967412e017ffff",
      "type": "Feature",
      "geometry": {
        "type": "Polygon",
        "coordinates": [
          [
            [
              -66.94222843798073,
              10.49044502853036
            ],
            [
              -66.94318917215092,
              10.489158986416136
            ],
            [
              -66.94241782122965,
              10.487586980463124
            ],
            [
              -66.94068574715273,
              10.487301050015125
            ],
            [
              -66.93972504428122,
              10.488587108461717
            ],
            [
              -66.9404963841872,
              10.490159081024272
            ],
            [
              -66.94222843798073,
              10.49044502853036
            ]
          ]
        ]
      },
      "properties": {
        "point_count": 1,
        "density_level": "LOW",
        "avg_speed": 32,
        "unique_vehicles": 1,
        "min_speed": 32,
        "max_speed": 32
      }
    },
    {
      "h3_index": "89674125a2fffff",
      "type": "Feature",
      "geometry": {
        "type": "Polygon",
        "coordinates": [
          [
            [
              -66.87021082140464,
              10.427982354618406
            ],
            [
              -66.87117068327295,
              10.426695642471927
            ],
            [
              -66.87039939374745,
              10.425123049714058
            ],
            [
              -66.86866825345815,
              10.424837202566728
            ],
            [
              -66.8677084229721,
              10.426123930983062
            ],
            [
              -66.86847970139237,
              10.42769649027721
            ],
            [
              -66.87021082140464,
              10.427982354618406
            ]
          ]
        ]
      },
      "properties": {
        "point_count": 1,
        "density_level": "LOW",
        "avg_speed": 77,
        "unique_vehicles": 1,
        "min_speed": 77,
        "max_speed": 77
      }
    },
    {
      "h3_index": "8967412ddd7ffff",
      "type": "Feature",
      "geometry": {
        "type": "Polygon",
        "coordinates": [
          [
            [
              -66.97121066083226,
              10.409937503926491
            ],
            [
              -66.97217209107052,
              10.408649373302573
            ],
            [
              -66.97140043858742,
              10.407075850145556
            ],
            [
              -66.96966736685228,
              10.40679049101398
            ],
            [
              -66.96870596790144,
              10.408078637937606
            ],
            [
              -66.9694776093976,
              10.409652127693434
            ],
            [
              -66.97121066083226,
              10.409937503926491
            ]
          ]
        ]
      },
      "properties": {
        "point_count": 2,
        "density_level": "LOW",
        "avg_speed": 36.5,
        "unique_vehicles": 2,
        "min_speed": 12,
        "max_speed": 61
      }
    },
    {
      "h3_index": "89674121c6bffff",
      "type": "Feature",
      "geometry": {
        "type": "Polygon",
        "coordinates": [
          [
            [
              -66.98308319579202,
              10.547739878146869
            ],
            [
              -66.98404435190491,
              10.546454706351438
            ],
            [
              -66.98327302476446,
              10.544883401893603
            ],
            [
              -66.98154055247294,
              10.544597302571827
            ],
            [
              -66.98057942760646,
              10.545882490746715
            ],
            [
              -66.98135074378438,
              10.547453761864249
            ],
            [
              -66.98308319579202,
              10.547739878146869
            ]
          ]
        ]
      },
      "properties": {
        "point_count": 1,
        "density_level": "LOW",
        "avg_speed": 65,
        "unique_vehicles": 1,
        "min_speed": 65,
        "max_speed": 65
      }
    },
    {
      "h3_index": "89674125e7bffff",
      "type": "Feature",
      "geometry": {
        "type": "Polygon",
        "coordinates": [
          [
            [
              -66.87908875898862,
              10.452568586231484
            ],
            [
              -66.88004867332454,
              10.451282333652259
            ],
            [
              -66.87927742046035,
              10.44971009271064
            ],
            [
              -66.8775462643524,
              10.44942413779686
            ],
            [
              -66.87658638138484,
              10.45071040666297
            ],
            [
              -66.87735762315616,
              10.452282614156314
            ],
            [
              -66.87908875898862,
              10.452568586231484
            ]
          ]
        ]
      },
      "properties": {
        "point_count": 1,
        "density_level": "LOW",
        "avg_speed": 10,
        "unique_vehicles": 1,
        "min_speed": 10,
        "max_speed": 10
      }
    },
    {
      "h3_index": "89674c5b2a3ffff",
      "type": "Feature",
      "geometry": {
        "type": "Polygon",
        "coordinates": [
          [
            [
              -66.88843517503497,
              10.39051208040321
            ],
            [
              -66.88939543213385,
              10.389224348700045
            ],
            [
              -66.88862398686828,
              10.387651021522139
            ],
            [
              -66.88689229558962,
              10.387365459513157
            ],
            [
              -66.88593206986323,
              10.388653207472672
            ],
            [
              -66.88670350404229,
              10.390226501185147
            ],
            [
              -66.88843517503497,
              10.39051208040321
            ]
          ]
        ]
      },
      "properties": {
        "point_count": 1,
        "density_level": "LOW",
        "avg_speed": 102,
        "unique_vehicles": 1,
        "min_speed": 102,
        "max_speed": 102
      }
    },
    {
      "h3_index": "8967412db9bffff",
      "type": "Feature",
      "geometry": {
        "type": "Polygon",
        "coordinates": [
          [
            [
              -66.98870924205498,
              10.383882445889997
            ],
            [
              -66.98967101856519,
              10.382593558976637
            ],
            [
              -66.98889924349137,
              10.38101949526948
            ],
            [
              -66.98716570287476,
              10.38073435187493
            ],
            [
              -66.98620395764034,
              10.382023255080563
            ],
            [
              -66.98697572174605,
              10.383597285388804
            ],
            [
              -66.98870924205498,
              10.383882445889997
            ]
          ]
        ]
      },
      "properties": {
        "point_count": 1,
        "density_level": "LOW",
        "avg_speed": 95,
        "unique_vehicles": 1,
        "min_speed": 95,
        "max_speed": 95
      }
    },
    {
      "h3_index": "8967412d863ffff",
      "type": "Feature",
      "geometry": {
        "type": "Polygon",
        "coordinates": [
          [
            [
              -66.99102453771529,
              10.388604427490135
            ],
            [
              -66.99198633329574,
              10.3873156225596
            ],
            [
              -66.99121456346762,
              10.38574162262451
            ],
            [
              -66.98948100902336,
              10.385456461015844
            ],
            [
              -66.98851924471542,
              10.386745282242176
            ],
            [
              -66.98929100357853,
              10.388319248781698
            ],
            [
              -66.99102453771529,
              10.388604427490135
            ]
          ]
        ]
      },
      "properties": {
        "point_count": 1,
        "density_level": "LOW",
        "avg_speed": 35,
        "unique_vehicles": 1,
        "min_speed": 35,
        "max_speed": 35
      }
    },
    {
      "h3_index": "8967412c5a7ffff",
      "type": "Feature",
      "geometry": {
        "type": "Polygon",
        "coordinates": [
          [
            [
              -66.93717956185056,
              10.447706438796299
            ],
            [
              -66.93814036050016,
              10.44641949279541
            ],
            [
              -66.93736891300173,
              10.444846808121326
            ],
            [
              -66.93563667787748,
              10.444561102858728
            ],
            [
              -66.93467591054059,
              10.445848065166654
            ],
            [
              -66.93544734701455,
              10.447420716430457
            ],
            [
              -66.93717956185056,
              10.447706438796299
            ]
          ]
        ]
      },
      "properties": {
        "point_count": 2,
        "density_level": "LOW",
        "avg_speed": 49,
        "unique_vehicles": 2,
        "min_speed": 37,
        "max_speed": 61
      }
    },
    {
      "h3_index": "89674c5a667ffff",
      "type": "Feature",
      "geometry": {
        "type": "Polygon",
        "coordinates": [
          [
            [
              -66.84037274140319,
              10.402820678555134
            ],
            [
              -66.84133223866401,
              10.401533705591229
            ],
            [
              -66.84056097721539,
              10.399960884083814
            ],
            [
              -66.83883022964767,
              10.39967506903432
            ],
            [
              -66.83787076380348,
              10.400962058242435
            ],
            [
              -66.8386420141097,
              10.402534846256161
            ],
            [
              -66.84037274140319,
              10.402820678555134
            ]
          ]
        ]
      },
      "properties": {
        "point_count": 1,
        "density_level": "LOW",
        "avg_speed": 3,
        "unique_vehicles": 1,
        "min_speed": 3,
        "max_speed": 3
      }
    },
    {
      "h3_index": "8967412d5b7ffff",
      "type": "Feature",
      "geometry": {
        "type": "Polygon",
        "coordinates": [
          [
            [
              -66.99223444361684,
              10.44955350026484
            ],
            [
              -66.9931960577224,
              10.448266042295739
            ],
            [
              -66.99242444425013,
              10.446693045796865
            ],
            [
              -66.99069122763058,
              10.446407540639123
            ],
            [
              -66.98972964478337,
              10.447695014937917
            ],
            [
              -66.99050124729665,
              10.4492679780651
            ],
            [
              -66.99223444361684,
              10.44955350026484
            ]
          ]
        ]
      },
      "properties": {
        "point_count": 1,
        "density_level": "LOW",
        "avg_speed": 73,
        "unique_vehicles": 1,
        "min_speed": 73,
        "max_speed": 73
      }
    },
    {
      "h3_index": "89674121c0bffff",
      "type": "Feature",
      "geometry": {
        "type": "Polygon",
        "coordinates": [
          [
            [
              -66.98001005037179,
              10.554451327025477
            ],
            [
              -66.98097113867831,
              10.553166336345269
            ],
            [
              -66.98019983869332,
              10.551595162972095
            ],
            [
              -66.97846746136676,
              10.551309013619251
            ],
            [
              -66.97750640430823,
              10.552594020681337
            ],
            [
              -66.97827769332757,
              10.554165160714705
            ],
            [
              -66.98001005037179,
              10.554451327025477
            ]
          ]
        ]
      },
      "properties": {
        "point_count": 1,
        "density_level": "LOW",
        "avg_speed": 59,
        "unique_vehicles": 1,
        "min_speed": 59,
        "max_speed": 59
      }
    },
    {
      "h3_index": "89674120b8bffff",
      "type": "Feature",
      "geometry": {
        "type": "Polygon",
        "coordinates": [
          [
            [
              -66.92437092813067,
              10.522157121844348
            ],
            [
              -66.92533129179367,
              10.520871968640419
            ],
            [
              -66.924560079912,
              10.519300601711748
            ],
            [
              -66.92282851540068,
              10.519014421377852
            ],
            [
              -66.92186818304705,
              10.520299590924433
            ],
            [
              -66.92263938389466,
              10.521870924462604
            ],
            [
              -66.92437092813067,
              10.522157121844348
            ]
          ]
        ]
      },
      "properties": {
        "point_count": 1,
        "density_level": "LOW",
        "avg_speed": 0,
        "unique_vehicles": 1,
        "min_speed": 0,
        "max_speed": 0
      }
    },
    {
      "h3_index": "89674127333ffff",
      "type": "Feature",
      "geometry": {
        "type": "Polygon",
        "coordinates": [
          [
            [
              -66.8645555409294,
              10.513708331817009
            ],
            [
              -66.86551503778468,
              10.512423592727282
            ],
            [
              -66.86474399136752,
              10.510852458309879
            ],
            [
              -66.86301345919983,
              10.510566096417243
            ],
            [
              -66.862053993714,
              10.511850851821645
            ],
            [
              -66.8628250290257,
              10.513421952804343
            ],
            [
              -66.8645555409294,
              10.513708331817009
            ]
          ]
        ]
      },
      "properties": {
        "point_count": 1,
        "density_level": "LOW",
        "avg_speed": 30,
        "unique_vehicles": 1,
        "min_speed": 30,
        "max_speed": 30
      }
    },
    {
      "h3_index": "8967412e27bffff",
      "type": "Feature",
      "geometry": {
        "type": "Polygon",
        "coordinates": [
          [
            [
              -66.96935097831897,
              10.4775820979305
            ],
            [
              -66.97031215939388,
              10.476295495636597
            ],
            [
              -66.96954069039059,
              10.4747231071289
            ],
            [
              -66.9678080512957,
              10.474437354292203
            ],
            [
              -66.96684690149564,
              10.475723972922092
            ],
            [
              -66.96761835951487,
              10.477296328053034
            ],
            [
              -66.96935097831897,
              10.4775820979305
            ]
          ]
        ]
      },
      "properties": {
        "point_count": 1,
        "density_level": "LOW",
        "avg_speed": 57,
        "unique_vehicles": 1,
        "min_speed": 57,
        "max_speed": 57
      }
    },
    {
      "h3_index": "8967412ccc3ffff",
      "type": "Feature",
      "geometry": {
        "type": "Polygon",
        "coordinates": [
          [
            [
              -66.93619060690473,
              10.422967565404285
            ],
            [
              -66.93715147172885,
              10.421680077229606
            ],
            [
              -66.93637996231939,
              10.420106988403086
            ],
            [
              -66.93464759911258,
              10.419821421171937
            ],
            [
              -66.93368676560743,
              10.421108925639679
            ],
            [
              -66.93445826398937,
              10.422681981045844
            ],
            [
              -66.93619060690473,
              10.422967565404285
            ]
          ]
        ]
      },
      "properties": {
        "point_count": 1,
        "density_level": "LOW",
        "avg_speed": 76,
        "unique_vehicles": 1,
        "min_speed": 76,
        "max_speed": 76
      }
    },
    {
      "h3_index": "89674126603ffff",
      "type": "Feature",
      "geometry": {
        "type": "Polygon",
        "coordinates": [
          [
            [
              -66.83059006867308,
              10.551372482981298
            ],
            [
              -66.83154893365796,
              10.550088930336965
            ],
            [
              -66.83077809361677,
              10.548518635495133
            ],
            [
              -66.82904839973267,
              10.548231926741234
            ],
            [
              -66.82808956614211,
              10.549515495707537
            ],
            [
              -66.82886039504062,
              10.551085757106101
            ],
            [
              -66.83059006867308,
              10.551372482981298
            ]
          ]
        ]
      },
      "properties": {
        "point_count": 1,
        "density_level": "LOW",
        "avg_speed": 98,
        "unique_vehicles": 1,
        "min_speed": 98,
        "max_speed": 98
      }
    },
    {
      "h3_index": "8967412e967ffff",
      "type": "Feature",
      "geometry": {
        "type": "Polygon",
        "coordinates": [
          [
            [
              -66.89424482460633,
              10.421832160887725
            ],
            [
              -66.89520506619772,
              10.420545069383937
            ],
            [
              -66.89443368497068,
              10.418972224066511
            ],
            [
              -66.8927020732288,
              10.418686503702805
            ],
            [
              -66.89174186299759,
              10.419973611482533
            ],
            [
              -66.89251323314735,
              10.421546423350364
            ],
            [
              -66.89424482460633,
              10.421832160887725
            ]
          ]
        ]
      },
      "properties": {
        "point_count": 1,
        "density_level": "LOW",
        "avg_speed": 7,
        "unique_vehicles": 1,
        "min_speed": 7,
        "max_speed": 7
      }
    },
    {
      "h3_index": "8967412582bffff",
      "type": "Feature",
      "geometry": {
        "type": "Polygon",
        "coordinates": [
          [
            [
              -66.85387829118272,
              10.436844855787863
            ],
            [
              -66.8548378795407,
              10.435558506168446
            ],
            [
              -66.85406666479906,
              10.433986162748512
            ],
            [
              -66.85233587282261,
              10.433700202419846
            ],
            [
              -66.85137631586088,
              10.434986568307593
            ],
            [
              -66.85214751947862,
              10.436558878256003
            ],
            [
              -66.85387829118272,
              10.436844855787863
            ]
          ]
        ]
      },
      "properties": {
        "point_count": 1,
        "density_level": "LOW",
        "avg_speed": 89,
        "unique_vehicles": 1,
        "min_speed": 89,
        "max_speed": 89
      }
    },
    {
      "h3_index": "8967412ccb3ffff",
      "type": "Feature",
      "geometry": {
        "type": "Polygon",
        "coordinates": [
          [
            [
              -66.92329335757883,
              10.419395351805642
            ],
            [
              -66.92425404141045,
              10.418107913622318
            ],
            [
              -66.92348256285493,
              10.41653484616189
            ],
            [
              -66.92175041151012,
              10.416249250315703
            ],
            [
              -66.92078975901084,
              10.41753670478505
            ],
            [
              -66.92156122652331,
              10.419109738814907
            ],
            [
              -66.92329335757883,
              10.419395351805642
            ]
          ]
        ]
      },
      "properties": {
        "point_count": 1,
        "density_level": "LOW",
        "avg_speed": 7,
        "unique_vehicles": 1,
        "min_speed": 7,
        "max_speed": 7
      }
    },
    {
      "h3_index": "8967412ee8fffff",
      "type": "Feature",
      "geometry": {
        "type": "Polygon",
        "coordinates": [
          [
            [
              -66.92584063073322,
              10.460287954201995
            ],
            [
              -66.92680121883721,
              10.459001403219027
            ],
            [
              -66.92602983976455,
              10.457428998129844
            ],
            [
              -66.92429788362412,
              10.45714317743723
            ],
            [
              -66.92333732684125,
              10.458429744729665
            ],
            [
              -66.92410869487698,
              10.460002116405581
            ],
            [
              -66.92584063073322,
              10.460287954201995
            ]
          ]
        ]
      },
      "properties": {
        "point_count": 1,
        "density_level": "LOW",
        "avg_speed": 67,
        "unique_vehicles": 1,
        "min_speed": 67,
        "max_speed": 67
      }
    },
    {
      "h3_index": "8967412621bffff",
      "type": "Feature",
      "geometry": {
        "type": "Polygon",
        "coordinates": [
          [
            [
              -66.83440706685651,
              10.533250339312207
            ],
            [
              -66.83536604830574,
              10.531966342164363
            ],
            [
              -66.83459514852228,
              10.530395721655008
            ],
            [
              -66.83286527842841,
              10.530109131741549
            ],
            [
              -66.83190632837369,
              10.531393145202973
            ],
            [
              -66.8326772170176,
              10.532963732264614
            ],
            [
              -66.83440706685651,
              10.533250339312207
            ]
          ]
        ]
      },
      "properties": {
        "point_count": 1,
        "density_level": "LOW",
        "avg_speed": 106,
        "unique_vehicles": 1,
        "min_speed": 106,
        "max_speed": 106
      }
    },
    {
      "h3_index": "8967412e323ffff",
      "type": "Feature",
      "geometry": {
        "type": "Polygon",
        "coordinates": [
          [
            [
              -66.94142938500934,
              10.462860269727633
            ],
            [
              -66.94239019753387,
              10.461573619358445
            ],
            [
              -66.94161877661246,
              10.46000115981743
            ],
            [
              -66.93988655418408,
              10.459715384047525
            ],
            [
              -66.9389257729649,
              10.46100205073371
            ],
            [
              -66.93969718286802,
              10.462574476873144
            ],
            [
              -66.94142938500934,
              10.462860269727633
            ]
          ]
        ]
      },
      "properties": {
        "point_count": 1,
        "density_level": "LOW",
        "avg_speed": 23,
        "unique_vehicles": 1,
        "min_speed": 23,
        "max_speed": 23
      }
    },
    {
      "h3_index": "89674122bbbffff",
      "type": "Feature",
      "geometry": {
        "type": "Polygon",
        "coordinates": [
          [
            [
              -66.89788167737264,
              10.565405271856374
            ],
            [
              -66.89884150359421,
              10.564121353919457
            ],
            [
              -66.89807048831423,
              10.562550872952228
            ],
            [
              -66.89633965787408,
              10.5622643433141
            ],
            [
              -66.89537986297846,
              10.563548277606818
            ],
            [
              -66.89615086719631,
              10.565118725182188
            ],
            [
              -66.89788167737264,
              10.565405271856374
            ]
          ]
        ]
      },
      "properties": {
        "point_count": 1,
        "density_level": "LOW",
        "avg_speed": 11,
        "unique_vehicles": 1,
        "min_speed": 11,
        "max_speed": 11
      }
    },
    {
      "h3_index": "89674120d77ffff",
      "type": "Feature",
      "geometry": {
        "type": "Polygon",
        "coordinates": [
          [
            [
              -66.90496318608886,
              10.537715222513924
            ],
            [
              -66.90592320880992,
              10.536430613075549
            ],
            [
              -66.90515209852977,
              10.53485962619914
            ],
            [
              -66.9034209765837,
              10.534573282159213
            ],
            [
              -66.90246098518762,
              10.535857907941125
            ],
            [
              -66.90323208441191,
              10.537428861419743
            ],
            [
              -66.90496318608886,
              10.537715222513924
            ]
          ]
        ]
      },
      "properties": {
        "point_count": 1,
        "density_level": "LOW",
        "avg_speed": 92,
        "unique_vehicles": 1,
        "min_speed": 92,
        "max_speed": 92
      }
    },
    {
      "h3_index": "89674127167ffff",
      "type": "Feature",
      "geometry": {
        "type": "Polygon",
        "coordinates": [
          [
            [
              -66.85129498490882,
              10.515843770392735
            ],
            [
              -66.85225427624796,
              10.51455921296274
            ],
            [
              -66.85148327728757,
              10.512988197055233
            ],
            [
              -66.84975299810824,
              10.512701772020991
            ],
            [
              -66.84879373815096,
              10.513986345761653
            ],
            [
              -66.84956472599042,
              10.51555732822622
            ],
            [
              -66.85129498490882,
              10.515843770392735
            ]
          ]
        ]
      },
      "properties": {
        "point_count": 1,
        "density_level": "LOW",
        "avg_speed": 18,
        "unique_vehicles": 1,
        "min_speed": 18,
        "max_speed": 18
      }
    },
    {
      "h3_index": "89674126047ffff",
      "type": "Feature",
      "geometry": {
        "type": "Polygon",
        "coordinates": [
          [
            [
              -66.81846370138025,
              10.536379279340295
            ],
            [
              -66.81942243366541,
              10.535095513446503
            ],
            [
              -66.81865159266458,
              10.533525044963937
            ],
            [
              -66.816922030536,
              10.53323837583287
            ],
            [
              -66.8159633296601,
              10.534522158035728
            ],
            [
              -66.81673415950283,
              10.536092593060934
            ],
            [
              -66.81846370138025,
              10.536379279340295
            ]
          ]
        ]
      },
      "properties": {
        "point_count": 1,
        "density_level": "LOW",
        "avg_speed": 40,
        "unique_vehicles": 1,
        "min_speed": 40,
        "max_speed": 40
      }
    },
    {
      "h3_index": "89674125393ffff",
      "type": "Feature",
      "geometry": {
        "type": "Polygon",
        "coordinates": [
          [
            [
              -66.8877773317268,
              10.480006535366956
            ],
            [
              -66.88873728630338,
              10.478720808323216
            ],
            [
              -66.887966078237,
              10.477148968440721
            ],
            [
              -66.88623492667386,
              10.476862889034114
            ],
            [
              -66.88527500345131,
              10.478148632383187
            ],
            [
              -66.88604620043716,
              10.479720438833866
            ],
            [
              -66.8877773317268,
              10.480006535366956
            ]
          ]
        ]
      },
      "properties": {
        "point_count": 1,
        "density_level": "LOW",
        "avg_speed": 79,
        "unique_vehicles": 1,
        "min_speed": 79,
        "max_speed": 79
      }
    },
    {
      "h3_index": "8967412ec27ffff",
      "type": "Feature",
      "geometry": {
        "type": "Polygon",
        "coordinates": [
          [
            [
              -66.90255646199168,
              10.454999375260348
            ],
            [
              -66.90351671939473,
              10.453712940556482
            ],
            [
              -66.90274539925036,
              10.452140593082508
            ],
            [
              -66.90101383276719,
              10.45185471374398
            ],
            [
              -66.90005360670912,
              10.453141164745276
            ],
            [
              -66.90082491578855,
              10.454713478787992
            ],
            [
              -66.90255646199168,
              10.454999375260348
            ]
          ]
        ]
      },
      "properties": {
        "point_count": 1,
        "density_level": "LOW",
        "avg_speed": 16,
        "unique_vehicles": 1,
        "min_speed": 16,
        "max_speed": 16
      }
    },
    {
      "h3_index": "89674c5a0cbffff",
      "type": "Feature",
      "geometry": {
        "type": "Polygon",
        "coordinates": [
          [
            [
              -66.82980071347116,
              10.40396518808732
            ],
            [
              -66.83076004855556,
              10.402678347283425
            ],
            [
              -66.8299888235871,
              10.4011056113051
            ],
            [
              -66.8282582746883,
              10.40081974963151
            ],
            [
              -66.82729897103052,
              10.402106606676094
            ],
            [
              -66.8280701848442,
              10.403679309153924
            ],
            [
              -66.82980071347116,
              10.40396518808732
            ]
          ]
        ]
      },
      "properties": {
        "point_count": 1,
        "density_level": "LOW",
        "avg_speed": 51,
        "unique_vehicles": 1,
        "min_speed": 51,
        "max_speed": 51
      }
    },
    {
      "h3_index": "8967412f327ffff",
      "type": "Feature",
      "geometry": {
        "type": "Polygon",
        "coordinates": [
          [
            [
              -66.99416921689479,
              10.459992552895304
            ],
            [
              -66.99513082566257,
              10.45870530850414
            ],
            [
              -66.9943592336403,
              10.457132473483522
            ],
            [
              -66.99262604380546,
              10.456846916220766
            ],
            [
              -66.99166446629191,
              10.45813417694808
            ],
            [
              -66.99243604735825,
              10.45970697860232
            ],
            [
              -66.99416921689479,
              10.459992552895304
            ]
          ]
        ]
      },
      "properties": {
        "point_count": 1,
        "density_level": "LOW",
        "avg_speed": 1,
        "unique_vehicles": 1,
        "min_speed": 1,
        "max_speed": 1
      }
    },
    {
      "h3_index": "89674c5b397ffff",
      "type": "Feature",
      "geometry": {
        "type": "Polygon",
        "coordinates": [
          [
            [
              -66.87303983347822,
              10.385080786710152
            ],
            [
              -66.87399987794785,
              10.38379308888059
            ],
            [
              -66.87322846681634,
              10.38221976862849
            ],
            [
              -66.87149702231962,
              10.381934179684325
            ],
            [
              -66.87053700923867,
              10.38322189376116
            ],
            [
              -66.87130840926504,
              10.384795180535212
            ],
            [
              -66.87303983347822,
              10.385080786710152
            ]
          ]
        ]
      },
      "properties": {
        "point_count": 1,
        "density_level": "LOW",
        "avg_speed": 24,
        "unique_vehicles": 1,
        "min_speed": 24,
        "max_speed": 24
      }
    },
    {
      "h3_index": "8967412d8a7ffff",
      "type": "Feature",
      "geometry": {
        "type": "Polygon",
        "coordinates": [
          [
            [
              -66.9775490857486,
              10.393621657674698
            ],
            [
              -66.97851066393936,
              10.392333099728656
            ],
            [
              -66.97773894896748,
              10.390759266786183
            ],
            [
              -66.97600566678476,
              10.390474025193047
            ],
            [
              -66.97504411987869,
              10.391762599432319
            ],
            [
              -66.97581582386992,
              10.393336398971833
            ],
            [
              -66.9775490857486,
              10.393621657674698
            ]
          ]
        ]
      },
      "properties": {
        "point_count": 2,
        "density_level": "LOW",
        "avg_speed": 75,
        "unique_vehicles": 2,
        "min_speed": 36,
        "max_speed": 114
      }
    },
    {
      "h3_index": "8967412dbd3ffff",
      "type": "Feature",
      "geometry": {
        "type": "Polygon",
        "coordinates": [
          [
            [
              -66.99390998013276,
              10.38473789761747
            ],
            [
              -66.99487183138933,
              10.383448977607245
            ],
            [
              -66.99410004249411,
              10.38187489568988
            ],
            [
              -66.99236641330349,
              10.38158976717808
            ],
            [
              -66.9914045933174,
              10.382878703483108
            ],
            [
              -66.99217637125076,
              10.384452752005457
            ],
            [
              -66.99390998013276,
              10.38473789761747
            ]
          ]
        ]
      },
      "properties": {
        "point_count": 1,
        "density_level": "LOW",
        "avg_speed": 46,
        "unique_vehicles": 1,
        "min_speed": 46,
        "max_speed": 46
      }
    },
    {
      "h3_index": "89674124e83ffff",
      "type": "Feature",
      "geometry": {
        "type": "Polygon",
        "coordinates": [
          [
            [
              -66.81528326628874,
              10.465129357362713
            ],
            [
              -66.81624218383845,
              10.463844029274304
            ],
            [
              -66.81547116564052,
              10.46227239726372
            ],
            [
              -66.81374124105947,
              10.46198612682894
            ],
            [
              -66.81278235493735,
              10.463271471186122
            ],
            [
              -66.81355336196802,
              10.464843069709643
            ],
            [
              -66.81528326628874,
              10.465129357362713
            ]
          ]
        ]
      },
      "properties": {
        "point_count": 1,
        "density_level": "LOW",
        "avg_speed": 67,
        "unique_vehicles": 1,
        "min_speed": 67,
        "max_speed": 67
      }
    },
    {
      "h3_index": "8967412e887ffff",
      "type": "Feature",
      "geometry": {
        "type": "Polygon",
        "coordinates": [
          [
            [
              -66.9056262636874,
              10.448280976512905
            ],
            [
              -66.90658658896486,
              10.446994360856026
            ],
            [
              -66.90581524155104,
              10.445421882722288
            ],
            [
              -66.90408357992087,
              10.445136053677475
            ],
            [
              -66.9031232859868,
              10.446422685629297
            ],
            [
              -66.90389462233881,
              10.447995130331325
            ],
            [
              -66.9056262636874,
              10.448280976512905
            ]
          ]
        ]
      },
      "properties": {
        "point_count": 1,
        "density_level": "LOW",
        "avg_speed": 74,
        "unique_vehicles": 1,
        "min_speed": 74,
        "max_speed": 74
      }
    },
    {
      "h3_index": "8967412551bffff",
      "type": "Feature",
      "geometry": {
        "type": "Polygon",
        "coordinates": [
          [
            [
              -66.87338024086955,
              10.499287830818844
            ],
            [
              -66.87433991697219,
              10.498002680073842
            ],
            [
              -66.87356880485098,
              10.496431250646733
            ],
            [
              -66.8718380277225,
              10.496145005399207
            ],
            [
              -66.87087838298379,
              10.497430172454461
            ],
            [
              -66.8716494840089,
              10.499001568447317
            ],
            [
              -66.87338024086955,
              10.499287830818844
            ]
          ]
        ]
      },
      "properties": {
        "point_count": 1,
        "density_level": "LOW",
        "avg_speed": 12,
        "unique_vehicles": 1,
        "min_speed": 12,
        "max_speed": 12
      }
    },
    {
      "h3_index": "8967412294bffff",
      "type": "Feature",
      "geometry": {
        "type": "Polygon",
        "coordinates": [
          [
            [
              -66.89500231002235,
              10.569256794981609
            ],
            [
              -66.8959620805867,
              10.567972992388098
            ],
            [
              -66.89519108446646,
              10.56640259362653
            ],
            [
              -66.8934603288464,
              10.566116030851111
            ],
            [
              -66.89250058961,
              10.567399849801383
            ],
            [
              -66.89327157466498,
              10.56897021517064
            ],
            [
              -66.89500231002235,
              10.569256794981609
            ]
          ]
        ]
      },
      "properties": {
        "point_count": 1,
        "density_level": "LOW",
        "avg_speed": 17,
        "unique_vehicles": 1,
        "min_speed": 17,
        "max_speed": 17
      }
    },
    {
      "h3_index": "896741258d7ffff",
      "type": "Feature",
      "geometry": {
        "type": "Polygon",
        "coordinates": [
          [
            [
              -66.85812867323301,
              10.451994767506532
            ],
            [
              -66.85908827570668,
              10.450708713420399
            ],
            [
              -66.85831708735857,
              10.449136594379807
            ],
            [
              -66.85658630765379,
              10.448850562888508
            ],
            [
              -66.85562673656896,
              10.450136633252976
            ],
            [
              -66.85639791379938,
              10.451708718830737
            ],
            [
              -66.85812867323301,
              10.451994767506532
            ]
          ]
        ]
      },
      "properties": {
        "point_count": 1,
        "density_level": "LOW",
        "avg_speed": 39,
        "unique_vehicles": 1,
        "min_speed": 39,
        "max_speed": 39
      }
    },
    {
      "h3_index": "89674125057ffff",
      "type": "Feature",
      "geometry": {
        "type": "Polygon",
        "coordinates": [
          [
            [
              -66.89490688929102,
              10.491294760699363
            ],
            [
              -66.89586691356855,
              10.490009214148674
            ],
            [
              -66.89509571279038,
              10.488437517300033
            ],
            [
              -66.89336449880518,
              10.488151400425012
            ],
            [
              -66.89240450587234,
              10.489436963290014
            ],
            [
              -66.89317569557927,
              10.49100862671605
            ],
            [
              -66.89490688929102,
              10.491294760699363
            ]
          ]
        ]
      },
      "properties": {
        "point_count": 1,
        "density_level": "LOW",
        "avg_speed": 81,
        "unique_vehicles": 1,
        "min_speed": 81,
        "max_speed": 81
      }
    },
    {
      "h3_index": "8967412036bffff",
      "type": "Feature",
      "geometry": {
        "type": "Polygon",
        "coordinates": [
          [
            [
              -66.96423029771296,
              10.554731543753837
            ],
            [
              -66.96519114975618,
              10.553446718137534
            ],
            [
              -66.96441989941901,
              10.551875647092517
            ],
            [
              -66.96268780802228,
              10.551589435014671
            ],
            [
              -66.96172698724249,
              10.552874277006856
            ],
            [
              -66.96249822659527,
              10.554445314701333
            ],
            [
              -66.96423029771296,
              10.554731543753837
            ]
          ]
        ]
      },
      "properties": {
        "point_count": 1,
        "density_level": "LOW",
        "avg_speed": 79,
        "unique_vehicles": 1,
        "min_speed": 79,
        "max_speed": 79
      }
    },
    {
      "h3_index": "8967412cd63ffff",
      "type": "Feature",
      "geometry": {
        "type": "Polygon",
        "coordinates": [
          [
            [
              -66.91691745524777,
              10.39665405547486
            ],
            [
              -66.9178781181773,
              10.395366174187101
            ],
            [
              -66.91710659980757,
              10.39379277006634
            ],
            [
              -66.91537442955989,
              10.393507280677248
            ],
            [
              -66.91441379797376,
              10.394795178235983
            ],
            [
              -66.91518530529119,
              10.396368548913175
            ],
            [
              -66.91691745524777,
              10.39665405547486
            ]
          ]
        ]
      },
      "properties": {
        "point_count": 1,
        "density_level": "LOW",
        "avg_speed": 79,
        "unique_vehicles": 1,
        "min_speed": 79,
        "max_speed": 79
      }
    },
    {
      "h3_index": "89674121ed7ffff",
      "type": "Feature",
      "geometry": {
        "type": "Polygon",
        "coordinates": [
          [
            [
              -66.99829658033909,
              10.55602760906148
            ],
            [
              -66.99925793606072,
              10.554742469747485
            ],
            [
              -66.99848658369137,
              10.553171209710547
            ],
            [
              -66.9967538865435,
              10.552885122314576
            ],
            [
              -66.99579256205158,
              10.554170278018448
            ],
            [
              -66.99656390347708,
              10.55574150472875
            ],
            [
              -66.99829658033909,
              10.55602760906148
            ]
          ]
        ]
      },
      "properties": {
        "point_count": 1,
        "density_level": "LOW",
        "avg_speed": 55,
        "unique_vehicles": 1,
        "min_speed": 55,
        "max_speed": 55
      }
    },
    {
      "h3_index": "8967412d123ffff",
      "type": "Feature",
      "geometry": {
        "type": "Polygon",
        "coordinates": [
          [
            [
              -66.99933500934746,
              10.421799831682721
            ],
            [
              -67.0002968201627,
              10.420511683320646
            ],
            [
              -66.99952511185974,
              10.418938181955893
            ],
            [
              -66.99779160369344,
              10.418652862330866
            ],
            [
              -66.99682982413547,
              10.419941027010251
            ],
            [
              -66.99760152148582,
              10.421514494997687
            ],
            [
              -66.99933500934746,
              10.421799831682721
            ]
          ]
        ]
      },
      "properties": {
        "point_count": 1,
        "density_level": "LOW",
        "avg_speed": 48,
        "unique_vehicles": 1,
        "min_speed": 48,
        "max_speed": 48
      }
    },
    {
      "h3_index": "89674124497ffff",
      "type": "Feature",
      "geometry": {
        "type": "Polygon",
        "coordinates": [
          [
            [
              -66.82746896579901,
              10.519114234209157
            ],
            [
              -66.82842788951646,
              10.517829990679184
            ],
            [
              -66.82765697455257,
              10.51625917848635
            ],
            [
              -66.82592714701933,
              10.515972643281746
            ],
            [
              -66.8249682547061,
              10.517256903114864
            ],
            [
              -66.82573915852122,
              10.518827681849764
            ],
            [
              -66.82746896579901,
              10.519114234209157
            ]
          ]
        ]
      },
      "properties": {
        "point_count": 1,
        "density_level": "LOW",
        "avg_speed": 89,
        "unique_vehicles": 1,
        "min_speed": 89,
        "max_speed": 89
      }
    },
    {
      "h3_index": "89674c5a0dbffff",
      "type": "Feature",
      "geometry": {
        "type": "Polygon",
        "coordinates": [
          [
            [
              -66.82961260741091,
              10.406824650701791
            ],
            [
              -66.83057193033157,
              10.405537875611186
            ],
            [
              -66.82980071347116,
              10.40396518808732
            ],
            [
              -66.8280701848442,
              10.403679309153924
            ],
            [
              -66.82711089334974,
              10.40496610048672
            ],
            [
              -66.82788209905533,
              10.406538754511057
            ],
            [
              -66.82961260741091,
              10.406824650701791
            ]
          ]
        ]
      },
      "properties": {
        "point_count": 1,
        "density_level": "LOW",
        "avg_speed": 81,
        "unique_vehicles": 1,
        "min_speed": 81,
        "max_speed": 81
      }
    },
    {
      "h3_index": "8967412c987ffff",
      "type": "Feature",
      "geometry": {
        "type": "Polygon",
        "coordinates": [
          [
            [
              -66.9095956545236,
              10.38821600266524
            ],
            [
              -66.91055623559798,
              10.38692800687523
            ],
            [
              -66.90978471796701,
              10.385354509027758
            ],
            [
              -66.90805263032259,
              10.385069040422394
            ],
            [
              -66.90709208060058,
              10.386357052475827
            ],
            [
              -66.90786358716991,
              10.387930516871528
            ],
            [
              -66.9095956545236,
              10.38821600266524
            ]
          ]
        ]
      },
      "properties": {
        "point_count": 1,
        "density_level": "LOW",
        "avg_speed": 75,
        "unique_vehicles": 1,
        "min_speed": 75,
        "max_speed": 75
      }
    },
    {
      "h3_index": "8967412e1abffff",
      "type": "Feature",
      "geometry": {
        "type": "Polygon",
        "coordinates": [
          [
            [
              -66.92220232861057,
              10.475581267662388
            ],
            [
              -66.92316281231182,
              10.474295094945017
            ],
            [
              -66.92239148478836,
              10.47272296658842
            ],
            [
              -66.92065968460308,
              10.472437044359436
            ],
            [
              -66.91969923222322,
              10.473723233393232
            ],
            [
              -66.92047054870658,
              10.475295328339902
            ],
            [
              -66.92220232861057,
              10.475581267662388
            ]
          ]
        ]
      },
      "properties": {
        "point_count": 1,
        "density_level": "LOW",
        "avg_speed": 89,
        "unique_vehicles": 1,
        "min_speed": 89,
        "max_speed": 89
      }
    },
    {
      "h3_index": "89674120d4bffff",
      "type": "Feature",
      "geometry": {
        "type": "Polygon",
        "coordinates": [
          [
            [
              -66.9151613878779,
              10.542288867212026
            ],
            [
              -66.91612154804258,
              10.541004257338395
            ],
            [
              -66.91535041786646,
              10.539433283229567
            ],
            [
              -66.91361913856841,
              10.539146952383724
            ],
            [
              -66.91265900971777,
              10.540431578607354
            ],
            [
              -66.91343012885045,
              10.542002519327156
            ],
            [
              -66.9151613878779,
              10.542288867212026
            ]
          ]
        ]
      },
      "properties": {
        "point_count": 1,
        "density_level": "LOW",
        "avg_speed": 13,
        "unique_vehicles": 1,
        "min_speed": 13,
        "max_speed": 13
      }
    },
    {
      "h3_index": "89674125627ffff",
      "type": "Feature",
      "geometry": {
        "type": "Polygon",
        "coordinates": [
          [
            [
              -66.89991176796133,
              10.495010312900899
            ],
            [
              -66.90087185491973,
              10.493724798984807
            ],
            [
              -66.90010064821172,
              10.492153132662073
            ],
            [
              -66.89836936560965,
              10.49186701367349
            ],
            [
              -66.89740930999027,
              10.493152543907874
            ],
            [
              -66.89818050563323,
              10.494724176812879
            ],
            [
              -66.89991176796133,
              10.495010312900899
            ]
          ]
        ]
      },
      "properties": {
        "point_count": 1,
        "density_level": "LOW",
        "avg_speed": 64,
        "unique_vehicles": 1,
        "min_speed": 64,
        "max_speed": 64
      }
    },
    {
      "h3_index": "89674121cabffff",
      "type": "Feature",
      "geometry": {
        "type": "Polygon",
        "coordinates": [
          [
            [
              -66.97211982906035,
              10.554591539401732
            ],
            [
              -66.97308079924494,
              10.553306631248452
            ],
            [
              -66.97230952406993,
              10.551735509027381
            ],
            [
              -66.97057728968464,
              10.551449328305093
            ],
            [
              -66.96961635075574,
              10.552734252837261
            ],
            [
              -66.97038761495573,
              10.554305341713157
            ],
            [
              -66.97211982906035,
              10.554591539401732
            ]
          ]
        ]
      },
      "properties": {
        "point_count": 1,
        "density_level": "LOW",
        "avg_speed": 13,
        "unique_vehicles": 1,
        "min_speed": 13,
        "max_speed": 13
      }
    },
    {
      "h3_index": "89674120347ffff",
      "type": "Feature",
      "geometry": {
        "type": "Polygon",
        "coordinates": [
          [
            [
              -66.9638511065582,
              10.560442992964933
            ],
            [
              -66.96481193423683,
              10.559158299026166
            ],
            [
              -66.96404070009272,
              10.557587325713763
            ],
            [
              -66.96230864925364,
              10.557301079689049
            ],
            [
              -66.96134785283756,
              10.558585790006644
            ],
            [
              -66.96211907599728,
              10.560156729970458
            ],
            [
              -66.9638511065582,
              10.560442992964933
            ]
          ]
        ]
      },
      "properties": {
        "point_count": 1,
        "density_level": "LOW",
        "avg_speed": 105,
        "unique_vehicles": 1,
        "min_speed": 105,
        "max_speed": 105
      }
    },
    {
      "h3_index": "8967412eaa7ffff",
      "type": "Feature",
      "geometry": {
        "type": "Polygon",
        "coordinates": [
          [
            [
              -66.91965478336634,
              10.434697526797319
            ],
            [
              -66.92061536276718,
              10.433410466689281
            ],
            [
              -66.91984393577856,
              10.431837675596837
            ],
            [
              -66.91811194043461,
              10.43155197804001
            ],
            [
              -66.91715139236639,
              10.432839054441057
            ],
            [
              -66.9179228083088,
              10.434411812106239
            ],
            [
              -66.91965478336634,
              10.434697526797319
            ]
          ]
        ]
      },
      "properties": {
        "point_count": 1,
        "density_level": "LOW",
        "avg_speed": 108,
        "unique_vehicles": 1,
        "min_speed": 108,
        "max_speed": 108
      }
    },
    {
      "h3_index": "89674126093ffff",
      "type": "Feature",
      "geometry": {
        "type": "Polygon",
        "coordinates": [
          [
            [
              -66.80983594643936,
              10.547931442124787
            ],
            [
              -66.81079451159945,
              10.546648022290704
            ],
            [
              -66.81002372838483,
              10.545077800234015
            ],
            [
              -66.8082943911768,
              10.5447910314705
            ],
            [
              -66.80733585743184,
              10.5460744676166
            ],
            [
              -66.80810662947906,
              10.54764465621454
            ],
            [
              -66.80983594643936,
              10.547931442124787
            ]
          ]
        ]
      },
      "properties": {
        "point_count": 1,
        "density_level": "LOW",
        "avg_speed": 14,
        "unique_vehicles": 1,
        "min_speed": 14,
        "max_speed": 14
      }
    },
    {
      "h3_index": "89674c5b44fffff",
      "type": "Feature",
      "geometry": {
        "type": "Polygon",
        "coordinates": [
          [
            [
              -66.88423320206076,
              10.414397879813448
            ],
            [
              -66.88519331819447,
              10.413110723218002
            ],
            [
              -66.88442194887105,
              10.411537817560612
            ],
            [
              -66.8826904745029,
              10.411252101958262
            ],
            [
              -66.88173038974068,
              10.412539274821595
            ],
            [
              -66.88250174797443,
              10.414112147019729
            ],
            [
              -66.88423320206076,
              10.414397879813448
            ]
          ]
        ]
      },
      "properties": {
        "point_count": 1,
        "density_level": "LOW",
        "avg_speed": 89,
        "unique_vehicles": 1,
        "min_speed": 89,
        "max_speed": 89
      }
    },
    {
      "h3_index": "8967412dcdbffff",
      "type": "Feature",
      "geometry": {
        "type": "Polygon",
        "coordinates": [
          [
            [
              -66.99394459678406,
              10.423805290807506
            ],
            [
              -66.99490632068078,
              10.42251724124926
            ],
            [
              -66.9941346342862,
              10.42094380664061
            ],
            [
              -66.99240123495308,
              10.420658454970805
            ],
            [
              -66.99143954231852,
              10.42194652084533
            ],
            [
              -66.9922112177542,
              10.423519922073712
            ],
            [
              -66.99394459678406,
              10.423805290807506
            ]
          ]
        ]
      },
      "properties": {
        "point_count": 1,
        "density_level": "LOW",
        "avg_speed": 70,
        "unique_vehicles": 1,
        "min_speed": 70,
        "max_speed": 70
      }
    },
    {
      "h3_index": "89674127023ffff",
      "type": "Feature",
      "geometry": {
        "type": "Polygon",
        "coordinates": [
          [
            [
              -66.86342492358811,
              10.530841168205704
            ],
            [
              -66.86438434747109,
              10.529556823995158
            ],
            [
              -66.86361334965903,
              10.527985981779544
            ],
            [
              -66.86188293906876,
              10.527699517203658
            ],
            [
              -66.86092354655266,
              10.528983877737794
            ],
            [
              -66.86169453325924,
              10.530554686524555
            ],
            [
              -66.86342492358811,
              10.530841168205704
            ]
          ]
        ]
      },
      "properties": {
        "point_count": 1,
        "density_level": "LOW",
        "avg_speed": 22,
        "unique_vehicles": 1,
        "min_speed": 22,
        "max_speed": 22
      }
    },
    {
      "h3_index": "8967412752bffff",
      "type": "Feature",
      "geometry": {
        "type": "Polygon",
        "coordinates": [
          [
            [
              -66.8472877720796,
              10.536827062872035
            ],
            [
              -66.84824693477229,
              10.535543015664153
            ],
            [
              -66.84747600363956,
              10.533972374043362
            ],
            [
              -66.84574592093749,
              10.533685813068328
            ],
            [
              -66.84478678962604,
              10.53496987659677
            ],
            [
              -66.8455577096347,
              10.536540484780016
            ],
            [
              -66.8472877720796,
              10.536827062872035
            ]
          ]
        ]
      },
      "properties": {
        "point_count": 1,
        "density_level": "LOW",
        "avg_speed": 80,
        "unique_vehicles": 1,
        "min_speed": 80,
        "max_speed": 80
      }
    },
    {
      "h3_index": "89674120bbbffff",
      "type": "Feature",
      "geometry": {
        "type": "Polygon",
        "coordinates": [
          [
            [
              -66.91936547514777,
              10.51844204561121
            ],
            [
              -66.9203257761892,
              10.517156859723949
            ],
            [
              -66.91955457017951,
              10.5155854620672
            ],
            [
              -66.91782307416794,
              10.515299283693407
            ],
            [
              -66.91686280444154,
              10.516584485919353
            ],
            [
              -66.91763399941097,
              10.518155850180722
            ],
            [
              -66.91936547514777,
              10.51844204561121
            ]
          ]
        ]
      },
      "properties": {
        "point_count": 1,
        "density_level": "LOW",
        "avg_speed": 32,
        "unique_vehicles": 1,
        "min_speed": 32,
        "max_speed": 32
      }
    },
    {
      "h3_index": "8967412ebabffff",
      "type": "Feature",
      "geometry": {
        "type": "Polygon",
        "coordinates": [
          [
            [
              -66.90732721113332,
              10.422545016305111
            ],
            [
              -66.90828764602287,
              10.421257809026427
            ],
            [
              -66.90751622566715,
              10.419684893603696
            ],
            [
              -66.90578438148289,
              10.419399218900322
            ],
            [
              -66.9048239779406,
              10.420686442460477
            ],
            [
              -66.9055953872346,
              10.422259324442864
            ],
            [
              -66.90732721113332,
              10.422545016305111
            ]
          ]
        ]
      },
      "properties": {
        "point_count": 2,
        "density_level": "LOW",
        "avg_speed": 64.5,
        "unique_vehicles": 2,
        "min_speed": 60,
        "max_speed": 69
      }
    },
    {
      "h3_index": "896741266c7ffff",
      "type": "Feature",
      "geometry": {
        "type": "Polygon",
        "coordinates": [
          [
            [
              -66.83290255943766,
              10.556083157333982
            ],
            [
              -66.83386144366185,
              10.5547996868559
            ],
            [
              -66.83309060868076,
              10.553229456020127
            ],
            [
              -66.83136090061434,
              10.552942729102623
            ],
            [
              -66.8304020477812,
              10.554226215906143
            ],
            [
              -66.83117287162271,
              10.555796413302065
            ],
            [
              -66.83290255943766,
              10.556083157333982
            ]
          ]
        ]
      },
      "properties": {
        "point_count": 1,
        "density_level": "LOW",
        "avg_speed": 70,
        "unique_vehicles": 1,
        "min_speed": 70,
        "max_speed": 70
      }
    },
    {
      "h3_index": "8967412c08bffff",
      "type": "Feature",
      "geometry": {
        "type": "Polygon",
        "coordinates": [
          [
            [
              -66.96604990650196,
              10.44813022550272
            ],
            [
              -66.96701113473951,
              10.446842998743712
            ],
            [
              -66.96623959858906,
              10.445270141301139
            ],
            [
              -66.96450684519051,
              10.444984544008179
            ],
            [
              -66.96354564823733,
              10.446271787085806
            ],
            [
              -66.96431717339759,
              10.447844611138105
            ],
            [
              -66.96604990650196,
              10.44813022550272
            ]
          ]
        ]
      },
      "properties": {
        "point_count": 2,
        "density_level": "LOW",
        "avg_speed": 76.5,
        "unique_vehicles": 2,
        "min_speed": 59,
        "max_speed": 94
      }
    },
    {
      "h3_index": "8967412d9b7ffff",
      "type": "Feature",
      "geometry": {
        "type": "Polygon",
        "coordinates": [
          [
            [
              -66.95982544256576,
              10.383470451899594
            ],
            [
              -66.96078678950794,
              10.382181845628986
            ],
            [
              -66.96001510283136,
              10.380607955157808
            ],
            [
              -66.95828208021433,
              10.380322704376576
            ],
            [
              -66.95732076457638,
              10.381611326927828
            ],
            [
              -66.95809244025054,
              10.383185183980002
            ],
            [
              -66.95982544256576,
              10.383470451899594
            ]
          ]
        ]
      },
      "properties": {
        "point_count": 1,
        "density_level": "LOW",
        "avg_speed": 69,
        "unique_vehicles": 1,
        "min_speed": 69,
        "max_speed": 69
      }
    },
    {
      "h3_index": "8967412c19bffff",
      "type": "Feature",
      "geometry": {
        "type": "Polygon",
        "coordinates": [
          [
            [
              -66.94833138810426,
              10.437981048912514
            ],
            [
              -66.94929238510274,
              10.43669377369979
            ],
            [
              -66.94852087733088,
              10.435120858118788
            ],
            [
              -66.94678838357181,
              10.434835251157157
            ],
            [
              -66.94582741787718,
              10.436122542675967
            ],
            [
              -66.94659891463706,
              10.437695424850661
            ],
            [
              -66.94833138810426,
              10.437981048912514
            ]
          ]
        ]
      },
      "properties": {
        "point_count": 1,
        "density_level": "LOW",
        "avg_speed": 84,
        "unique_vehicles": 1,
        "min_speed": 84,
        "max_speed": 84
      }
    },
    {
      "h3_index": "8967412113bffff",
      "type": "Feature",
      "geometry": {
        "type": "Polygon",
        "coordinates": [
          [
            [
              -66.99252883527167,
              10.563737637951986
            ],
            [
              -66.99349007977544,
              10.562452729210882
            ],
            [
              -66.99271876548819,
              10.560881633631901
            ],
            [
              -66.9909862176466,
              10.560595480121957
            ],
            [
              -66.99002500437658,
              10.561880405254838
            ],
            [
              -66.99079630771368,
              10.563451467506221
            ],
            [
              -66.99252883527167,
              10.563737637951986
            ]
          ]
        ]
      },
      "properties": {
        "point_count": 1,
        "density_level": "LOW",
        "avg_speed": 5,
        "unique_vehicles": 1,
        "min_speed": 5,
        "max_speed": 5
      }
    },
    {
      "h3_index": "8967412026fffff",
      "type": "Feature",
      "geometry": {
        "type": "Polygon",
        "coordinates": [
          [
            [
              -66.97925093798293,
              10.565874836004912
            ],
            [
              -66.98021197754679,
              10.564590108685458
            ],
            [
              -66.9794407099458,
              10.563019130859917
            ],
            [
              -66.97770841374594,
              10.562732913690066
            ],
            [
              -66.97674740542838,
              10.56401765739728
            ],
            [
              -66.97751866206364,
              10.565588601886924
            ],
            [
              -66.97925093798293,
              10.565874836004912
            ]
          ]
        ]
      },
      "properties": {
        "point_count": 1,
        "density_level": "LOW",
        "avg_speed": 7,
        "unique_vehicles": 1,
        "min_speed": 7,
        "max_speed": 7
      }
    },
    {
      "h3_index": "8967412ee23ffff",
      "type": "Feature",
      "geometry": {
        "type": "Polygon",
        "coordinates": [
          [
            [
              -66.92390488100872,
              10.449852438691703
            ],
            [
              -66.9248654743362,
              10.448565674145536
            ],
            [
              -66.92409407388794,
              10.446993107903378
            ],
            [
              -66.92236209115151,
              10.446707339626313
            ],
            [
              -66.92140152914926,
              10.44799412047547
            ],
            [
              -66.92217291855751,
              10.449566653299042
            ],
            [
              -66.92390488100872,
              10.449852438691703
            ]
          ]
        ]
      },
      "properties": {
        "point_count": 1,
        "density_level": "LOW",
        "avg_speed": 51,
        "unique_vehicles": 1,
        "min_speed": 51,
        "max_speed": 51
      }
    },
    {
      "h3_index": "896741276b3ffff",
      "type": "Feature",
      "geometry": {
        "type": "Polygon",
        "coordinates": [
          [
            [
              -66.87767962601623,
              10.553403451494567
            ],
            [
              -66.87863918938811,
              10.552119468604786
            ],
            [
              -66.87786820600421,
              10.550548913301958
            ],
            [
              -66.87613767033464,
              10.550262374299587
            ],
            [
              -66.87517813831094,
              10.551546373530792
            ],
            [
              -66.87594911060792,
              10.553116895423283
            ],
            [
              -66.87767962601623,
              10.553403451494567
            ]
          ]
        ]
      },
      "properties": {
        "point_count": 1,
        "density_level": "LOW",
        "avg_speed": 118,
        "unique_vehicles": 1,
        "min_speed": 118,
        "max_speed": 118
      }
    },
    {
      "h3_index": "89674c5b1c3ffff",
      "type": "Feature",
      "geometry": {
        "type": "Polygon",
        "coordinates": [
          [
            [
              -66.86477732093498,
              10.390947372230608
            ],
            [
              -66.86573722253534,
              10.389659888440457
            ],
            [
              -66.86496585283673,
              10.388086717088724
            ],
            [
              -66.86323459265151,
              10.387801063008945
            ],
            [
              -66.8622747224466,
              10.38908856304635
            ],
            [
              -66.86304608103073,
              10.390661700916612
            ],
            [
              -66.86477732093498,
              10.390947372230608
            ]
          ]
        ]
      },
      "properties": {
        "point_count": 1,
        "density_level": "LOW",
        "avg_speed": 111,
        "unique_vehicles": 1,
        "min_speed": 111,
        "max_speed": 111
      }
    },
    {
      "h3_index": "89674124a23ffff",
      "type": "Feature",
      "geometry": {
        "type": "Polygon",
        "coordinates": [
          [
            [
              -66.81484915854664,
              10.431838280111933
            ],
            [
              -66.81580817839075,
              10.43055221249542
            ],
            [
              -66.81503707408777,
              10.42898003177078
            ],
            [
              -66.81330696111029,
              10.428693952163098
            ],
            [
              -66.81234797270133,
              10.429980036029828
            ],
            [
              -66.81311906583399,
              10.431552183254363
            ],
            [
              -66.81484915854664,
              10.431838280111933
            ]
          ]
        ]
      },
      "properties": {
        "point_count": 1,
        "density_level": "LOW",
        "avg_speed": 115,
        "unique_vehicles": 1,
        "min_speed": 115,
        "max_speed": 115
      }
    },
    {
      "h3_index": "8967412e2bbffff",
      "type": "Feature",
      "geometry": {
        "type": "Polygon",
        "coordinates": [
          [
            [
              -66.95838696211722,
              10.484443381952547
            ],
            [
              -66.95934795713688,
              10.483157043174545
            ],
            [
              -66.9585765401894,
              10.481584836909557
            ],
            [
              -66.95684413921809,
              10.481299002804546
            ],
            [
              -66.95588317548257,
              10.48258535791798
            ],
            [
              -66.95665458143347,
              10.48415753080132
            ],
            [
              -66.95838696211722,
              10.484443381952547
            ]
          ]
        ]
      },
      "properties": {
        "point_count": 1,
        "density_level": "LOW",
        "avg_speed": 65,
        "unique_vehicles": 1,
        "min_speed": 65,
        "max_speed": 65
      }
    },
    {
      "h3_index": "89674125817ffff",
      "type": "Feature",
      "geometry": {
        "type": "Polygon",
        "coordinates": [
          [
            [
              -66.85331319469867,
              10.445420249198648
            ],
            [
              -66.8542727465576,
              10.444134096809439
            ],
            [
              -66.85350155613264,
              10.442561899020403
            ],
            [
              -66.851770824972,
              10.442275887089533
            ],
            [
              -66.85081130450803,
              10.443562055751578
            ],
            [
              -66.85158248380907,
              10.445134220071981
            ],
            [
              -66.85331319469867,
              10.445420249198648
            ]
          ]
        ]
      },
      "properties": {
        "point_count": 1,
        "density_level": "LOW",
        "avg_speed": 103,
        "unique_vehicles": 1,
        "min_speed": 103,
        "max_speed": 103
      }
    },
    {
      "h3_index": "89674c5b0a7ffff",
      "type": "Feature",
      "geometry": {
        "type": "Polygon",
        "coordinates": [
          [
            [
              -66.86709140060316,
              10.39566667741939
            ],
            [
              -66.86805132142275,
              10.394379275580146
            ],
            [
              -66.86727995682864,
              10.392806167688978
            ],
            [
              -66.86554868252557,
              10.3925204951155
            ],
            [
              -66.86458879309818,
              10.393807913205528
            ],
            [
              -66.86536014658093,
              10.39538098761859
            ],
            [
              -66.86709140060316,
              10.39566667741939
            ]
          ]
        ]
      },
      "properties": {
        "point_count": 1,
        "density_level": "LOW",
        "avg_speed": 49,
        "unique_vehicles": 1,
        "min_speed": 49,
        "max_speed": 49
      }
    },
    {
      "h3_index": "89674121927ffff",
      "type": "Feature",
      "geometry": {
        "type": "Polygon",
        "coordinates": [
          [
            [
              -66.95379839858845,
              10.514022143132152
            ],
            [
              -66.95475922828807,
              10.512736511687324
            ],
            [
              -66.95398790333661,
              10.51116482633489
            ],
            [
              -66.95225575968466,
              10.510878805801056
            ],
            [
              -66.95129496126738,
              10.512164453595618
            ],
            [
              -66.95206627521901,
              10.513736105574598
            ],
            [
              -66.95379839858845,
              10.514022143132152
            ]
          ]
        ]
      },
      "properties": {
        "point_count": 1,
        "density_level": "LOW",
        "avg_speed": 69,
        "unique_vehicles": 1,
        "min_speed": 69,
        "max_speed": 69
      }
    },
    {
      "h3_index": "896741250dbffff",
      "type": "Feature",
      "geometry": {
        "type": "Polygon",
        "coordinates": [
          [
            [
              -66.89703161845195,
              10.498866624131173
            ],
            [
              -66.89799164972744,
              10.497581225474741
            ],
            [
              -66.89722046218594,
              10.496009641259523
            ],
            [
              -66.89548925443638,
              10.495723489119293
            ],
            [
              -66.89452925450189,
              10.497008904094999
            ],
            [
              -66.89530043097524,
              10.49858045489199
            ],
            [
              -66.89703161845195,
              10.498866624131173
            ]
          ]
        ]
      },
      "properties": {
        "point_count": 1,
        "density_level": "LOW",
        "avg_speed": 41,
        "unique_vehicles": 1,
        "min_speed": 41,
        "max_speed": 41
      }
    },
    {
      "h3_index": "89674135997ffff",
      "type": "Feature",
      "geometry": {
        "type": "Polygon",
        "coordinates": [
          [
            [
              -66.82352171776583,
              10.579043949811942
            ],
            [
              -66.82448038631526,
              10.577761088876063
            ],
            [
              -66.82370964145633,
              10.576191299565522
            ],
            [
              -66.82198023919614,
              10.57590440462847
            ],
            [
              -66.82102160204195,
              10.57718728189863
            ],
            [
              -66.821792335752,
              10.5787570377719
            ],
            [
              -66.82352171776583,
              10.579043949811942
            ]
          ]
        ]
      },
      "properties": {
        "point_count": 1,
        "density_level": "LOW",
        "avg_speed": 29,
        "unique_vehicles": 1,
        "min_speed": 29,
        "max_speed": 29
      }
    },
    {
      "h3_index": "8967412cd47ffff",
      "type": "Feature",
      "geometry": {
        "type": "Polygon",
        "coordinates": [
          [
            [
              -66.91923198087488,
              10.401374058613106
            ],
            [
              -66.92019266295996,
              10.400086259302235
            ],
            [
              -66.91942114975379,
              10.39851291880784
            ],
            [
              -66.91768896551103,
              10.398227411064832
            ],
            [
              -66.91672831476612,
              10.399515226650196
            ],
            [
              -66.91749981692305,
              10.401088533704403
            ],
            [
              -66.91923198087488,
              10.401374058613106
            ]
          ]
        ]
      },
      "properties": {
        "point_count": 1,
        "density_level": "LOW",
        "avg_speed": 28,
        "unique_vehicles": 1,
        "min_speed": 28,
        "max_speed": 28
      }
    },
    {
      "h3_index": "89674125853ffff",
      "type": "Feature",
      "geometry": {
        "type": "Polygon",
        "coordinates": [
          [
            [
              -66.86369808361029,
              10.447136320186642
            ],
            [
              -66.86465778535657,
              10.44585010140749
            ],
            [
              -66.86388656667745,
              10.444277866878268
            ],
            [
              -66.86215565736282,
              10.4439918845894
            ],
            [
              -66.86119598700103,
              10.445278119646405
            ],
            [
              -66.86196719456866,
              10.446850320714749
            ],
            [
              -66.86369808361029,
              10.447136320186642
            ]
          ]
        ]
      },
      "properties": {
        "point_count": 1,
        "density_level": "LOW",
        "avg_speed": 55,
        "unique_vehicles": 1,
        "min_speed": 55,
        "max_speed": 55
      }
    },
    {
      "h3_index": "89674126017ffff",
      "type": "Feature",
      "geometry": {
        "type": "Polygon",
        "coordinates": [
          [
            [
              -66.81039930441607,
              10.539370172886825
            ],
            [
              -66.81135790601932,
              10.538086555551248
            ],
            [
              -66.81058709850208,
              10.53651618744511
            ],
            [
              -66.80885770054824,
              10.536229470136584
            ],
            [
              -66.8078991303614,
              10.537513103779732
            ],
            [
              -66.80866992671126,
              10.53908343842417
            ],
            [
              -66.81039930441607,
              10.539370172886825
            ]
          ]
        ]
      },
      "properties": {
        "point_count": 1,
        "density_level": "LOW",
        "avg_speed": 74,
        "unique_vehicles": 1,
        "min_speed": 74,
        "max_speed": 74
      }
    },
    {
      "h3_index": "8967412768fffff",
      "type": "Feature",
      "geometry": {
        "type": "Polygon",
        "coordinates": [
          [
            [
              -66.88287135009107,
              10.554263089484882
            ],
            [
              -66.88383098831444,
              10.552979073442874
            ],
            [
              -66.88305999086474,
              10.551408500098248
            ],
            [
              -66.88132936627166,
              10.551121976202413
            ],
            [
              -66.88036975939121,
              10.552406008588333
            ],
            [
              -66.88114074576019,
              10.553976548526506
            ],
            [
              -66.88287135009107,
              10.554263089484882
            ]
          ]
        ]
      },
      "properties": {
        "point_count": 1,
        "density_level": "LOW",
        "avg_speed": 101,
        "unique_vehicles": 1,
        "min_speed": 101,
        "max_speed": 101
      }
    },
    {
      "h3_index": "89674125917ffff",
      "type": "Feature",
      "geometry": {
        "type": "Polygon",
        "coordinates": [
          [
            [
              -66.83580074986247,
              10.43241260400351
            ],
            [
              -66.8367600818974,
              10.43112633774665
            ],
            [
              -66.83598891266338,
              10.429554034579944
            ],
            [
              -66.8342584225393,
              10.429268031156024
            ],
            [
              -66.83329912191911,
              10.430554313671665
            ],
            [
              -66.83407028000757,
              10.432126583352797
            ],
            [
              -66.83580074986247,
              10.43241260400351
            ]
          ]
        ]
      },
      "properties": {
        "point_count": 1,
        "density_level": "LOW",
        "avg_speed": 0,
        "unique_vehicles": 1,
        "min_speed": 0,
        "max_speed": 0
      }
    },
    {
      "h3_index": "8967412e84fffff",
      "type": "Feature",
      "geometry": {
        "type": "Polygon",
        "coordinates": [
          [
            [
              -66.91927649077513,
              10.4404168861765
            ],
            [
              -66.92023704581207,
              10.439129957542375
            ],
            [
              -66.91946563503191,
              10.437557263659702
            ],
            [
              -66.91773368026033,
              10.437271531836817
            ],
            [
              -66.91677315655517,
              10.438558476766934
            ],
            [
              -66.9175445562891,
              10.440131137224265
            ],
            [
              -66.91927649077513,
              10.4404168861765
            ]
          ]
        ]
      },
      "properties": {
        "point_count": 1,
        "density_level": "LOW",
        "avg_speed": 52,
        "unique_vehicles": 1,
        "min_speed": 52,
        "max_speed": 52
      }
    },
    {
      "h3_index": "89674c5b683ffff",
      "type": "Feature",
      "geometry": {
        "type": "Polygon",
        "coordinates": [
          [
            [
              -66.89193069497327,
              10.417113643287848
            ],
            [
              -66.89289091738159,
              10.415826469786397
            ],
            [
              -66.89211953102013,
              10.414253560829307
            ],
            [
              -66.89038793332995,
              10.413967858826975
            ],
            [
              -66.88942774228504,
              10.415255048600848
            ],
            [
              -66.89019911756615,
              10.41682792410497
            ],
            [
              -66.89193069497327,
              10.417113643287848
            ]
          ]
        ]
      },
      "properties": {
        "point_count": 1,
        "density_level": "LOW",
        "avg_speed": 89,
        "unique_vehicles": 1,
        "min_speed": 89,
        "max_speed": 89
      }
    },
    {
      "h3_index": "89674125203ffff",
      "type": "Feature",
      "geometry": {
        "type": "Polygon",
        "coordinates": [
          [
            [
              -66.90855321878155,
              10.483439304643838
            ],
            [
              -66.90951347278857,
              10.482153444984673
            ],
            [
              -66.90874220859891,
              10.480581532366152
            ],
            [
              -66.90701070145718,
              10.48029551282338
            ],
            [
              -66.90605047878319,
              10.48158138879791
            ],
            [
              -66.90682173191718,
              10.483153268000168
            ],
            [
              -66.90855321878155,
              10.483439304643838
            ]
          ]
        ]
      },
      "properties": {
        "point_count": 1,
        "density_level": "LOW",
        "avg_speed": 19,
        "unique_vehicles": 1,
        "min_speed": 19,
        "max_speed": 19
      }
    },
    {
      "h3_index": "8967412c163ffff",
      "type": "Feature",
      "geometry": {
        "type": "Polygon",
        "coordinates": [
          [
            [
              -66.95197256247106,
              10.422676870007917
            ],
            [
              -66.95293366390972,
              10.421389216725013
            ],
            [
              -66.95216210460957,
              10.419816024620092
            ],
            [
              -66.95042945487884,
              10.419530519208026
            ],
            [
              -66.94946838474375,
              10.420818188790056
            ],
            [
              -66.95023993303509,
              10.422391347485368
            ],
            [
              -66.95197256247106,
              10.422676870007917
            ]
          ]
        ]
      },
      "properties": {
        "point_count": 1,
        "density_level": "LOW",
        "avg_speed": 98,
        "unique_vehicles": 1,
        "min_speed": 98,
        "max_speed": 98
      }
    },
    {
      "h3_index": "89674c5a6dbffff",
      "type": "Feature",
      "geometry": {
        "type": "Polygon",
        "coordinates": [
          [
            [
              -66.84712565582416,
              10.419834118344331
            ],
            [
              -66.84808519864917,
              10.418547457005465
            ],
            [
              -66.84731396054397,
              10.416974874393174
            ],
            [
              -66.84558319074618,
              10.416688986602706
            ],
            [
              -66.8446236793276,
              10.417975664197858
            ],
            [
              -66.84539490629966,
              10.419548213327523
            ],
            [
              -66.84712565582416,
              10.419834118344331
            ]
          ]
        ]
      },
      "properties": {
        "point_count": 1,
        "density_level": "LOW",
        "avg_speed": 106,
        "unique_vehicles": 1,
        "min_speed": 106,
        "max_speed": 106
      }
    },
    {
      "h3_index": "89674127677ffff",
      "type": "Feature",
      "geometry": {
        "type": "Polygon",
        "coordinates": [
          [
            [
              -66.88612767902917,
              10.544701237622341
            ],
            [
              -66.88708739725175,
              10.543416974580811
            ],
            [
              -66.88631636442781,
              10.541846221519366
            ],
            [
              -66.88458562445818,
              10.54155976490773
            ],
            [
              -66.88362593757743,
              10.542844044289255
            ],
            [
              -66.88439695932378,
              10.544414763942756
            ],
            [
              -66.88612767902917,
              10.544701237622341
            ]
          ]
        ]
      },
      "properties": {
        "point_count": 1,
        "density_level": "LOW",
        "avg_speed": 41,
        "unique_vehicles": 1,
        "min_speed": 41,
        "max_speed": 41
      }
    },
    {
      "h3_index": "896741264cbffff",
      "type": "Feature",
      "geometry": {
        "type": "Polygon",
        "coordinates": [
          [
            [
              -66.81927301611125,
              10.56391905790431
            ],
            [
              -66.82023167045789,
              10.56263590087941
            ],
            [
              -66.81946089930527,
              10.561065885983698
            ],
            [
              -66.81773148496036,
              10.560779061559284
            ],
            [
              -66.81677286201631,
              10.562062234908586
            ],
            [
              -66.81754362201387,
              10.563632216358224
            ],
            [
              -66.81927301611125,
              10.56391905790431
            ]
          ]
        ]
      },
      "properties": {
        "point_count": 1,
        "density_level": "LOW",
        "avg_speed": 102,
        "unique_vehicles": 1,
        "min_speed": 102,
        "max_speed": 102
      }
    },
    {
      "h3_index": "89674125bc7ffff",
      "type": "Feature",
      "geometry": {
        "type": "Polygon",
        "coordinates": [
          [
            [
              -66.85963609997256,
              10.429126182039935
            ],
            [
              -66.8605957997873,
              10.427839602012636
            ],
            [
              -66.85982454659536,
              10.426267094587772
            ],
            [
              -66.8580936047056,
              10.425981200661067
            ],
            [
              -66.85713393628313,
              10.427267796954702
            ],
            [
              -66.85790517835743,
              10.428840270909038
            ],
            [
              -66.85963609997256,
              10.429126182039935
            ]
          ]
        ]
      },
      "properties": {
        "point_count": 1,
        "density_level": "LOW",
        "avg_speed": 69,
        "unique_vehicles": 1,
        "min_speed": 69,
        "max_speed": 69
      }
    },
    {
      "h3_index": "89674c5a463ffff",
      "type": "Feature",
      "geometry": {
        "type": "Polygon",
        "coordinates": [
          [
            [
              -66.82404509323563,
              10.411685426603519
            ],
            [
              -66.82500431681406,
              10.41039881617645
            ],
            [
              -66.82423313037431,
              10.408826244110621
            ],
            [
              -66.82250273151641,
              10.408540315973683
            ],
            [
              -66.82154353936852,
              10.409826942643448
            ],
            [
              -66.82231471464728,
              10.411399481207779
            ],
            [
              -66.82404509323563,
              10.411685426603519
            ]
          ]
        ]
      },
      "properties": {
        "point_count": 1,
        "density_level": "LOW",
        "avg_speed": 54,
        "unique_vehicles": 1,
        "min_speed": 54,
        "max_speed": 54
      }
    },
    {
      "h3_index": "89674125273ffff",
      "type": "Feature",
      "geometry": {
        "type": "Polygon",
        "coordinates": [
          [
            [
              -66.91143403648553,
              10.479581610429314
            ],
            [
              -66.91239434617543,
              10.478295635534458
            ],
            [
              -66.91162306283117,
              10.476723640826284
            ],
            [
              -66.90989148084884,
              10.476437654429057
            ],
            [
              -66.90893120249,
              10.477723645638296
            ],
            [
              -66.90970247478171,
              10.479295606930705
            ],
            [
              -66.91143403648553,
              10.479581610429314
            ]
          ]
        ]
      },
      "properties": {
        "point_count": 1,
        "density_level": "LOW",
        "avg_speed": 29,
        "unique_vehicles": 1,
        "min_speed": 29,
        "max_speed": 29
      }
    },
    {
      "h3_index": "89674120cd3ffff",
      "type": "Feature",
      "geometry": {
        "type": "Polygon",
        "coordinates": [
          [
            [
              -66.92672803848191,
              10.56585049856406
            ],
            [
              -66.92768829430581,
              10.564566299677852
            ],
            [
              -66.92691718993657,
              10.562995646827943
            ],
            [
              -66.92518584077071,
              10.562709226236523
            ],
            [
              -66.92422561624456,
              10.563993441490004
            ],
            [
              -66.92499670958581,
              10.565564060967967
            ],
            [
              -66.92672803848191,
              10.56585049856406
            ]
          ]
        ]
      },
      "properties": {
        "point_count": 1,
        "density_level": "LOW",
        "avg_speed": 13,
        "unique_vehicles": 1,
        "min_speed": 13,
        "max_speed": 13
      }
    },
    {
      "h3_index": "89674c5b1d3ffff",
      "type": "Feature",
      "geometry": {
        "type": "Polygon",
        "coordinates": [
          [
            [
              -66.86458879309818,
              10.393807913205528
            ],
            [
              -66.86554868252557,
              10.3925204951155
            ],
            [
              -66.86477732093498,
              10.390947372230608
            ],
            [
              -66.86304608103073,
              10.390661700916612
            ],
            [
              -66.86208622299837,
              10.391949135255402
            ],
            [
              -66.8628575734745,
              10.393522224659762
            ],
            [
              -66.86458879309818,
              10.393807913205528
            ]
          ]
        ]
      },
      "properties": {
        "point_count": 1,
        "density_level": "LOW",
        "avg_speed": 47,
        "unique_vehicles": 1,
        "min_speed": 47,
        "max_speed": 47
      }
    },
    {
      "h3_index": "89674120bafffff",
      "type": "Feature",
      "geometry": {
        "type": "Polygon",
        "coordinates": [
          [
            [
              -66.91705187109866,
              10.513727870685114
            ],
            [
              -66.91801215299999,
              10.512442602654613
            ],
            [
              -66.9172409418307,
              10.510871140904355
            ],
            [
              -66.91550945980272,
              10.510584980583694
            ],
            [
              -66.9145492092197,
              10.51187026494941
            ],
            [
              -66.91532040934563,
              10.513441693300901
            ],
            [
              -66.91705187109866,
              10.513727870685114
            ]
          ]
        ]
      },
      "properties": {
        "point_count": 1,
        "density_level": "LOW",
        "avg_speed": 46,
        "unique_vehicles": 1,
        "min_speed": 46,
        "max_speed": 46
      }
    },
    {
      "h3_index": "89674125b57ffff",
      "type": "Feature",
      "geometry": {
        "type": "Polygon",
        "coordinates": [
          [
            [
              -66.86251525514523,
              10.425266326761815
            ],
            [
              -66.86347501068838,
              10.423979631539638
            ],
            [
              -66.86270373827573,
              10.422407042119069
            ],
            [
              -66.86097272143374,
              10.422121181391052
            ],
            [
              -66.86001299728089,
              10.423407892878576
            ],
            [
              -66.86078425857902,
              10.42498044882911
            ],
            [
              -66.86251525514523,
              10.425266326761815
            ]
          ]
        ]
      },
      "properties": {
        "point_count": 1,
        "density_level": "LOW",
        "avg_speed": 1,
        "unique_vehicles": 1,
        "min_speed": 1,
        "max_speed": 1
      }
    },
    {
      "h3_index": "89674c5b1b3ffff",
      "type": "Feature",
      "geometry": {
        "type": "Polygon",
        "coordinates": [
          [
            [
              -66.85188793499184,
              10.387374469290972
            ],
            [
              -66.85284765524523,
              10.386087035672363
            ],
            [
              -66.85207631682493,
              10.384513886386383
            ],
            [
              -66.85034526928055,
              10.384228204210995
            ],
            [
              -66.84938558043591,
              10.3855156540698
            ],
            [
              -66.85015690772622,
              10.387088769864127
            ],
            [
              -66.85188793499184,
              10.387374469290972
            ]
          ]
        ]
      },
      "properties": {
        "point_count": 1,
        "density_level": "LOW",
        "avg_speed": 87,
        "unique_vehicles": 1,
        "min_speed": 87,
        "max_speed": 87
      }
    },
    {
      "h3_index": "89674121113ffff",
      "type": "Feature",
      "geometry": {
        "type": "Polygon",
        "coordinates": [
          [
            [
              -66.99465279819529,
              10.571306456272824
            ],
            [
              -66.995614049553,
              10.570021695618523
            ],
            [
              -66.99484274860446,
              10.568450713458022
            ],
            [
              -66.99311020724456,
              10.568164525275353
            ],
            [
              -66.99214898711686,
              10.56944930232636
            ],
            [
              -66.99292027711837,
              10.57102025116366
            ],
            [
              -66.99465279819529,
              10.571306456272824
            ]
          ]
        ]
      },
      "properties": {
        "point_count": 1,
        "density_level": "LOW",
        "avg_speed": 20,
        "unique_vehicles": 1,
        "min_speed": 20,
        "max_speed": 20
      }
    },
    {
      "h3_index": "8967412c16bffff",
      "type": "Feature",
      "geometry": {
        "type": "Polygon",
        "coordinates": [
          [
            [
              -66.95466634784579,
              10.421674723233945
            ],
            [
              -66.95562749277644,
              10.420387020529786
            ],
            [
              -66.95485592247061,
              10.418813795016732
            ],
            [
              -66.9531232182391,
              10.418528305616306
            ],
            [
              -66.95216210460957,
              10.419816024620092
            ],
            [
              -66.95293366390972,
              10.421389216725013
            ],
            [
              -66.95466634784579,
              10.421674723233945
            ]
          ]
        ]
      },
      "properties": {
        "point_count": 1,
        "density_level": "LOW",
        "avg_speed": 32,
        "unique_vehicles": 1,
        "min_speed": 32,
        "max_speed": 32
      }
    },
    {
      "h3_index": "89674c5b517ffff",
      "type": "Feature",
      "geometry": {
        "type": "Polygon",
        "coordinates": [
          [
            [
              -66.85595062434093,
              10.405392948624534
            ],
            [
              -66.85691034655048,
              10.40410587602086
            ],
            [
              -66.85613904263576,
              10.402532999003851
            ],
            [
              -66.85440802763459,
              10.402247228072913
            ],
            [
              -66.85344833682599,
              10.403534316928361
            ],
            [
              -66.8542196296169,
              10.4051071604633
            ],
            [
              -66.85595062434093,
              10.405392948624534
            ]
          ]
        ]
      },
      "properties": {
        "point_count": 1,
        "density_level": "LOW",
        "avg_speed": 65,
        "unique_vehicles": 1,
        "min_speed": 65,
        "max_speed": 65
      }
    },
    {
      "h3_index": "8967412737bffff",
      "type": "Feature",
      "geometry": {
        "type": "Polygon",
        "coordinates": [
          [
            [
              -66.87512780734559,
              10.512570524697557
            ],
            [
              -66.87608746614531,
              10.511285653462359
            ],
            [
              -66.87531638343867,
              10.509714434012526
            ],
            [
              -66.87358565302462,
              10.509428119226158
            ],
            [
              -66.87262602558428,
              10.510713006779543
            ],
            [
              -66.8733970971979,
              10.512284192801456
            ],
            [
              -66.87512780734559,
              10.512570524697557
            ]
          ]
        ]
      },
      "properties": {
        "point_count": 1,
        "density_level": "LOW",
        "avg_speed": 40,
        "unique_vehicles": 1,
        "min_speed": 40,
        "max_speed": 40
      }
    },
    {
      "h3_index": "8967412ce4bffff",
      "type": "Feature",
      "geometry": {
        "type": "Polygon",
        "coordinates": [
          [
            [
              -66.96081279548936,
              10.408225171968443
            ],
            [
              -66.96177407617235,
              10.406937107570515
            ],
            [
              -66.96100245144635,
              10.405363620828513
            ],
            [
              -66.95926955703601,
              10.405078231893773
            ],
            [
              -66.958308307651,
              10.406366312586366
            ],
            [
              -66.95907992137761,
              10.407939765919366
            ],
            [
              -66.96081279548936,
              10.408225171968443
            ]
          ]
        ]
      },
      "properties": {
        "point_count": 1,
        "density_level": "LOW",
        "avg_speed": 78,
        "unique_vehicles": 1,
        "min_speed": 78,
        "max_speed": 78
      }
    },
    {
      "h3_index": "8967412f557ffff",
      "type": "Feature",
      "geometry": {
        "type": "Polygon",
        "coordinates": [
          [
            [
              -66.98650074331636,
              10.496305763463832
            ],
            [
              -66.9874621188496,
              10.495019407142046
            ],
            [
              -66.98669064594556,
              10.493447223853687
            ],
            [
              -66.9849578084699,
              10.49316143024523
            ],
            [
              -66.9839964641907,
              10.494447802919932
            ],
            [
              -66.98476792613239,
              10.496019952850519
            ],
            [
              -66.98650074331636,
              10.496305763463832
            ]
          ]
        ]
      },
      "properties": {
        "point_count": 1,
        "density_level": "LOW",
        "avg_speed": 115,
        "unique_vehicles": 1,
        "min_speed": 115,
        "max_speed": 115
      }
    },
    {
      "h3_index": "89674c5b65bffff",
      "type": "Feature",
      "geometry": {
        "type": "Polygon",
        "coordinates": [
          [
            [
              -66.9053909485928,
              10.412105637319192
            ],
            [
              -66.90635138867623,
              10.410818216601584
            ],
            [
              -66.90557994695958,
              10.409245140401694
            ],
            [
              -66.9038480762236,
              10.408959518365345
            ],
            [
              -66.90288766749154,
              10.410246955357904
            ],
            [
              -66.9036590981434,
              10.411819998112174
            ],
            [
              -66.9053909485928,
              10.412105637319192
            ]
          ]
        ]
      },
      "properties": {
        "point_count": 1,
        "density_level": "LOW",
        "avg_speed": 100,
        "unique_vehicles": 1,
        "min_speed": 100,
        "max_speed": 100
      }
    },
    {
      "h3_index": "8967412c1cbffff",
      "type": "Feature",
      "geometry": {
        "type": "Polygon",
        "coordinates": [
          [
            [
              -66.95641225695958,
              10.4349758510363
            ],
            [
              -66.95737338442346,
              10.433688427544405
            ],
            [
              -66.95660184363437,
              10.432115411753315
            ],
            [
              -66.95486918638333,
              10.431829852856346
            ],
            [
              -66.95390809021605,
              10.433117292655854
            ],
            [
              -66.9546796200025,
              10.434690275045064
            ],
            [
              -66.95641225695958,
              10.4349758510363
            ]
          ]
        ]
      },
      "properties": {
        "point_count": 1,
        "density_level": "LOW",
        "avg_speed": 90,
        "unique_vehicles": 1,
        "min_speed": 90,
        "max_speed": 90
      }
    },
    {
      "h3_index": "89674121ccbffff",
      "type": "Feature",
      "geometry": {
        "type": "Polygon",
        "coordinates": [
          [
            [
              -66.98482761245332,
              10.5610218810592
            ],
            [
              -66.98578875106038,
              10.559736988988119
            ],
            [
              -66.98501745344156,
              10.55816589559896
            ],
            [
              -66.98328502817442,
              10.557879727615148
            ],
            [
              -66.98232392080924,
              10.55916463607353
            ],
            [
              -66.9830952074686,
              10.560735696128747
            ],
            [
              -66.98482761245332,
              10.5610218810592
            ]
          ]
        ]
      },
      "properties": {
        "point_count": 1,
        "density_level": "LOW",
        "avg_speed": 38,
        "unique_vehicles": 1,
        "min_speed": 38,
        "max_speed": 38
      }
    },
    {
      "h3_index": "89674127263ffff",
      "type": "Feature",
      "geometry": {
        "type": "Polygon",
        "coordinates": [
          [
            [
              -66.89013928175373,
              10.52371533302962
            ],
            [
              -66.89109912865034,
              10.522430559745375
            ],
            [
              -66.8903280280545,
              10.520859432048454
            ],
            [
              -66.88859709163579,
              10.520573111049464
            ],
            [
              -66.88763727608158,
              10.521857900663859
            ],
            [
              -66.88840836560298,
              10.523428994947428
            ],
            [
              -66.89013928175373,
              10.52371533302962
            ]
          ]
        ]
      },
      "properties": {
        "point_count": 1,
        "density_level": "LOW",
        "avg_speed": 68,
        "unique_vehicles": 1,
        "min_speed": 68,
        "max_speed": 68
      }
    },
    {
      "h3_index": "8967412c367ffff",
      "type": "Feature",
      "geometry": {
        "type": "Polygon",
        "coordinates": [
          [
            [
              -66.96832648147428,
              10.413801665555555
            ],
            [
              -66.96928785603411,
              10.41251365005367
            ],
            [
              -66.9685162226424,
              10.410940208907455
            ],
            [
              -66.96678322568017,
              10.41065481666518
            ],
            [
              -66.96582188240974,
              10.411942848467755
            ],
            [
              -66.96659350481141,
              10.413516256212256
            ],
            [
              -66.96832648147428,
              10.413801665555555
            ]
          ]
        ]
      },
      "properties": {
        "point_count": 1,
        "density_level": "LOW",
        "avg_speed": 37,
        "unique_vehicles": 1,
        "min_speed": 37,
        "max_speed": 37
      }
    },
    {
      "h3_index": "8967412eedbffff",
      "type": "Feature",
      "geometry": {
        "type": "Polygon",
        "coordinates": [
          [
            [
              -66.93604354065884,
              10.464861820393828
            ],
            [
              -66.93700426620227,
              10.463575268907539
            ],
            [
              -66.93623286732057,
              10.462002876171145
            ],
            [
              -66.93450075391925,
              10.461717068325887
            ],
            [
              -66.93354005968602,
              10.463003636128146
            ],
            [
              -66.93431144754318,
              10.46457599546004
            ],
            [
              -66.93604354065884,
              10.464861820393828
            ]
          ]
        ]
      },
      "properties": {
        "point_count": 1,
        "density_level": "LOW",
        "avg_speed": 89,
        "unique_vehicles": 1,
        "min_speed": 89,
        "max_speed": 89
      }
    },
    {
      "h3_index": "89674122863ffff",
      "type": "Feature",
      "geometry": {
        "type": "Polygon",
        "coordinates": [
          [
            [
              -66.90500956418886,
              10.576684430571454
            ],
            [
              -66.90596946003662,
              10.575400693424795
            ],
            [
              -66.90519845207523,
              10.573830356428449
            ],
            [
              -66.90346755931823,
              10.573543789961654
            ],
            [
              -66.90250769478708,
              10.574827543472985
            ],
            [
              -66.90327869169562,
              10.57639784708676
            ],
            [
              -66.90500956418886,
              10.576684430571454
            ]
          ]
        ]
      },
      "properties": {
        "point_count": 1,
        "density_level": "LOW",
        "avg_speed": 63,
        "unique_vehicles": 1,
        "min_speed": 63,
        "max_speed": 63
      }
    },
    {
      "h3_index": "8967412f06fffff",
      "type": "Feature",
      "geometry": {
        "type": "Polygon",
        "coordinates": [
          [
            [
              -67.00342810843132,
              10.47886457777707
            ],
            [
              -67.00438979339354,
              10.477577661804423
            ],
            [
              -67.00361822238288,
              10.476005083298654
            ],
            [
              -67.00188497735279,
              10.475719454118657
            ],
            [
              -67.00092332363164,
              10.477006386441381
            ],
            [
              -67.0016948836988,
              10.478578931594352
            ],
            [
              -67.00342810843132,
              10.47886457777707
            ]
          ]
        ]
      },
      "properties": {
        "point_count": 1,
        "density_level": "LOW",
        "avg_speed": 94,
        "unique_vehicles": 1,
        "min_speed": 94,
        "max_speed": 94
      }
    },
    {
      "h3_index": "8967412cc2bffff",
      "type": "Feature",
      "geometry": {
        "type": "Polygon",
        "coordinates": [
          [
            [
              -66.92924701745443,
              10.408809247007945
            ],
            [
              -66.93020782487169,
              10.407521512815165
            ],
            [
              -66.92943629992332,
              10.405948232786711
            ],
            [
              -66.92770397859381,
              10.405662720381853
            ],
            [
              -66.92674320250534,
              10.406950470857172
            ],
            [
              -66.9275147164169,
              10.408523717455136
            ],
            [
              -66.92924701745443,
              10.408809247007945
            ]
          ]
        ]
      },
      "properties": {
        "point_count": 1,
        "density_level": "LOW",
        "avg_speed": 114,
        "unique_vehicles": 1,
        "min_speed": 114,
        "max_speed": 114
      }
    },
    {
      "h3_index": "89674121acfffff",
      "type": "Feature",
      "geometry": {
        "type": "Polygon",
        "coordinates": [
          [
            [
              -67.00251106859389,
              10.53217348895625
            ],
            [
              -67.00347256527029,
              10.530887773600025
            ],
            [
              -67.0027011371893,
              10.529316089198128
            ],
            [
              -67.00096822337184,
              10.529030153485737
            ],
            [
              -67.0000067579261,
              10.5303158852206
            ],
            [
              -67.00077817506646,
              10.53188753628954
            ],
            [
              -67.00251106859389,
              10.53217348895625
            ]
          ]
        ]
      },
      "properties": {
        "point_count": 1,
        "density_level": "LOW",
        "avg_speed": 74,
        "unique_vehicles": 1,
        "min_speed": 74,
        "max_speed": 74
      }
    },
    {
      "h3_index": "89674125bb7ffff",
      "type": "Feature",
      "geometry": {
        "type": "Polygon",
        "coordinates": [
          [
            [
              -66.84674905856339,
              10.425552263557142
            ],
            [
              -66.84770857705573,
              10.4242657336735
            ],
            [
              -66.846937355164,
              10.422693248068155
            ],
            [
              -66.84520662591237,
              10.422407325827479
            ],
            [
              -66.84424713882561,
              10.423693871970412
            ],
            [
              -66.84501834958418,
              10.425266324095059
            ],
            [
              -66.84674905856339,
              10.425552263557142
            ]
          ]
        ]
      },
      "properties": {
        "point_count": 1,
        "density_level": "LOW",
        "avg_speed": 79,
        "unique_vehicles": 1,
        "min_speed": 79,
        "max_speed": 79
      }
    },
    {
      "h3_index": "89674c5a69bffff",
      "type": "Feature",
      "geometry": {
        "type": "Polygon",
        "coordinates": [
          [
            [
              -66.83924341175211,
              10.419977047444954
            ],
            [
              -66.84020283601924,
              10.41869046878947
            ],
            [
              -66.83943162321576,
              10.417117938136284
            ],
            [
              -66.83770099728687,
              10.416832019626877
            ],
            [
              -66.83674160443377,
              10.41811861453563
            ],
            [
              -66.83751280609482,
              10.419691111700867
            ],
            [
              -66.83924341175211,
              10.419977047444954
            ]
          ]
        ]
      },
      "properties": {
        "point_count": 1,
        "density_level": "LOW",
        "avg_speed": 113,
        "unique_vehicles": 1,
        "min_speed": 113,
        "max_speed": 113
      }
    },
    {
      "h3_index": "896741242c3ffff",
      "type": "Feature",
      "geometry": {
        "type": "Polygon",
        "coordinates": [
          [
            [
              -66.85818126439663,
              10.490998323499662
            ],
            [
              -66.85914074010984,
              10.48971314070833
            ],
            [
              -66.85836965410012,
              10.488141668655896
            ],
            [
              -66.85663910349116,
              10.487855412842942
            ],
            [
              -66.85567965915841,
              10.489140611934042
            ],
            [
              -66.85645073405345,
              10.490712050538649
            ],
            [
              -66.85818126439663,
              10.490998323499662
            ]
          ]
        ]
      },
      "properties": {
        "point_count": 1,
        "density_level": "LOW",
        "avg_speed": 36,
        "unique_vehicles": 1,
        "min_speed": 36,
        "max_speed": 36
      }
    },
    {
      "h3_index": "8967412c4a3ffff",
      "type": "Feature",
      "geometry": {
        "type": "Polygon",
        "coordinates": [
          [
            [
              -66.95721010907629,
              10.462572916744785
            ],
            [
              -66.95817115812514,
              10.461286101272192
            ],
            [
              -66.95739968736362,
              10.459713538720203
            ],
            [
              -66.95566717855212,
              10.459427825031979
            ],
            [
              -66.95470616079321,
              10.46071465682759
            ],
            [
              -66.95547762055513,
              10.46228718598875
            ],
            [
              -66.95721010907629,
              10.462572916744785
            ]
          ]
        ]
      },
      "properties": {
        "point_count": 1,
        "density_level": "LOW",
        "avg_speed": 63,
        "unique_vehicles": 1,
        "min_speed": 63,
        "max_speed": 63
      }
    },
    {
      "h3_index": "8967412e24bffff",
      "type": "Feature",
      "geometry": {
        "type": "Polygon",
        "coordinates": [
          [
            [
              -66.97435924307213,
              10.48129830480941
            ],
            [
              -66.97532048668815,
              10.480011735193491
            ],
            [
              -66.97454901192732,
              10.47843937740698
            ],
            [
              -66.97281630452761,
              10.478153622608597
            ],
            [
              -66.97185509218072,
              10.479440208564494
            ],
            [
              -66.97262655596367,
              10.48101253297913
            ],
            [
              -66.97435924307213,
              10.48129830480941
            ]
          ]
        ]
      },
      "properties": {
        "point_count": 1,
        "density_level": "LOW",
        "avg_speed": 35,
        "unique_vehicles": 1,
        "min_speed": 35,
        "max_speed": 35
      }
    },
    {
      "h3_index": "8967412c48fffff",
      "type": "Feature",
      "geometry": {
        "type": "Polygon",
        "coordinates": [
          [
            [
              -66.96221811688066,
              10.46628939372381
            ],
            [
              -66.96317922850083,
              10.465002610903287
            ],
            [
              -66.96240775195298,
              10.463430078965338
            ],
            [
              -66.96067517477763,
              10.463144363234193
            ],
            [
              -66.95971409444168,
              10.464431162381748
            ],
            [
              -66.96048555999616,
              10.466003660933733
            ],
            [
              -66.96221811688066,
              10.46628939372381
            ]
          ]
        ]
      },
      "properties": {
        "point_count": 1,
        "density_level": "LOW",
        "avg_speed": 48,
        "unique_vehicles": 1,
        "min_speed": 48,
        "max_speed": 48
      }
    },
    {
      "h3_index": "89674135b5bffff",
      "type": "Feature",
      "geometry": {
        "type": "Polygon",
        "coordinates": [
          [
            [
              -66.8584747457636,
              10.566091287068847
            ],
            [
              -66.8594339802133,
              10.564807782390362
            ],
            [
              -66.85866309070043,
              10.563237558526607
            ],
            [
              -66.85693297784576,
              10.562950872760178
            ],
            [
              -66.85597377476016,
              10.564234393779499
            ],
            [
              -66.85674465316441,
              10.56580458422474
            ],
            [
              -66.8584747457636,
              10.566091287068847
            ]
          ]
        ]
      },
      "properties": {
        "point_count": 1,
        "density_level": "LOW",
        "avg_speed": 120,
        "unique_vehicles": 1,
        "min_speed": 120,
        "max_speed": 120
      }
    },
    {
      "h3_index": "8967412716bffff",
      "type": "Feature",
      "geometry": {
        "type": "Polygon",
        "coordinates": [
          [
            [
              -66.85648593977324,
              10.51670306692702
            ],
            [
              -66.8574453060282,
              10.515418476314354
            ],
            [
              -66.85667429293665,
              10.513847442205437
            ],
            [
              -66.85494392470416,
              10.513561032148585
            ],
            [
              -66.8539845898258,
              10.514845639074409
            ],
            [
              -66.85475559180261,
              10.51641663974426
            ],
            [
              -66.85648593977324,
              10.51670306692702
            ]
          ]
        ]
      },
      "properties": {
        "point_count": 1,
        "density_level": "LOW",
        "avg_speed": 92,
        "unique_vehicles": 1,
        "min_speed": 92,
        "max_speed": 92
      }
    },
    {
      "h3_index": "89674122bb7ffff",
      "type": "Feature",
      "geometry": {
        "type": "Polygon",
        "coordinates": [
          [
            [
              -66.8926893356938,
              10.564545616669042
            ],
            [
              -66.8936490870953,
              10.563261731869414
            ],
            [
              -66.89287808584491,
              10.56169126887943
            ],
            [
              -66.89114734426067,
              10.561404724085142
            ],
            [
              -66.89018762419038,
              10.562688625238085
            ],
            [
              -66.89095861437241,
              10.564259054832338
            ],
            [
              -66.8926893356938,
              10.564545616669042
            ]
          ]
        ]
      },
      "properties": {
        "point_count": 1,
        "density_level": "LOW",
        "avg_speed": 86,
        "unique_vehicles": 1,
        "min_speed": 86,
        "max_speed": 86
      }
    },
    {
      "h3_index": "89674120867ffff",
      "type": "Feature",
      "geometry": {
        "type": "Polygon",
        "coordinates": [
          [
            [
              -66.92399263679759,
              10.527869818373867
            ],
            [
              -66.92495297610903,
              10.526584796795374
            ],
            [
              -66.92418178042594,
              10.525013527400851
            ],
            [
              -66.9224502564648,
              10.524727312973713
            ],
            [
              -66.92148994846188,
              10.526012350897826
            ],
            [
              -66.9222611331109,
              10.527583586903793
            ],
            [
              -66.92399263679759,
              10.527869818373867
            ]
          ]
        ]
      },
      "properties": {
        "point_count": 1,
        "density_level": "LOW",
        "avg_speed": 87,
        "unique_vehicles": 1,
        "min_speed": 87,
        "max_speed": 87
      }
    },
    {
      "h3_index": "8967412c943ffff",
      "type": "Feature",
      "geometry": {
        "type": "Polygon",
        "coordinates": [
          [
            [
              -66.92306015081068,
              10.383202718725363
            ],
            [
              -66.92402094953722,
              10.381914475806376
            ],
            [
              -66.92324937664482,
              10.380340810722153
            ],
            [
              -66.9215170160712,
              10.380055422001647
            ],
            [
              -66.92055624868496,
              10.381343681186593
            ],
            [
              -66.92132781053131,
              10.382917312826418
            ],
            [
              -66.92306015081068,
              10.383202718725363
            ]
          ]
        ]
      },
      "properties": {
        "point_count": 1,
        "density_level": "LOW",
        "avg_speed": 87,
        "unique_vehicles": 1,
        "min_speed": 87,
        "max_speed": 87
      }
    },
    {
      "h3_index": "896741266d3ffff",
      "type": "Feature",
      "geometry": {
        "type": "Polygon",
        "coordinates": [
          [
            [
              -66.83521503502035,
              10.560793639611104
            ],
            [
              -66.83617393848048,
              10.559510251306646
            ],
            [
              -66.83540310856198,
              10.557940084501938
            ],
            [
              -66.83367338631912,
              10.557653339438462
            ],
            [
              -66.83271451424679,
              10.558936744071815
            ],
            [
              -66.8334853330288,
              10.560506877440092
            ],
            [
              -66.83521503502035,
              10.560793639611104
            ]
          ]
        ]
      },
      "properties": {
        "point_count": 1,
        "density_level": "LOW",
        "avg_speed": 83,
        "unique_vehicles": 1,
        "min_speed": 83,
        "max_speed": 83
      }
    },
    {
      "h3_index": "8967412ebb3ffff",
      "type": "Feature",
      "geometry": {
        "type": "Polygon",
        "coordinates": [
          [
            [
              -66.9044460178779,
              10.426406407803633
            ],
            [
              -66.90540639706084,
              10.425119315694383
            ],
            [
              -66.90463499587212,
              10.423546482278814
            ],
            [
              -66.9029032265646,
              10.423260774413675
            ],
            [
              -66.9019428787309,
              10.424547882805372
            ],
            [
              -66.90271426885478,
              10.42612068278009
            ],
            [
              -66.9044460178779,
              10.426406407803633
            ]
          ]
        ]
      },
      "properties": {
        "point_count": 1,
        "density_level": "LOW",
        "avg_speed": 47,
        "unique_vehicles": 1,
        "min_speed": 47,
        "max_speed": 47
      }
    },
    {
      "h3_index": "8967412f583ffff",
      "type": "Feature",
      "geometry": {
        "type": "Polygon",
        "coordinates": [
          [
            [
              -66.97822878799347,
              10.502165232436798
            ],
            [
              -66.97919002099323,
              10.500879090202993
            ],
            [
              -66.97841858908482,
              10.499307055771462
            ],
            [
              -66.97668593514771,
              10.499021196935288
            ],
            [
              -66.97572473340885,
              10.500307355521958
            ],
            [
              -66.97649615434554,
              10.501879356592267
            ],
            [
              -66.97822878799347,
              10.502165232436798
            ]
          ]
        ]
      },
      "properties": {
        "point_count": 1,
        "density_level": "LOW",
        "avg_speed": 70,
        "unique_vehicles": 1,
        "min_speed": 70,
        "max_speed": 70
      }
    },
    {
      "h3_index": "8967412f3c7ffff",
      "type": "Feature",
      "geometry": {
        "type": "Polygon",
        "coordinates": [
          [
            [
              -67.00380834043251,
              10.473145474289952
            ],
            [
              -67.00477004979109,
              10.471858426785307
            ],
            [
              -67.00399846258033,
              10.470285750758416
            ],
            [
              -67.00226517695378,
              10.470000155591201
            ],
            [
              -67.00130349883713,
              10.471287219442948
            ],
            [
              -67.0020750751044,
              10.472859862115127
            ],
            [
              -67.00380834043251,
              10.473145474289952
            ]
          ]
        ]
      },
      "properties": {
        "point_count": 1,
        "density_level": "LOW",
        "avg_speed": 21,
        "unique_vehicles": 1,
        "min_speed": 21,
        "max_speed": 21
      }
    },
    {
      "h3_index": "89674c5b153ffff",
      "type": "Feature",
      "geometry": {
        "type": "Polygon",
        "coordinates": [
          [
            [
              -66.8676570814764,
              10.387084805712417
            ],
            [
              -66.86861703881706,
              10.385797206775884
            ],
            [
              -66.86784564989894,
              10.384223953481316
            ],
            [
              -66.86611431475079,
              10.38393833260459
            ],
            [
              -66.86515438880362,
              10.385225947787397
            ],
            [
              -66.86592576661037,
              10.386799167600993
            ],
            [
              -66.8676570814764,
              10.387084805712417
            ]
          ]
        ]
      },
      "properties": {
        "point_count": 1,
        "density_level": "LOW",
        "avg_speed": 47,
        "unique_vehicles": 1,
        "min_speed": 47,
        "max_speed": 47
      }
    },
    {
      "h3_index": "89674125073ffff",
      "type": "Feature",
      "geometry": {
        "type": "Polygon",
        "coordinates": [
          [
            [
              -66.89259330099632,
              10.486579688325952
            ],
            [
              -66.8935533061007,
              10.485294059678676
            ],
            [
              -66.89278210018972,
              10.483722298911529
            ],
            [
              -66.89105090024803,
              10.483436200217968
            ],
            [
              -66.89009092649162,
              10.484721845176061
            ],
            [
              -66.89086212132823,
              10.48629357251723
            ],
            [
              -66.89259330099632,
              10.486579688325952
            ]
          ]
        ]
      },
      "properties": {
        "point_count": 1,
        "density_level": "LOW",
        "avg_speed": 17,
        "unique_vehicles": 1,
        "min_speed": 17,
        "max_speed": 17
      }
    },
    {
      "h3_index": "8967412e057ffff",
      "type": "Feature",
      "geometry": {
        "type": "Polygon",
        "coordinates": [
          [
            [
              -66.95011778268112,
              10.490302682068252
            ],
            [
              -66.95107863509897,
              10.489016557395418
            ],
            [
              -66.95030725925122,
              10.487444500008733
            ],
            [
              -66.94857504199081,
              10.487158600680319
            ],
            [
              -66.94761422086393,
              10.488444741688545
            ],
            [
              -66.94838558570575,
              10.49001676569013
            ],
            [
              -66.95011778268112,
              10.490302682068252
            ]
          ]
        ]
      },
      "properties": {
        "point_count": 1,
        "density_level": "LOW",
        "avg_speed": 53,
        "unique_vehicles": 1,
        "min_speed": 53,
        "max_speed": 53
      }
    },
    {
      "h3_index": "8967412f123ffff",
      "type": "Feature",
      "geometry": {
        "type": "Polygon",
        "coordinates": [
          [
            [
              -66.97781245813319,
              10.468860763128491
            ],
            [
              -66.97877379397612,
              10.467573881017259
            ],
            [
              -66.97800227583745,
              10.466001294935769
            ],
            [
              -66.97626943282981,
              10.4657156243401
            ],
            [
              -66.97530812825526,
              10.467002522785899
            ],
            [
              -66.97607963541924,
              10.46857507549313
            ],
            [
              -66.97781245813319,
              10.468860763128491
            ]
          ]
        ]
      },
      "properties": {
        "point_count": 1,
        "density_level": "LOW",
        "avg_speed": 77,
        "unique_vehicles": 1,
        "min_speed": 77,
        "max_speed": 77
      }
    },
    {
      "h3_index": "8967412486fffff",
      "type": "Feature",
      "geometry": {
        "type": "Polygon",
        "coordinates": [
          [
            [
              -66.80409347287437,
              10.435837572343967
            ],
            [
              -66.80505231833776,
              10.434551702682988
            ],
            [
              -66.80428125873462,
              10.432979655967495
            ],
            [
              -66.8025513648501,
              10.432693512419213
            ],
            [
              -66.80159255083143,
              10.433979398328406
            ],
            [
              -66.80236359925185,
              10.435551411537988
            ],
            [
              -66.80409347287437,
              10.435837572343967
            ]
          ]
        ]
      },
      "properties": {
        "point_count": 1,
        "density_level": "LOW",
        "avg_speed": 59,
        "unique_vehicles": 1,
        "min_speed": 59,
        "max_speed": 59
      }
    },
    {
      "h3_index": "89674125aa3ffff",
      "type": "Feature",
      "geometry": {
        "type": "Polygon",
        "coordinates": [
          [
            [
              -66.86695428777918,
              10.43756013324053
            ],
            [
              -66.86791406958393,
              10.436273667762661
            ],
            [
              -66.86714281548073,
              10.434701254098911
            ],
            [
              -66.86541179068044,
              10.43441533937566
            ],
            [
              -66.86445204025907,
              10.435701821127388
            ],
            [
              -66.8652232832539,
              10.437274201328842
            ],
            [
              -66.86695428777918,
              10.43756013324053
            ]
          ]
        ]
      },
      "properties": {
        "point_count": 1,
        "density_level": "LOW",
        "avg_speed": 69,
        "unique_vehicles": 1,
        "min_speed": 69,
        "max_speed": 69
      }
    },
    {
      "h3_index": "89674120307ffff",
      "type": "Feature",
      "geometry": {
        "type": "Polygon",
        "coordinates": [
          [
            [
              -66.95596245196772,
              10.560582521866419
            ],
            [
              -66.9569231614892,
              10.559297910475689
            ],
            [
              -66.95615195221116,
              10.55772698834759
            ],
            [
              -66.95442004440466,
              10.557440710964485
            ],
            [
              -66.95345936615344,
              10.558725338731021
            ],
            [
              -66.95423056443774,
              10.560296227505187
            ],
            [
              -66.95596245196772,
              10.560582521866419
            ]
          ]
        ]
      },
      "properties": {
        "point_count": 1,
        "density_level": "LOW",
        "avg_speed": 115,
        "unique_vehicles": 1,
        "min_speed": 115,
        "max_speed": 115
      }
    },
    {
      "h3_index": "89674c5a063ffff",
      "type": "Feature",
      "geometry": {
        "type": "Polygon",
        "coordinates": [
          [
            [
              -66.8253614383472,
              10.391668751733713
            ],
            [
              -66.82632074706588,
              10.390381681334752
            ],
            [
              -66.82554950386734,
              10.388808770170998
            ],
            [
              -66.82381896311038,
              10.38852296291471
            ],
            [
              -66.82285968582526,
              10.389810049545797
            ],
            [
              -66.82363091786284,
              10.391382927201366
            ],
            [
              -66.8253614383472,
              10.391668751733713
            ]
          ]
        ]
      },
      "properties": {
        "point_count": 1,
        "density_level": "LOW",
        "avg_speed": 114,
        "unique_vehicles": 1,
        "min_speed": 114,
        "max_speed": 114
      }
    },
    {
      "h3_index": "8967412ed63ffff",
      "type": "Feature",
      "geometry": {
        "type": "Polygon",
        "coordinates": [
          [
            [
              -66.895425716259,
              10.44370683398773
            ],
            [
              -66.89638590396976,
              10.442420218905408
            ],
            [
              -66.89561457650915,
              10.440847728711121
            ],
            [
              -66.89388307241128,
              10.440561887039943
            ],
            [
              -66.89292291605486,
              10.44184851841069
            ],
            [
              -66.89369423244125,
              10.443420975164521
            ],
            [
              -66.895425716259,
              10.44370683398773
            ]
          ]
        ]
      },
      "properties": {
        "point_count": 1,
        "density_level": "LOW",
        "avg_speed": 88,
        "unique_vehicles": 1,
        "min_speed": 88,
        "max_speed": 88
      }
    },
    {
      "h3_index": "8967412e2d3ffff",
      "type": "Feature",
      "geometry": {
        "type": "Polygon",
        "coordinates": [
          [
            [
              -66.96840247929752,
              10.491875334270738
            ],
            [
              -66.9693635994252,
              10.490589060854429
            ],
            [
              -66.96859217092403,
              10.489016916049867
            ],
            [
              -66.96685963327862,
              10.488731078033874
            ],
            [
              -66.96589854442368,
              10.490017367793593
            ],
            [
              -66.96666996194071,
              10.491589479226223
            ],
            [
              -66.96840247929752,
              10.491875334270738
            ]
          ]
        ]
      },
      "properties": {
        "point_count": 1,
        "density_level": "LOW",
        "avg_speed": 55,
        "unique_vehicles": 1,
        "min_speed": 55,
        "max_speed": 55
      }
    },
    {
      "h3_index": "89674121d47ffff",
      "type": "Feature",
      "geometry": {
        "type": "Polygon",
        "coordinates": [
          [
            [
              -66.965178347104,
              10.540450913580887
            ],
            [
              -66.96613926006356,
              10.539165758813892
            ],
            [
              -66.96536796924107,
              10.537594443523302
            ],
            [
              -66.96363577644264,
              10.537308316355478
            ],
            [
              -66.96267489474863,
              10.538593487491
            ],
            [
              -66.96344617458678,
              10.540164769426164
            ],
            [
              -66.965178347104,
              10.540450913580887
            ]
          ]
        ]
      },
      "properties": {
        "point_count": 1,
        "density_level": "LOW",
        "avg_speed": 69,
        "unique_vehicles": 1,
        "min_speed": 69,
        "max_speed": 69
      }
    },
    {
      "h3_index": "89674c5a007ffff",
      "type": "Feature",
      "geometry": {
        "type": "Polygon",
        "coordinates": [
          [
            [
              -66.81979396889736,
              10.39653078057157
            ],
            [
              -66.8207531782583,
              10.395243874817023
            ],
            [
              -66.81998196549368,
              10.393671079096785
            ],
            [
              -66.81825155453458,
              10.39338522264158
            ],
            [
              -66.81729237661156,
              10.394672144628755
            ],
            [
              -66.818063578209,
              10.396244906838843
            ],
            [
              -66.81979396889736,
              10.39653078057157
            ]
          ]
        ]
      },
      "properties": {
        "point_count": 1,
        "density_level": "LOW",
        "avg_speed": 106,
        "unique_vehicles": 1,
        "min_speed": 106,
        "max_speed": 106
      }
    },
    {
      "h3_index": "89674121843ffff",
      "type": "Feature",
      "geometry": {
        "type": "Polygon",
        "coordinates": [
          [
            [
              -66.98653632863511,
              10.53531388222991
            ],
            [
              -66.98749757693464,
              10.534028397692838
            ],
            [
              -66.9867262064472,
              10.532456864458673
            ],
            [
              -66.98499359861889,
              10.532170849104634
            ],
            [
              -66.98403238156502,
              10.533456350015785
            ],
            [
              -66.9848037410931,
              10.535027849907223
            ],
            [
              -66.98653632863511,
              10.53531388222991
            ]
          ]
        ]
      },
      "properties": {
        "point_count": 1,
        "density_level": "LOW",
        "avg_speed": 66,
        "unique_vehicles": 1,
        "min_speed": 66,
        "max_speed": 66
      }
    },
    {
      "h3_index": "8967412084fffff",
      "type": "Feature",
      "geometry": {
        "type": "Polygon",
        "coordinates": [
          [
            [
              -66.93150092482239,
              10.533442134171445
            ],
            [
              -66.93246135804227,
              10.53215716164171
            ],
            [
              -66.93169015357229,
              10.530585938437227
            ],
            [
              -66.92995852690649,
              10.53029972114405
            ],
            [
              -66.92899812498658,
              10.531584710025356
            ],
            [
              -66.92976931843181,
              10.533155899848593
            ],
            [
              -66.93150092482239,
              10.533442134171445
            ]
          ]
        ]
      },
      "properties": {
        "point_count": 1,
        "density_level": "LOW",
        "avg_speed": 35,
        "unique_vehicles": 1,
        "min_speed": 35,
        "max_speed": 35
      }
    },
    {
      "h3_index": "8967412ce0bffff",
      "type": "Feature",
      "geometry": {
        "type": "Polygon",
        "coordinates": [
          [
            [
              -66.95292031402992,
              10.408371499846206
            ],
            [
              -66.95388147642562,
              10.407083517984221
            ],
            [
              -66.95310987660223,
              10.405510082884666
            ],
            [
              -66.95137712539116,
              10.405224663061798
            ],
            [
              -66.95041599430115,
              10.406512661215409
            ],
            [
              -66.95118758311581,
              10.408086062900606
            ],
            [
              -66.95292031402992,
              10.408371499846206
            ]
          ]
        ]
      },
      "properties": {
        "point_count": 1,
        "density_level": "LOW",
        "avg_speed": 34,
        "unique_vehicles": 1,
        "min_speed": 34,
        "max_speed": 34
      }
    },
    {
      "h3_index": "89674122b73ffff",
      "type": "Feature",
      "geometry": {
        "type": "Polygon",
        "coordinates": [
          [
            [
              -66.906142952563,
              10.559558265449407
            ],
            [
              -66.90710292141812,
              10.558274133199177
            ],
            [
              -66.90633186487261,
              10.556703503252258
            ],
            [
              -66.90460085052409,
              10.556417038944403
            ],
            [
              -66.90364091298812,
              10.557701187550489
            ],
            [
              -66.9044119584808,
              10.559271784108924
            ],
            [
              -66.906142952563,
              10.559558265449407
            ]
          ]
        ]
      },
      "properties": {
        "point_count": 1,
        "density_level": "LOW",
        "avg_speed": 85,
        "unique_vehicles": 1,
        "min_speed": 85,
        "max_speed": 85
      }
    },
    {
      "h3_index": "8967412091bffff",
      "type": "Feature",
      "geometry": {
        "type": "Polygon",
        "coordinates": [
          [
            [
              -66.90841016899213,
              10.525293553808408
            ],
            [
              -66.90937028389237,
              10.52400863161609
            ],
            [
              -66.9085991301621,
              10.522437416298484
            ],
            [
              -66.90686787258362,
              10.522151156573738
            ],
            [
              -66.90590778900766,
              10.523436095104172
            ],
            [
              -66.90667893168522,
              10.525007277021556
            ],
            [
              -66.90841016899213,
              10.525293553808408
            ]
          ]
        ]
      },
      "properties": {
        "point_count": 1,
        "density_level": "LOW",
        "avg_speed": 57,
        "unique_vehicles": 1,
        "min_speed": 57,
        "max_speed": 57
      }
    },
    {
      "h3_index": "8967412cbd3ffff",
      "type": "Feature",
      "geometry": {
        "type": "Polygon",
        "coordinates": [
          [
            [
              -66.93865254576377,
              10.385771149950614
            ],
            [
              -66.93961356904306,
              10.384482807587386
            ],
            [
              -66.93884195426038,
              10.382909087437854
            ],
            [
              -66.93710932722504,
              10.382623743084595
            ],
            [
              -66.93614833527025,
              10.383912101721364
            ],
            [
              -66.93691993902556,
              10.385485788438183
            ],
            [
              -66.93865254576377,
              10.385771149950614
            ]
          ]
        ]
      },
      "properties": {
        "point_count": 1,
        "density_level": "LOW",
        "avg_speed": 73,
        "unique_vehicles": 1,
        "min_speed": 73,
        "max_speed": 73
      }
    },
    {
      "h3_index": "8967412d813ffff",
      "type": "Feature",
      "geometry": {
        "type": "Polygon",
        "coordinates": [
          [
            [
              -66.9877592963229,
              10.398195484816563
            ],
            [
              -66.98872101182464,
              10.396906926363826
            ],
            [
              -66.98794927727641,
              10.395333105613204
            ],
            [
              -66.98621583819391,
              10.395047876709857
            ],
            [
              -66.98525415396584,
              10.396336451462394
            ],
            [
              -66.9860258775459,
              10.397910238818806
            ],
            [
              -66.9877592963229,
              10.398195484816563
            ]
          ]
        ]
      },
      "properties": {
        "point_count": 1,
        "density_level": "LOW",
        "avg_speed": 76,
        "unique_vehicles": 1,
        "min_speed": 76,
        "max_speed": 76
      }
    },
    {
      "h3_index": "89674c5a013ffff",
      "type": "Feature",
      "geometry": {
        "type": "Polygon",
        "coordinates": [
          [
            [
              -66.82210757781279,
              10.401248959075339
            ],
            [
              -66.82306680644636,
              10.399962135264195
            ],
            [
              -66.82229559873493,
              10.398389402903522
            ],
            [
              -66.82056517355328,
              10.398103527861132
            ],
            [
              -66.81960597635437,
              10.399390367908422
            ],
            [
              -66.82037717290173,
              10.400963066762305
            ],
            [
              -66.82210757781279,
              10.401248959075339
            ]
          ]
        ]
      },
      "properties": {
        "point_count": 1,
        "density_level": "LOW",
        "avg_speed": 80,
        "unique_vehicles": 1,
        "min_speed": 80,
        "max_speed": 80
      }
    },
    {
      "h3_index": "89674c5a3d7ffff",
      "type": "Feature",
      "geometry": {
        "type": "Polygon",
        "coordinates": [
          [
            [
              -66.82573757344248,
              10.385948674485467
            ],
            [
              -66.82669690648947,
              10.384661472688649
            ],
            [
              -66.82592564707274,
              10.383088464684658
            ],
            [
              -66.82419506576929,
              10.38280269198791
            ],
            [
              -66.82323576415673,
              10.384089910013822
            ],
            [
              -66.8240070124125,
              10.385662884507722
            ],
            [
              -66.82573757344248,
              10.385948674485467
            ]
          ]
        ]
      },
      "properties": {
        "point_count": 1,
        "density_level": "LOW",
        "avg_speed": 110,
        "unique_vehicles": 1,
        "min_speed": 110,
        "max_speed": 110
      }
    },
    {
      "h3_index": "89674c5b157ffff",
      "type": "Feature",
      "geometry": {
        "type": "Polygon",
        "coordinates": [
          [
            [
              -66.86515438880362,
              10.385225947787397
            ],
            [
              -66.86611431475079,
              10.38393833260459
            ],
            [
              -66.8653429288357,
              10.38236506433414
            ],
            [
              -66.86361162808718,
              10.3820794447302
            ],
            [
              -66.8626517335363,
              10.383367076157239
            ],
            [
              -66.86342310833693,
              10.38494031094431
            ],
            [
              -66.86515438880362,
              10.385225947787397
            ]
          ]
        ]
      },
      "properties": {
        "point_count": 1,
        "density_level": "LOW",
        "avg_speed": 52,
        "unique_vehicles": 1,
        "min_speed": 52,
        "max_speed": 52
      }
    },
    {
      "h3_index": "8967412c173ffff",
      "type": "Feature",
      "geometry": {
        "type": "Polygon",
        "coordinates": [
          [
            [
              -66.9517830244189,
              10.425537601058483
            ],
            [
              -66.952744113667,
              10.424250013498973
            ],
            [
              -66.95197256247106,
              10.422676870007917
            ],
            [
              -66.95023993303509,
              10.422391347485368
            ],
            [
              -66.94927887509013,
              10.42367895134549
            ],
            [
              -66.95005041527726,
              10.425252061427894
            ],
            [
              -66.9517830244189,
              10.425537601058483
            ]
          ]
        ]
      },
      "properties": {
        "point_count": 1,
        "density_level": "LOW",
        "avg_speed": 113,
        "unique_vehicles": 1,
        "min_speed": 113,
        "max_speed": 113
      }
    },
    {
      "h3_index": "896741218d3ffff",
      "type": "Feature",
      "geometry": {
        "type": "Polygon",
        "coordinates": [
          [
            [
              -66.98327302476446,
              10.544883401893603
            ],
            [
              -66.98423419306498,
              10.543598164270094
            ],
            [
              -66.98346285782785,
              10.542026810946481
            ],
            [
              -66.981730365252,
              10.54174072858799
            ],
            [
              -66.98076922819833,
              10.54302598258949
            ],
            [
              -66.98154055247294,
              10.544597302571827
            ],
            [
              -66.98327302476446,
              10.544883401893603
            ]
          ]
        ]
      },
      "properties": {
        "point_count": 1,
        "density_level": "LOW",
        "avg_speed": 94,
        "unique_vehicles": 1,
        "min_speed": 94,
        "max_speed": 94
      }
    },
    {
      "h3_index": "8967412e563ffff",
      "type": "Feature",
      "geometry": {
        "type": "Polygon",
        "coordinates": [
          [
            [
              -66.92914414139278,
              10.48972921702835
            ],
            [
              -66.93010468250039,
              10.488443290606824
            ],
            [
              -66.92933337048471,
              10.486871354193221
            ],
            [
              -66.92760152839159,
              10.4865853776012
            ],
            [
              -66.92664101859562,
              10.487871320349589
            ],
            [
              -66.92741231958044,
              10.489443223363468
            ],
            [
              -66.92914414139278,
              10.48972921702835
            ]
          ]
        ]
      },
      "properties": {
        "point_count": 1,
        "density_level": "LOW",
        "avg_speed": 93,
        "unique_vehicles": 1,
        "min_speed": 93,
        "max_speed": 93
      }
    },
    {
      "h3_index": "89674125923ffff",
      "type": "Feature",
      "geometry": {
        "type": "Polygon",
        "coordinates": [
          [
            [
              -66.83367539482548,
              10.424836998030816
            ],
            [
              -66.83463471977124,
              10.4235505840499
            ],
            [
              -66.83386353736275,
              10.421978168865296
            ],
            [
              -66.8321330411564,
              10.421692201151851
            ],
            [
              -66.83117374762904,
              10.422978631386526
            ],
            [
              -66.83194491888891,
              10.42455101308122
            ],
            [
              -66.83367539482548,
              10.424836998030816
            ]
          ]
        ]
      },
      "properties": {
        "point_count": 1,
        "density_level": "LOW",
        "avg_speed": 33,
        "unique_vehicles": 1,
        "min_speed": 33,
        "max_speed": 33
      }
    },
    {
      "h3_index": "89674121bd3ffff",
      "type": "Feature",
      "geometry": {
        "type": "Polygon",
        "coordinates": [
          [
            [
              -66.98460194212541,
              10.524884857106404
            ],
            [
              -66.9855631957472,
              10.523599158755527
            ],
            [
              -66.98479180382905,
              10.522027463509216
            ],
            [
              -66.98305916925084,
              10.521741499962207
            ],
            [
              -66.98209794687884,
              10.523027214680765
            ],
            [
              -66.98286932783455,
              10.524598876578981
            ],
            [
              -66.98460194212541,
              10.524884857106404
            ]
          ]
        ]
      },
      "properties": {
        "point_count": 1,
        "density_level": "LOW",
        "avg_speed": 63,
        "unique_vehicles": 1,
        "min_speed": 63,
        "max_speed": 63
      }
    },
    {
      "h3_index": "8967412720fffff",
      "type": "Feature",
      "geometry": {
        "type": "Polygon",
        "coordinates": [
          [
            [
              -66.88725985241791,
              10.527569422287096
            ],
            [
              -66.88821964363753,
              10.526284764301147
            ],
            [
              -66.88744856221624,
              10.524713718748826
            ],
            [
              -66.88571770065215,
              10.524427364596608
            ],
            [
              -66.88475794077692,
              10.525712038913673
            ],
            [
              -66.88552901112068,
              10.527283051052164
            ],
            [
              -66.88725985241791,
              10.527569422287096
            ]
          ]
        ]
      },
      "properties": {
        "point_count": 1,
        "density_level": "LOW",
        "avg_speed": 44,
        "unique_vehicles": 1,
        "min_speed": 44,
        "max_speed": 44
      }
    },
    {
      "h3_index": "89674120947ffff",
      "type": "Feature",
      "geometry": {
        "type": "Polygon",
        "coordinates": [
          [
            [
              -66.91129056935986,
              10.521438671944795
            ],
            [
              -66.91225073992713,
              10.520153634467135
            ],
            [
              -66.91147956704754,
              10.518582337000868
            ],
            [
              -66.90974823464957,
              10.518296110412336
            ],
            [
              -66.90878809540459,
              10.519581164227162
            ],
            [
              -66.90955925723458,
              10.521152428293687
            ],
            [
              -66.91129056935986,
              10.521438671944795
            ]
          ]
        ]
      },
      "properties": {
        "point_count": 1,
        "density_level": "LOW",
        "avg_speed": 49,
        "unique_vehicles": 1,
        "min_speed": 49,
        "max_speed": 49
      }
    },
    {
      "h3_index": "896741202c7ffff",
      "type": "Feature",
      "geometry": {
        "type": "Polygon",
        "coordinates": [
          [
            [
              -66.97830213950608,
              10.580151640399851
            ],
            [
              -66.97926311814797,
              10.578867242336669
            ],
            [
              -66.97849189102354,
              10.577296509056078
            ],
            [
              -66.97675969622229,
              10.577010207169987
            ],
            [
              -66.97579874882462,
              10.578294621628254
            ],
            [
              -66.97656996498326,
              10.57986532157786
            ],
            [
              -66.97830213950608,
              10.580151640399851
            ]
          ]
        ]
      },
      "properties": {
        "point_count": 1,
        "density_level": "LOW",
        "avg_speed": 57,
        "unique_vehicles": 1,
        "min_speed": 57,
        "max_speed": 57
      }
    },
    {
      "h3_index": "89674125643ffff",
      "type": "Feature",
      "geometry": {
        "type": "Polygon",
        "coordinates": [
          [
            [
              -66.91511634851399,
              10.503299637001739
            ],
            [
              -66.91607663562222,
              10.502014155241628
            ],
            [
              -66.91530540309466,
              10.500442531975457
            ],
            [
              -66.91357389450462,
              10.500156423873829
            ],
            [
              -66.91261363871881,
              10.501441921962709
            ],
            [
              -66.91338486019991,
              10.50301351182477
            ],
            [
              -66.91511634851399,
              10.503299637001739
            ]
          ]
        ]
      },
      "properties": {
        "point_count": 1,
        "density_level": "LOW",
        "avg_speed": 73,
        "unique_vehicles": 1,
        "min_speed": 73,
        "max_speed": 73
      }
    },
    {
      "h3_index": "89674c5a24fffff",
      "type": "Feature",
      "geometry": {
        "type": "Polygon",
        "coordinates": [
          [
            [
              -66.84919723105143,
              10.3883761540268
            ],
            [
              -66.85015690772622,
              10.387088769864127
            ],
            [
              -66.84938558043591,
              10.3855156540698
            ],
            [
              -66.84765458760319,
              10.385229955931608
            ],
            [
              -66.84669494233955,
              10.386517356333986
            ],
            [
              -66.84746625849678,
              10.388090438635194
            ],
            [
              -66.84919723105143,
              10.3883761540268
            ]
          ]
        ]
      },
      "properties": {
        "point_count": 1,
        "density_level": "LOW",
        "avg_speed": 56,
        "unique_vehicles": 1,
        "min_speed": 56,
        "max_speed": 56
      }
    },
    {
      "h3_index": "8967412c207ffff",
      "type": "Feature",
      "geometry": {
        "type": "Polygon",
        "coordinates": [
          [
            [
              -66.9827851435574,
              10.433537386769945
            ],
            [
              -66.98374666920189,
              10.432249666292838
            ],
            [
              -66.98297504286778,
              10.430676462529453
            ],
            [
              -66.98124190185985,
              10.430391012627753
            ],
            [
              -66.98028040748639,
              10.431678749422048
            ],
            [
              -66.98105202284908,
              10.433251919801178
            ],
            [
              -66.9827851435574,
              10.433537386769945
            ]
          ]
        ]
      },
      "properties": {
        "point_count": 1,
        "density_level": "LOW",
        "avg_speed": 119,
        "unique_vehicles": 1,
        "min_speed": 119,
        "max_speed": 119
      }
    },
    {
      "h3_index": "896741241cbffff",
      "type": "Feature",
      "geometry": {
        "type": "Polygon",
        "coordinates": [
          [
            [
              -66.82453527636277,
              10.4839869585552
            ],
            [
              -66.82549427096829,
              10.482701958669862
            ],
            [
              -66.82472327296797,
              10.481130581294764
            ],
            [
              -66.82299329151635,
              10.48084423727885
            ],
            [
              -66.82203432832542,
              10.48212925344694
            ],
            [
              -66.82280531517083,
              10.483700597348532
            ],
            [
              -66.82453527636277,
              10.4839869585552
            ]
          ]
        ]
      },
      "properties": {
        "point_count": 1,
        "density_level": "LOW",
        "avg_speed": 100,
        "unique_vehicles": 1,
        "min_speed": 100,
        "max_speed": 100
      }
    },
    {
      "h3_index": "89674121b47ffff",
      "type": "Feature",
      "geometry": {
        "type": "Polygon",
        "coordinates": [
          [
            [
              -66.9853614134924,
              10.513454594939232
            ],
            [
              -66.98632271587542,
              10.512168633370123
            ],
            [
              -66.98555129156475,
              10.510596742847794
            ],
            [
              -66.98381857583276,
              10.510310847246853
            ],
            [
              -66.98285730470124,
              10.511596825177731
            ],
            [
              -66.9836287180495,
              10.5131686823481
            ],
            [
              -66.9853614134924,
              10.513454594939232
            ]
          ]
        ]
      },
      "properties": {
        "point_count": 1,
        "density_level": "LOW",
        "avg_speed": 23,
        "unique_vehicles": 1,
        "min_speed": 23,
        "max_speed": 23
      }
    },
    {
      "h3_index": "89674127523ffff",
      "type": "Feature",
      "geometry": {
        "type": "Polygon",
        "coordinates": [
          [
            [
              -66.84459859047965,
              10.537824482482277
            ],
            [
              -66.8455577096347,
              10.536540484780016
            ],
            [
              -66.84478678962604,
              10.53496987659677
            ],
            [
              -66.84305676158877,
              10.53468329955511
            ],
            [
              -66.84209767381734,
              10.535967313577414
            ],
            [
              -66.84286858269884,
              10.537537888321678
            ],
            [
              -66.84459859047965,
              10.537824482482277
            ]
          ]
        ]
      },
      "properties": {
        "point_count": 1,
        "density_level": "LOW",
        "avg_speed": 112,
        "unique_vehicles": 1,
        "min_speed": 112,
        "max_speed": 112
      }
    },
    {
      "h3_index": "89674c5b5c7ffff",
      "type": "Feature",
      "geometry": {
        "type": "Polygon",
        "coordinates": [
          [
            [
              -66.86095531165401,
              10.40911017073903
            ],
            [
              -66.86191509665696,
              10.407823130644942
            ],
            [
              -66.86114378671859,
              10.406250283644871
            ],
            [
              -66.85941270289416,
              10.405964510216439
            ],
            [
              -66.8584529492865,
              10.407251566566321
            ],
            [
              -66.85922424810725,
              10.408824380089179
            ],
            [
              -66.86095531165401,
              10.40911017073903
            ]
          ]
        ]
      },
      "properties": {
        "point_count": 1,
        "density_level": "LOW",
        "avg_speed": 116,
        "unique_vehicles": 1,
        "min_speed": 116,
        "max_speed": 116
      }
    },
    {
      "h3_index": "896741273abffff",
      "type": "Feature",
      "geometry": {
        "type": "Polygon",
        "coordinates": [
          [
            [
              -66.8643670945528,
              10.516564090829116
            ],
            [
              -66.86532657924532,
              10.515279417546427
            ],
            [
              -66.8645555409294,
              10.513708331817009
            ],
            [
              -66.8628250290257,
              10.513421952804343
            ],
            [
              -66.86186557570218,
              10.514706642403198
            ],
            [
              -66.86263660291267,
              10.516277694698887
            ],
            [
              -66.8643670945528,
              10.516564090829116
            ]
          ]
        ]
      },
      "properties": {
        "point_count": 1,
        "density_level": "LOW",
        "avg_speed": 2,
        "unique_vehicles": 1,
        "min_speed": 2,
        "max_speed": 2
      }
    },
    {
      "h3_index": "8967412702bffff",
      "type": "Feature",
      "geometry": {
        "type": "Polygon",
        "coordinates": [
          [
            [
              -66.86611479243055,
              10.529843289607935
            ],
            [
              -66.86707425983933,
              10.528558895902119
            ],
            [
              -66.8663032509249,
              10.526988020259115
            ],
            [
              -66.86457278570336,
              10.526701571749644
            ],
            [
              -66.86361334965903,
              10.527985981779544
            ],
            [
              -66.86438434747109,
              10.529556823995158
            ],
            [
              -66.86611479243055,
              10.529843289607935
            ]
          ]
        ]
      },
      "properties": {
        "point_count": 1,
        "density_level": "LOW",
        "avg_speed": 105,
        "unique_vehicles": 1,
        "min_speed": 105,
        "max_speed": 105
      }
    },
    {
      "h3_index": "8967412290fffff",
      "type": "Feature",
      "geometry": {
        "type": "Polygon",
        "coordinates": [
          [
            [
              -66.88461834221147,
              10.567537240286427
            ],
            [
              -66.88557796312037,
              10.56625350397495
            ],
            [
              -66.88480699508433,
              10.56468314117654
            ],
            [
              -66.88307641721632,
              10.564396548090022
            ],
            [
              -66.88211682764582,
              10.565680300753304
            ],
            [
              -66.88288778460421,
              10.56725063015163
            ],
            [
              -66.88461834221147,
              10.567537240286427
            ]
          ]
        ]
      },
      "properties": {
        "point_count": 1,
        "density_level": "LOW",
        "avg_speed": 115,
        "unique_vehicles": 1,
        "min_speed": 115,
        "max_speed": 115
      }
    },
    {
      "h3_index": "8967412deafffff",
      "type": "Feature",
      "geometry": {
        "type": "Polygon",
        "coordinates": [
          [
            [
              -66.99778023563898,
              10.405631476817918
            ],
            [
              -66.99874207620682,
              10.404342983584403
            ],
            [
              -66.99797033023479,
              10.40276922374202
            ],
            [
              -66.99623675464991,
              10.402483990517986
            ],
            [
              -66.9952749453443,
              10.403772500059327
            ],
            [
              -66.99604668036064,
              10.405346226517217
            ],
            [
              -66.99778023563898,
              10.405631476817918
            ]
          ]
        ]
      },
      "properties": {
        "point_count": 1,
        "density_level": "LOW",
        "avg_speed": 119,
        "unique_vehicles": 1,
        "min_speed": 119,
        "max_speed": 119
      }
    },
    {
      "h3_index": "89674c5b2abffff",
      "type": "Feature",
      "geometry": {
        "type": "Polygon",
        "coordinates": [
          [
            [
              -66.89112715776125,
              10.389509911942431
            ],
            [
              -66.89208745840907,
              10.388222130800147
            ],
            [
              -66.89131600206008,
              10.386648770158281
            ],
            [
              -66.889584256146,
              10.386363224122995
            ],
            [
              -66.88862398686828,
              10.387651021522139
            ],
            [
              -66.88939543213385,
              10.389224348700045
            ],
            [
              -66.89112715776125,
              10.389509911942431
            ]
          ]
        ]
      },
      "properties": {
        "point_count": 1,
        "density_level": "LOW",
        "avg_speed": 56,
        "unique_vehicles": 1,
        "min_speed": 56,
        "max_speed": 56
      }
    },
    {
      "h3_index": "89674c5b1c7ffff",
      "type": "Feature",
      "geometry": {
        "type": "Polygon",
        "coordinates": [
          [
            [
              -66.8622747224466,
              10.38908856304635
            ],
            [
              -66.86323459265151,
              10.387801063008945
            ],
            [
              -66.86246322595919,
              10.386227876677786
            ],
            [
              -66.8607320001788,
              10.385942223868273
            ],
            [
              -66.85977216137219,
              10.387229740150921
            ],
            [
              -66.86054351694693,
              10.388802892998168
            ],
            [
              -66.8622747224466,
              10.38908856304635
            ]
          ]
        ]
      },
      "properties": {
        "point_count": 1,
        "density_level": "LOW",
        "avg_speed": 63,
        "unique_vehicles": 1,
        "min_speed": 63,
        "max_speed": 63
      }
    },
    {
      "h3_index": "8967412cdc7ffff",
      "type": "Feature",
      "geometry": {
        "type": "Polygon",
        "coordinates": [
          [
            [
              -66.91616091778869,
              10.408098054701913
            ],
            [
              -66.91712153198148,
              10.406810436238956
            ],
            [
              -66.9163500460367,
              10.405237226271232
            ],
            [
              -66.91461795695079,
              10.404951668206554
            ],
            [
              -66.91365737409973,
              10.406239302946496
            ],
            [
              -66.91442884899215,
              10.407812479474464
            ],
            [
              -66.91616091778869,
              10.408098054701913
            ]
          ]
        ]
      },
      "properties": {
        "point_count": 1,
        "density_level": "LOW",
        "avg_speed": 1,
        "unique_vehicles": 1,
        "min_speed": 1,
        "max_speed": 1
      }
    },
    {
      "h3_index": "8967412dca3ffff",
      "type": "Feature",
      "geometry": {
        "type": "Polygon",
        "coordinates": [
          [
            [
              -66.97872496188565,
              10.415514017105325
            ],
            [
              -66.97968648596905,
              10.414225935392563
            ],
            [
              -66.97891482485662,
              10.412652457896085
            ],
            [
              -66.97718165063766,
              10.412367095506582
            ],
            [
              -66.97622015783311,
              10.413655193525061
            ],
            [
              -66.97699180796795,
              10.41522863762765
            ],
            [
              -66.97872496188565,
              10.415514017105325
            ]
          ]
        ]
      },
      "properties": {
        "point_count": 1,
        "density_level": "LOW",
        "avg_speed": 43,
        "unique_vehicles": 1,
        "min_speed": 43,
        "max_speed": 43
      }
    },
    {
      "h3_index": "8967412561bffff",
      "type": "Feature",
      "geometry": {
        "type": "Polygon",
        "coordinates": [
          [
            [
              -66.90973298270926,
              10.505298185708527
            ],
            [
              -66.91069318282113,
              10.504012802880718
            ],
            [
              -66.90992197238957,
              10.502441246424238
            ],
            [
              -66.90819057289808,
              10.50215510620294
            ],
            [
              -66.90723040411345,
              10.503440505358503
            ],
            [
              -66.90800160349237,
              10.505012028407938
            ],
            [
              -66.90973298270926,
              10.505298185708527
            ]
          ]
        ]
      },
      "properties": {
        "point_count": 2,
        "density_level": "LOW",
        "avg_speed": 19,
        "unique_vehicles": 2,
        "min_speed": 4,
        "max_speed": 34
      }
    },
    {
      "h3_index": "89674125b13ffff",
      "type": "Feature",
      "geometry": {
        "type": "Polygon",
        "coordinates": [
          [
            [
              -66.85713393628313,
              10.427267796954702
            ],
            [
              -66.8580936047056,
              10.425981200661067
            ],
            [
              -66.85732235452512,
              10.424408678182017
            ],
            [
              -66.85559144704222,
              10.424122785469875
            ],
            [
              -66.85463181001488,
              10.425409398027824
            ],
            [
              -66.8554030490746,
              10.42698188703394
            ],
            [
              -66.85713393628313,
              10.427267796954702
            ]
          ]
        ]
      },
      "properties": {
        "point_count": 1,
        "density_level": "LOW",
        "avg_speed": 63,
        "unique_vehicles": 1,
        "min_speed": 63,
        "max_speed": 63
      }
    },
    {
      "h3_index": "89674c5b54fffff",
      "type": "Feature",
      "geometry": {
        "type": "Polygon",
        "coordinates": [
          [
            [
              -66.86671430034838,
              10.401387354326912
            ],
            [
              -66.867674196822,
              10.4001000838985
            ],
            [
              -66.86690284844312,
              10.398527072967875
            ],
            [
              -66.86517161470128,
              10.398241365942198
            ],
            [
              -66.864211749619,
              10.399528652624396
            ],
            [
              -66.86498308688651,
              10.401101630078813
            ],
            [
              -66.86671430034838,
              10.401387354326912
            ]
          ]
        ]
      },
      "properties": {
        "point_count": 1,
        "density_level": "LOW",
        "avg_speed": 72,
        "unique_vehicles": 1,
        "min_speed": 72,
        "max_speed": 72
      }
    },
    {
      "h3_index": "8967412c3d7ffff",
      "type": "Feature",
      "geometry": {
        "type": "Polygon",
        "coordinates": [
          [
            [
              -66.9698823311047,
              10.429965878965548
            ],
            [
              -66.97084367597647,
              10.428678208372483
            ],
            [
              -66.97007208022112,
              10.427105025594049
            ],
            [
              -66.96833915058029,
              10.42681954680352
            ],
            [
              -66.967377836993,
              10.428107233706738
            ],
            [
              -66.96814942176134,
              10.429680383090664
            ],
            [
              -66.9698823311047,
              10.429965878965548
            ]
          ]
        ]
      },
      "properties": {
        "point_count": 1,
        "density_level": "LOW",
        "avg_speed": 23,
        "unique_vehicles": 1,
        "min_speed": 23,
        "max_speed": 23
      }
    },
    {
      "h3_index": "896741266d7ffff",
      "type": "Feature",
      "geometry": {
        "type": "Polygon",
        "coordinates": [
          [
            [
              -66.83271451424679,
              10.558936744071815
            ],
            [
              -66.83367338631912,
              10.557653339438462
            ],
            [
              -66.83290255943766,
              10.556083157333982
            ],
            [
              -66.83117287162271,
              10.555796413302065
            ],
            [
              -66.83021403094101,
              10.557079834262344
            ],
            [
              -66.8309848466829,
              10.558649982927959
            ],
            [
              -66.83271451424679,
              10.558936744071815
            ]
          ]
        ]
      },
      "properties": {
        "point_count": 1,
        "density_level": "LOW",
        "avg_speed": 35,
        "unique_vehicles": 1,
        "min_speed": 35,
        "max_speed": 35
      }
    },
    {
      "h3_index": "896741259b7ffff",
      "type": "Feature",
      "geometry": {
        "type": "Polygon",
        "coordinates": [
          [
            [
              -66.82791983535272,
              10.43255467544745
            ],
            [
              -66.82887904881227,
              10.431268491889549
            ],
            [
              -66.82810790491766,
              10.429696240679728
            ],
            [
              -66.82637755871768,
              10.429410206519055
            ],
            [
              -66.82541837668047,
              10.430696406332723
            ],
            [
              -66.82618950942022,
              10.432268624051634
            ],
            [
              -66.82791983535272,
              10.43255467544745
            ]
          ]
        ]
      },
      "properties": {
        "point_count": 1,
        "density_level": "LOW",
        "avg_speed": 120,
        "unique_vehicles": 1,
        "min_speed": 120,
        "max_speed": 120
      }
    },
    {
      "h3_index": "8967412ce7bffff",
      "type": "Feature",
      "geometry": {
        "type": "Polygon",
        "coordinates": [
          [
            [
              -66.95580385690552,
              10.404507439135616
            ],
            [
              -66.95676507498969,
              10.403219342150374
            ],
            [
              -66.95599345605555,
              10.401645825052984
            ],
            [
              -66.95426063004214,
              10.401360438355029
            ],
            [
              -66.95329944326166,
              10.402648551630916
            ],
            [
              -66.95407105119018,
              10.404222035314453
            ],
            [
              -66.95580385690552,
              10.404507439135616
            ]
          ]
        ]
      },
      "properties": {
        "point_count": 1,
        "density_level": "LOW",
        "avg_speed": 109,
        "unique_vehicles": 1,
        "min_speed": 109,
        "max_speed": 109
      }
    },
    {
      "h3_index": "8967412f503ffff",
      "type": "Feature",
      "geometry": {
        "type": "Polygon",
        "coordinates": [
          [
            [
              -66.98130238029569,
              10.495448316481934
            ],
            [
              -66.98226368112648,
              10.494161993239231
            ],
            [
              -66.98149222205076,
              10.492589827892772
            ],
            [
              -66.97975947311211,
              10.492304019151039
            ],
            [
              -66.97879820354062,
              10.49359035874415
            ],
            [
              -66.9795696516478,
              10.495162490728926
            ],
            [
              -66.98130238029569,
              10.495448316481934
            ]
          ]
        ]
      },
      "properties": {
        "point_count": 1,
        "density_level": "LOW",
        "avg_speed": 79,
        "unique_vehicles": 1,
        "min_speed": 79,
        "max_speed": 79
      }
    },
    {
      "h3_index": "89674c5b2b3ffff",
      "type": "Feature",
      "geometry": {
        "type": "Polygon",
        "coordinates": [
          [
            [
              -66.88824636727266,
              10.393373025095386
            ],
            [
              -66.88920661219304,
              10.392085359090737
            ],
            [
              -66.88843517503497,
              10.39051208040321
            ],
            [
              -66.88670350404229,
              10.390226501185147
            ],
            [
              -66.885743290494,
              10.39151418344766
            ],
            [
              -66.88651471656556,
              10.393087428670707
            ],
            [
              -66.88824636727266,
              10.393373025095386
            ]
          ]
        ]
      },
      "properties": {
        "point_count": 1,
        "density_level": "LOW",
        "avg_speed": 77,
        "unique_vehicles": 1,
        "min_speed": 77,
        "max_speed": 77
      }
    },
    {
      "h3_index": "89674121b33ffff",
      "type": "Feature",
      "geometry": {
        "type": "Polygon",
        "coordinates": [
          [
            [
              -66.97496568349894,
              10.511739043507442
            ],
            [
              -66.97592683648108,
              10.510453148095479
            ],
            [
              -66.97515543984146,
              10.508881293389155
            ],
            [
              -66.97342290119383,
              10.50859536745492
            ],
            [
              -66.97246177947372,
              10.509881279223661
            ],
            [
              -66.97323316513848,
              10.511453100570199
            ],
            [
              -66.97496568349894,
              10.511739043507442
            ]
          ]
        ]
      },
      "properties": {
        "point_count": 1,
        "density_level": "LOW",
        "avg_speed": 119,
        "unique_vehicles": 1,
        "min_speed": 119,
        "max_speed": 119
      }
    },
    {
      "h3_index": "89674125bdbffff",
      "type": "Feature",
      "geometry": {
        "type": "Polygon",
        "coordinates": [
          [
            [
              -66.86464053958005,
              10.432842910626736
            ],
            [
              -66.8656003021709,
              10.431556363138128
            ],
            [
              -66.86482904296483,
              10.429983885846697
            ],
            [
              -66.86309803227864,
              10.429697989509888
            ],
            [
              -66.86213830107442,
              10.430984553268846
            ],
            [
              -66.86290954916905,
              10.43255699709459
            ],
            [
              -66.86464053958005,
              10.432842910626736
            ]
          ]
        ]
      },
      "properties": {
        "point_count": 1,
        "density_level": "LOW",
        "avg_speed": 93,
        "unique_vehicles": 1,
        "min_speed": 93,
        "max_speed": 93
      }
    },
    {
      "h3_index": "89674120027ffff",
      "type": "Feature",
      "geometry": {
        "type": "Polygon",
        "coordinates": [
          [
            [
              -66.94981974215183,
              10.573999315759389
            ],
            [
              -66.95078031605904,
              10.572715066696041
            ],
            [
              -66.95000916115667,
              10.571144406762182
            ],
            [
              -66.94827744334644,
              10.570858029244926
            ],
            [
              -66.94731690071264,
              10.572142294688945
            ],
            [
              -66.94808804461498,
              10.573712921269877
            ],
            [
              -66.94981974215183,
              10.573999315759389
            ]
          ]
        ]
      },
      "properties": {
        "point_count": 1,
        "density_level": "LOW",
        "avg_speed": 74,
        "unique_vehicles": 1,
        "min_speed": 74,
        "max_speed": 74
      }
    },
    {
      "h3_index": "8967412e88bffff",
      "type": "Feature",
      "geometry": {
        "type": "Polygon",
        "coordinates": [
          [
            [
              -66.91082136548359,
              10.44913848523833
            ],
            [
              -66.91178176561823,
              10.44785183642856
            ],
            [
              -66.911010404194,
              10.446279340050205
            ],
            [
              -66.90927865369004,
              10.445993525909783
            ],
            [
              -66.90831828489355,
              10.447280191017006
            ],
            [
              -66.90908963526218,
              10.448852653967538
            ],
            [
              -66.91082136548359,
              10.44913848523833
            ]
          ]
        ]
      },
      "properties": {
        "point_count": 1,
        "density_level": "LOW",
        "avg_speed": 112,
        "unique_vehicles": 1,
        "min_speed": 112,
        "max_speed": 112
      }
    },
    {
      "h3_index": "8967412589bffff",
      "type": "Feature",
      "geometry": {
        "type": "Polygon",
        "coordinates": [
          [
            [
              -66.85543835488052,
              10.452994723442803
            ],
            [
              -66.85639791379938,
              10.451708718830737
            ],
            [
              -66.85562673656896,
              10.450136633252976
            ],
            [
              -66.85389601153979,
              10.4498505857519
            ],
            [
              -66.85293648401219,
              10.451136606641796
            ],
            [
              -66.85370765012179,
              10.452708658755276
            ],
            [
              -66.85543835488052,
              10.452994723442803
            ]
          ]
        ]
      },
      "properties": {
        "point_count": 1,
        "density_level": "LOW",
        "avg_speed": 31,
        "unique_vehicles": 1,
        "min_speed": 31,
        "max_speed": 31
      }
    },
    {
      "h3_index": "8967412522fffff",
      "type": "Feature",
      "geometry": {
        "type": "Polygon",
        "coordinates": [
          [
            [
              -66.90392564622098,
              10.47400767349628
            ],
            [
              -66.90488586190916,
              10.47272164966428
            ],
            [
              -66.90411458742486,
              10.471149609221603
            ],
            [
              -66.90238310831354,
              10.47086362603429
            ],
            [
              -66.90142292396494,
              10.472149666174664
            ],
            [
              -66.90219418738738,
              10.473721673194307
            ],
            [
              -66.90392564622098,
              10.47400767349628
            ]
          ]
        ]
      },
      "properties": {
        "point_count": 1,
        "density_level": "LOW",
        "avg_speed": 71,
        "unique_vehicles": 1,
        "min_speed": 71,
        "max_speed": 71
      }
    },
    {
      "h3_index": "8967412ec2fffff",
      "type": "Feature",
      "geometry": {
        "type": "Polygon",
        "coordinates": [
          [
            [
              -66.90524832018137,
              10.453998821004237
            ],
            [
              -66.90620862110372,
              10.452712336846488
            ],
            [
              -66.90543728989753,
              10.451139955942708
            ],
            [
              -66.90370566883013,
              10.45085409262682
            ],
            [
              -66.90274539925036,
              10.452140593082508
            ],
            [
              -66.90351671939473,
              10.453712940556482
            ],
            [
              -66.90524832018137,
              10.453998821004237
            ]
          ]
        ]
      },
      "properties": {
        "point_count": 1,
        "density_level": "LOW",
        "avg_speed": 5,
        "unique_vehicles": 1,
        "min_speed": 5,
        "max_speed": 5
      }
    },
    {
      "h3_index": "896741245bbffff",
      "type": "Feature",
      "geometry": {
        "type": "Polygon",
        "coordinates": [
          [
            [
              -66.8103404005907,
              10.500401954809709
            ],
            [
              -66.81129912872149,
              10.499117465601126
            ],
            [
              -66.81052821894103,
              10.497546449991903
            ],
            [
              -66.80879859219951,
              10.497259957068444
            ],
            [
              -66.80783989549356,
              10.498544462563252
            ],
            [
              -66.8086107941036,
              10.500115444695618
            ],
            [
              -66.8103404005907,
              10.500401954809709
            ]
          ]
        ]
      },
      "properties": {
        "point_count": 1,
        "density_level": "LOW",
        "avg_speed": 73,
        "unique_vehicles": 1,
        "min_speed": 73,
        "max_speed": 73
      }
    },
    {
      "h3_index": "89674134a6bffff",
      "type": "Feature",
      "geometry": {
        "type": "Polygon",
        "coordinates": [
          [
            [
              -66.81620932176307,
              10.570621157997017
            ],
            [
              -66.81716790826515,
              10.569338182206463
            ],
            [
              -66.81639716446638,
              10.567768298222298
            ],
            [
              -66.81466784532299,
              10.56748142347456
            ],
            [
              -66.813709290225,
              10.568764415591977
            ],
            [
              -66.81448002286561,
              10.570334266130597
            ],
            [
              -66.81620932176307,
              10.570621157997017
            ]
          ]
        ]
      },
      "properties": {
        "point_count": 1,
        "density_level": "LOW",
        "avg_speed": 120,
        "unique_vehicles": 1,
        "min_speed": 120,
        "max_speed": 120
      }
    },
    {
      "h3_index": "896741270d3ffff",
      "type": "Feature",
      "geometry": {
        "type": "Polygon",
        "coordinates": [
          [
            [
              -66.87286521120357,
              10.546834679618382
            ],
            [
              -66.8738247240382,
              10.545550598212623
            ],
            [
              -66.87305373853407,
              10.543979963449567
            ],
            [
              -66.87132325128772,
              10.543693443508786
            ],
            [
              -66.87036376980733,
              10.544977541250516
            ],
            [
              -66.87113474421837,
              10.54654814259738
            ],
            [
              -66.87286521120357,
              10.546834679618382
            ]
          ]
        ]
      },
      "properties": {
        "point_count": 1,
        "density_level": "LOW",
        "avg_speed": 35,
        "unique_vehicles": 1,
        "min_speed": 35,
        "max_speed": 35
      }
    },
    {
      "h3_index": "8967412644bffff",
      "type": "Feature",
      "geometry": {
        "type": "Polygon",
        "coordinates": [
          [
            [
              -66.82233695448862,
              10.557216101989358
            ],
            [
              -66.82329567668208,
              10.555932763745156
            ],
            [
              -66.8225248781781,
              10.554362617954995
            ],
            [
              -66.8207953686319,
              10.554075843855987
            ],
            [
              -66.81983667783949,
              10.555359198422142
            ],
            [
              -66.82060746519151,
              10.556929310765685
            ],
            [
              -66.82233695448862,
              10.557216101989358
            ]
          ]
        ]
      },
      "properties": {
        "point_count": 1,
        "density_level": "LOW",
        "avg_speed": 20,
        "unique_vehicles": 1,
        "min_speed": 20,
        "max_speed": 20
      }
    },
    {
      "h3_index": "8967412c3c3ffff",
      "type": "Feature",
      "geometry": {
        "type": "Polygon",
        "coordinates": [
          [
            [
              -66.97257663978256,
              10.428963688224297
            ],
            [
              -66.9735380281307,
              10.427675968215649
            ],
            [
              -66.97276642139147,
              10.426102752044166
            ],
            [
              -66.97103343728725,
              10.425817289274724
            ],
            [
              -66.97007208022112,
              10.427105025594049
            ],
            [
              -66.97084367597647,
              10.428678208372483
            ],
            [
              -66.97257663978256,
              10.428963688224297
            ]
          ]
        ]
      },
      "properties": {
        "point_count": 1,
        "density_level": "LOW",
        "avg_speed": 114,
        "unique_vehicles": 1,
        "min_speed": 114,
        "max_speed": 114
      }
    },
    {
      "h3_index": "8967412c01bffff",
      "type": "Feature",
      "geometry": {
        "type": "Polygon",
        "coordinates": [
          [
            [
              -66.9689336468812,
              10.444268430059571
            ],
            [
              -66.96989493078533,
              10.442981088135813
            ],
            [
              -66.9691233755452,
              10.441408148634205
            ],
            [
              -66.96739054738728,
              10.441122584446422
            ],
            [
              -66.96642929476549,
              10.442409942687807
            ],
            [
              -66.96720083901856,
              10.443982848799688
            ],
            [
              -66.9689336468812,
              10.444268430059571
            ]
          ]
        ]
      },
      "properties": {
        "point_count": 1,
        "density_level": "LOW",
        "avg_speed": 106,
        "unique_vehicles": 1,
        "min_speed": 106,
        "max_speed": 106
      }
    },
    {
      "h3_index": "8967412e6a7ffff",
      "type": "Feature",
      "geometry": {
        "type": "Polygon",
        "coordinates": [
          [
            [
              -66.95205289123642,
              10.50073437202325
            ],
            [
              -66.9530137383884,
              10.499448461047546
            ],
            [
              -66.9522423839389,
              10.497876565246223
            ],
            [
              -66.95051019333953,
              10.497590613800696
            ],
            [
              -66.94954937747437,
              10.49887654111823
            ],
            [
              -66.95032072092101,
              10.500448403539803
            ],
            [
              -66.95205289123642,
              10.50073437202325
            ]
          ]
        ]
      },
      "properties": {
        "point_count": 1,
        "density_level": "LOW",
        "avg_speed": 40,
        "unique_vehicles": 1,
        "min_speed": 40,
        "max_speed": 40
      }
    },
    {
      "h3_index": "8967412debbffff",
      "type": "Feature",
      "geometry": {
        "type": "Polygon",
        "coordinates": [
          [
            [
              -67.00009544398868,
              10.410352546565717
            ],
            [
              -67.00105730361294,
              10.409064135349263
            ],
            [
              -67.00028556289618,
              10.407490439390815
            ],
            [
              -66.99855197350703,
              10.407205188030268
            ],
            [
              -66.99759014514173,
              10.408493615558044
            ],
            [
              -66.99836187490591,
              10.410067278135376
            ],
            [
              -67.00009544398868,
              10.410352546565717
            ]
          ]
        ]
      },
      "properties": {
        "point_count": 1,
        "density_level": "LOW",
        "avg_speed": 58,
        "unique_vehicles": 1,
        "min_speed": 58,
        "max_speed": 58
      }
    },
    {
      "h3_index": "8967412c893ffff",
      "type": "Feature",
      "geometry": {
        "type": "Polygon",
        "coordinates": [
          [
            [
              -66.92943629992332,
              10.405948232786711
            ],
            [
              -66.93039711952731,
              10.404660432884018
            ],
            [
              -66.92962558647328,
              10.403087104295095
            ],
            [
              -66.92789324485136,
              10.402801609040644
            ],
            [
              -66.9269324565766,
              10.404089425224372
            ],
            [
              -66.92770397859381,
              10.405662720381853
            ],
            [
              -66.92943629992332,
              10.405948232786711
            ]
          ]
        ]
      },
      "properties": {
        "point_count": 1,
        "density_level": "LOW",
        "avg_speed": 30,
        "unique_vehicles": 1,
        "min_speed": 30,
        "max_speed": 30
      }
    },
    {
      "h3_index": "89674124ecfffff",
      "type": "Feature",
      "geometry": {
        "type": "Polygon",
        "coordinates": [
          [
            [
              -66.8233501911057,
              10.462131991509203
            ],
            [
              -66.82430923939272,
              10.460846514938652
            ],
            [
              -66.82353818771153,
              10.459274782475573
            ],
            [
              -66.82180809890063,
              10.458988560066082
            ],
            [
              -66.82084908203406,
              10.460274052906913
            ],
            [
              -66.82162012255725,
              10.461845751887278
            ],
            [
              -66.8233501911057,
              10.462131991509203
            ]
          ]
        ]
      },
      "properties": {
        "point_count": 1,
        "density_level": "LOW",
        "avg_speed": 62,
        "unique_vehicles": 1,
        "min_speed": 62,
        "max_speed": 62
      }
    },
    {
      "h3_index": "8967412c557ffff",
      "type": "Feature",
      "geometry": {
        "type": "Polygon",
        "coordinates": [
          [
            [
              -66.95277082636606,
              10.450277715623411
            ],
            [
              -66.9537318493967,
              10.4489906702565
            ],
            [
              -66.9529603601258,
              10.447417931115423
            ],
            [
              -66.95122785882933,
              10.447132270740179
            ],
            [
              -66.95026686709556,
              10.448419332421668
            ],
            [
              -66.9510383453607,
              10.449992038164156
            ],
            [
              -66.95277082636606,
              10.450277715623411
            ]
          ]
        ]
      },
      "properties": {
        "point_count": 1,
        "density_level": "LOW",
        "avg_speed": 16,
        "unique_vehicles": 1,
        "min_speed": 16,
        "max_speed": 16
      }
    },
    {
      "h3_index": "89674124437ffff",
      "type": "Feature",
      "geometry": {
        "type": "Polygon",
        "coordinates": [
          [
            [
              -66.82572020059999,
              10.505835867509523
            ],
            [
              -66.82667914152894,
              10.504551344453695
            ],
            [
              -66.82590819720266,
              10.502980322500003
            ],
            [
              -66.82417832309861,
              10.502693857066742
            ],
            [
              -66.82321941357843,
              10.503978396417773
            ],
            [
              -66.82399034675282,
              10.5055493849072
            ],
            [
              -66.82572020059999,
              10.505835867509523
            ]
          ]
        ]
      },
      "properties": {
        "point_count": 1,
        "density_level": "LOW",
        "avg_speed": 119,
        "unique_vehicles": 1,
        "min_speed": 119,
        "max_speed": 119
      }
    },
    {
      "h3_index": "89674124627ffff",
      "type": "Feature",
      "geometry": {
        "type": "Polygon",
        "coordinates": [
          [
            [
              -66.84473243394697,
              10.495991969932364
            ],
            [
              -66.84569169192736,
              10.494707034588329
            ],
            [
              -66.84492066152204,
              10.49313572978956
            ],
            [
              -66.84319038426585,
              10.492849393790264
            ],
            [
              -66.84223115767793,
              10.494134345431553
            ],
            [
              -66.84300217695306,
              10.495705616775206
            ],
            [
              -66.84473243394697,
              10.495991969932364
            ]
          ]
        ]
      },
      "properties": {
        "point_count": 1,
        "density_level": "LOW",
        "avg_speed": 20,
        "unique_vehicles": 1,
        "min_speed": 20,
        "max_speed": 20
      }
    },
    {
      "h3_index": "89674121c93ffff",
      "type": "Feature",
      "geometry": {
        "type": "Polygon",
        "coordinates": [
          [
            [
              -66.97405419874394,
              10.565016118357239
            ],
            [
              -66.97501516362823,
              10.563731424107655
            ],
            [
              -66.974243909866,
              10.562160464063052
            ],
            [
              -66.97251170219074,
              10.561874231608154
            ],
            [
              -66.97155076855807,
              10.563158942243
            ],
            [
              -66.97232201134834,
              10.564729868947808
            ],
            [
              -66.97405419874394,
              10.565016118357239
            ]
          ]
        ]
      },
      "properties": {
        "point_count": 1,
        "density_level": "LOW",
        "avg_speed": 80,
        "unique_vehicles": 1,
        "min_speed": 80,
        "max_speed": 80
      }
    },
    {
      "h3_index": "89674125d83ffff",
      "type": "Feature",
      "geometry": {
        "type": "Polygon",
        "coordinates": [
          [
            [
              -66.83410746717779,
              10.458134586671644
            ],
            [
              -66.83506668975768,
              10.456848912145812
            ],
            [
              -66.83429559347553,
              10.455277045766412
            ],
            [
              -66.83256528575836,
              10.45499088739008
            ],
            [
              -66.83160609458933,
              10.456276578188195
            ],
            [
              -66.83237717972591,
              10.4578484110907
            ],
            [
              -66.83410746717779,
              10.458134586671644
            ]
          ]
        ]
      },
      "properties": {
        "point_count": 1,
        "density_level": "LOW",
        "avg_speed": 59,
        "unique_vehicles": 1,
        "min_speed": 59,
        "max_speed": 59
      }
    },
    {
      "h3_index": "8967412462fffff",
      "type": "Feature",
      "geometry": {
        "type": "Polygon",
        "coordinates": [
          [
            [
              -66.8474220036007,
              10.494993371706178
            ],
            [
              -66.848381305131,
              10.493708386869708
            ],
            [
              -66.84761026359863,
              10.492137048617298
            ],
            [
              -66.8458799316623,
              10.491850728655349
            ],
            [
              -66.84492066152204,
              10.49313572978956
            ],
            [
              -66.84569169192736,
              10.494707034588329
            ],
            [
              -66.8474220036007,
              10.494993371706178
            ]
          ]
        ]
      },
      "properties": {
        "point_count": 1,
        "density_level": "LOW",
        "avg_speed": 6,
        "unique_vehicles": 1,
        "min_speed": 6,
        "max_speed": 6
      }
    },
    {
      "h3_index": "8967412d9cbffff",
      "type": "Feature",
      "geometry": {
        "type": "Polygon",
        "coordinates": [
          [
            [
              -66.97792881628021,
              10.387896761621368
            ],
            [
              -66.97889041886955,
              10.38660807229034
            ],
            [
              -66.9781186876869,
              10.38503414218779
            ],
            [
              -66.97638536489475,
              10.384748934821463
            ],
            [
              -66.97542379359092,
              10.38603764044272
            ],
            [
              -66.976195513793,
              10.387611537140405
            ],
            [
              -66.97792881628021,
              10.387896761621368
            ]
          ]
        ]
      },
      "properties": {
        "point_count": 1,
        "density_level": "LOW",
        "avg_speed": 48,
        "unique_vehicles": 1,
        "min_speed": 48,
        "max_speed": 48
      }
    },
    {
      "h3_index": "89674c5a613ffff",
      "type": "Feature",
      "geometry": {
        "type": "Polygon",
        "coordinates": [
          [
            [
              -66.8396198387372,
              10.414258714615103
            ],
            [
              -66.84057928733444,
              10.412972004513417
            ],
            [
              -66.83980805831654,
              10.411399376888903
            ],
            [
              -66.8380773918431,
              10.411113492856275
            ],
            [
              -66.83711797466077,
              10.412400219208209
            ],
            [
              -66.83788919253625,
              10.413972813342857
            ],
            [
              -66.8396198387372,
              10.414258714615103
            ]
          ]
        ]
      },
      "properties": {
        "point_count": 1,
        "density_level": "LOW",
        "avg_speed": 113,
        "unique_vehicles": 1,
        "min_speed": 113,
        "max_speed": 113
      }
    },
    {
      "h3_index": "8967412604fffff",
      "type": "Feature",
      "geometry": {
        "type": "Polygon",
        "coordinates": [
          [
            [
              -66.8211520302575,
              10.53538218366483
            ],
            [
              -66.8221108060999,
              10.534098368254574
            ],
            [
              -66.82133995394408,
              10.532527866316078
            ],
            [
              -66.81961033710012,
              10.532241213244106
            ],
            [
              -66.81865159266458,
              10.533525044963937
            ],
            [
              -66.81942243366541,
              10.535095513446503
            ],
            [
              -66.8211520302575,
              10.53538218366483
            ]
          ]
        ]
      },
      "properties": {
        "point_count": 1,
        "density_level": "LOW",
        "avg_speed": 85,
        "unique_vehicles": 1,
        "min_speed": 85,
        "max_speed": 85
      }
    },
    {
      "h3_index": "8967412403bffff",
      "type": "Feature",
      "geometry": {
        "type": "Polygon",
        "coordinates": [
          [
            [
              -66.83222642721961,
              10.486703707056144
            ],
            [
              -66.83318552820947,
              10.485418690245867
            ],
            [
              -66.83241451297032,
              10.483847309656568
            ],
            [
              -66.83068440788624,
              10.48356097934511
            ],
            [
              -66.82972533830295,
              10.48484601244264
            ],
            [
              -66.83049634239646,
              10.48641735956472
            ],
            [
              -66.83222642721961,
              10.486703707056144
            ]
          ]
        ]
      },
      "properties": {
        "point_count": 1,
        "density_level": "LOW",
        "avg_speed": 31,
        "unique_vehicles": 1,
        "min_speed": 31,
        "max_speed": 31
      }
    },
    {
      "h3_index": "89674c5a02bffff",
      "type": "Feature",
      "geometry": {
        "type": "Polygon",
        "coordinates": [
          [
            [
              -66.82016996614342,
              10.390811263491567
            ],
            [
              -66.82112919982927,
              10.389524226330078
            ],
            [
              -66.82035797084676,
              10.387951333763448
            ],
            [
              -66.81862751934484,
              10.387665511870688
            ],
            [
              -66.81766831709778,
              10.388952565261784
            ],
            [
              -66.81843953491314,
              10.390525424316362
            ],
            [
              -66.82016996614342,
              10.390811263491567
            ]
          ]
        ]
      },
      "properties": {
        "point_count": 1,
        "density_level": "LOW",
        "avg_speed": 19,
        "unique_vehicles": 1,
        "min_speed": 19,
        "max_speed": 19
      }
    },
    {
      "h3_index": "89674125293ffff",
      "type": "Feature",
      "geometry": {
        "type": "Polygon",
        "coordinates": [
          [
            [
              -66.90529467376014,
              10.493011459620329
            ],
            [
              -66.90625484773561,
              10.49172584676987
            ],
            [
              -66.90548361890684,
              10.490154113616047
            ],
            [
              -66.9037522271607,
              10.489868026727839
            ],
            [
              -66.9027920845194,
              10.491153655897614
            ],
            [
              -66.90356330228936,
              10.492725355636617
            ],
            [
              -66.90529467376014,
              10.493011459620329
            ]
          ]
        ]
      },
      "properties": {
        "point_count": 1,
        "density_level": "LOW",
        "avg_speed": 31,
        "unique_vehicles": 1,
        "min_speed": 31,
        "max_speed": 31
      }
    },
    {
      "h3_index": "896741250cfffff",
      "type": "Feature",
      "geometry": {
        "type": "Polygon",
        "coordinates": [
          [
            [
              -66.89471806986157,
              10.49415188963348
            ],
            [
              -66.89567808196746,
              10.492866408869045
            ],
            [
              -66.89490688929102,
              10.491294760699363
            ],
            [
              -66.89317569557927,
              10.49100862671605
            ],
            [
              -66.89221571481765,
              10.492294123796286
            ],
            [
              -66.89298689642283,
              10.493865738544349
            ],
            [
              -66.89471806986157,
              10.49415188963348
            ]
          ]
        ]
      },
      "properties": {
        "point_count": 1,
        "density_level": "LOW",
        "avg_speed": 27,
        "unique_vehicles": 1,
        "min_speed": 27,
        "max_speed": 27
      }
    },
    {
      "h3_index": "89674121cb3ffff",
      "type": "Feature",
      "geometry": {
        "type": "Polygon",
        "coordinates": [
          [
            [
              -66.96923702975272,
              10.558446033273547
            ],
            [
              -66.97019794431422,
              10.557161240414944
            ],
            [
              -66.96942668821066,
              10.55559020040977
            ],
            [
              -66.96769452852307,
              10.555303986609191
            ],
            [
              -66.96673364521928,
              10.556588795847624
            ],
            [
              -66.96750489034467,
              10.558159802507147
            ],
            [
              -66.96923702975272,
              10.558446033273547
            ]
          ]
        ]
      },
      "properties": {
        "point_count": 2,
        "density_level": "LOW",
        "avg_speed": 4.5,
        "unique_vehicles": 2,
        "min_speed": 1,
        "max_speed": 8
      }
    },
    {
      "h3_index": "89674124ebbffff",
      "type": "Feature",
      "geometry": {
        "type": "Polygon",
        "coordinates": [
          [
            [
              -66.81297022592364,
              10.46041447976139
            ],
            [
              -66.81392912420087,
              10.4591290696409
            ],
            [
              -66.81315810095971,
              10.457557374034266
            ],
            [
              -66.81142819061095,
              10.4572711220389
            ],
            [
              -66.81046932376455,
              10.45855654842465
            ],
            [
              -66.81124033583536,
              10.460128210540825
            ],
            [
              -66.81297022592364,
              10.46041447976139
            ]
          ]
        ]
      },
      "properties": {
        "point_count": 1,
        "density_level": "LOW",
        "avg_speed": 109,
        "unique_vehicles": 1,
        "min_speed": 109,
        "max_speed": 109
      }
    },
    {
      "h3_index": "8967412f15bffff",
      "type": "Feature",
      "geometry": {
        "type": "Polygon",
        "coordinates": [
          [
            [
              -66.99302920243537,
              10.477150625060322
            ],
            [
              -66.99399073802422,
              10.475863775229534
            ],
            [
              -66.9932191946062,
              10.474291232630351
            ],
            [
              -66.9914861265546,
              10.474005573222904
            ],
            [
              -66.99052462221742,
              10.475292439398746
            ],
            [
              -66.99129615467946,
              10.47686494863731
            ],
            [
              -66.99302920243537,
              10.477150625060322
            ]
          ]
        ]
      },
      "properties": {
        "point_count": 2,
        "density_level": "LOW",
        "avg_speed": 88.5,
        "unique_vehicles": 2,
        "min_speed": 70,
        "max_speed": 107
      }
    },
    {
      "h3_index": "89674c5b677ffff",
      "type": "Feature",
      "geometry": {
        "type": "Polygon",
        "coordinates": [
          [
            [
              -66.8953780478716,
              10.404670826040904
            ],
            [
              -66.8963383625325,
              10.403383340235543
            ],
            [
              -66.89556693266853,
              10.401810203704411
            ],
            [
              -66.89383519922016,
              10.401524586434277
            ],
            [
              -66.892874915922,
              10.40281208850653
            ],
            [
              -66.89364633470875,
              10.404385191582357
            ],
            [
              -66.8953780478716,
              10.404670826040904
            ]
          ]
        ]
      },
      "properties": {
        "point_count": 1,
        "density_level": "LOW",
        "avg_speed": 119,
        "unique_vehicles": 1,
        "min_speed": 119,
        "max_speed": 119
      }
    },
    {
      "h3_index": "89674135aafffff",
      "type": "Feature",
      "geometry": {
        "type": "Polygon",
        "coordinates": [
          [
            [
              -66.85790973530368,
              10.574651784900135
            ],
            [
              -66.85886893328326,
              10.573368477785507
            ],
            [
              -66.85809806806535,
              10.571798400262946
            ],
            [
              -66.8563680159758,
              10.571511663270877
            ],
            [
              -66.85540884935907,
              10.572794986730765
            ],
            [
              -66.85617970346831,
              10.574365030837782
            ],
            [
              -66.85790973530368,
              10.574651784900135
            ]
          ]
        ]
      },
      "properties": {
        "point_count": 1,
        "density_level": "LOW",
        "avg_speed": 62,
        "unique_vehicles": 1,
        "min_speed": 62,
        "max_speed": 62
      }
    },
    {
      "h3_index": "896741262b7ffff",
      "type": "Feature",
      "geometry": {
        "type": "Polygon",
        "coordinates": [
          [
            [
              -66.82133995394408,
              10.532527866316078
            ],
            [
              -66.82229874193763,
              10.531243985080744
            ],
            [
              -66.82152788168062,
              10.529673434465009
            ],
            [
              -66.81979824458438,
              10.529386798541843
            ],
            [
              -66.81883948799813,
              10.53067069608527
            ],
            [
              -66.81961033710012,
              10.532241213244106
            ],
            [
              -66.82133995394408,
              10.532527866316078
            ]
          ]
        ]
      },
      "properties": {
        "point_count": 1,
        "density_level": "LOW",
        "avg_speed": 19,
        "unique_vehicles": 1,
        "min_speed": 19,
        "max_speed": 19
      }
    },
    {
      "h3_index": "89674124033ffff",
      "type": "Feature",
      "geometry": {
        "type": "Polygon",
        "coordinates": [
          [
            [
              -66.82953728497019,
              10.487702326878553
            ],
            [
              -66.83049634239646,
              10.48641735956472
            ],
            [
              -66.82972533830295,
              10.48484601244264
            ],
            [
              -66.82799528793123,
              10.484559666103378
            ],
            [
              -66.82703626191392,
              10.485844649703964
            ],
            [
              -66.82780725485868,
              10.487415963357384
            ],
            [
              -66.82953728497019,
              10.487702326878553
            ]
          ]
        ]
      },
      "properties": {
        "point_count": 1,
        "density_level": "LOW",
        "avg_speed": 93,
        "unique_vehicles": 1,
        "min_speed": 93,
        "max_speed": 93
      }
    },
    {
      "h3_index": "89674c5a5cfffff",
      "type": "Feature",
      "geometry": {
        "type": "Polygon",
        "coordinates": [
          [
            [
              -66.80847275702183,
              10.409111741844542
            ],
            [
              -66.80943175549787,
              10.407825231132877
            ],
            [
              -66.80866061174626,
              10.40625271475751
            ],
            [
              -66.80693048069745,
              10.405966742607257
            ],
            [
              -66.80597151366759,
              10.407253269554063
            ],
            [
              -66.80674264623963,
              10.408825752416318
            ],
            [
              -66.80847275702183,
              10.409111741844542
            ]
          ]
        ]
      },
      "properties": {
        "point_count": 1,
        "density_level": "LOW",
        "avg_speed": 37,
        "unique_vehicles": 1,
        "min_speed": 37,
        "max_speed": 37
      }
    },
    {
      "h3_index": "8967412019bffff",
      "type": "Feature",
      "geometry": {
        "type": "Polygon",
        "coordinates": [
          [
            [
              -66.93905141763459,
              10.577990142592267
            ],
            [
              -66.94001181772953,
              10.57670609142835
            ],
            [
              -66.93924070684592,
              10.57513556491496
            ],
            [
              -66.93750920687914,
              10.574849122924558
            ],
            [
              -66.9365488380673,
              10.576133190467113
            ],
            [
              -66.93731993793843,
              10.577703683621735
            ],
            [
              -66.93905141763459,
              10.577990142592267
            ]
          ]
        ]
      },
      "properties": {
        "point_count": 1,
        "density_level": "LOW",
        "avg_speed": 95,
        "unique_vehicles": 1,
        "min_speed": 95,
        "max_speed": 95
      }
    },
    {
      "h3_index": "896741203bbffff",
      "type": "Feature",
      "geometry": {
        "type": "Polygon",
        "coordinates": [
          [
            [
              -66.95308043466167,
              10.564436125420631
            ],
            [
              -66.95404108855394,
              10.563151629339542
            ],
            [
              -66.95326989836614,
              10.561580789430229
            ],
            [
              -66.9515380652822,
              10.561294478956755
            ],
            [
              -66.95057744266218,
              10.56257899141462
            ],
            [
              -66.95134862185313,
              10.564149797969515
            ],
            [
              -66.95308043466167,
              10.564436125420631
            ]
          ]
        ]
      },
      "properties": {
        "point_count": 1,
        "density_level": "LOW",
        "avg_speed": 91,
        "unique_vehicles": 1,
        "min_speed": 91,
        "max_speed": 91
      }
    },
    {
      "h3_index": "8967412ead3ffff",
      "type": "Feature",
      "geometry": {
        "type": "Polygon",
        "coordinates": [
          [
            [
              -66.93467591054059,
              10.445848065166654
            ],
            [
              -66.93563667787748,
              10.444561102858728
            ],
            [
              -66.93486523330019,
              10.442988402956962
            ],
            [
              -66.93313303241288,
              10.442702698776158
            ],
            [
              -66.93217229639156,
              10.4439896773891
            ],
            [
              -66.93294372994127,
              10.44556234387817
            ],
            [
              -66.93467591054059,
              10.445848065166654
            ]
          ]
        ]
      },
      "properties": {
        "point_count": 1,
        "density_level": "LOW",
        "avg_speed": 15,
        "unique_vehicles": 1,
        "min_speed": 15,
        "max_speed": 15
      }
    },
    {
      "h3_index": "89674c5b60bffff",
      "type": "Feature",
      "geometry": {
        "type": "Polygon",
        "coordinates": [
          [
            [
              -66.897692308006,
              10.409390026460125
            ],
            [
              -66.8986526418474,
              10.40810262263582
            ],
            [
              -66.89788121712222,
              10.406529549704056
            ],
            [
              -66.89614946962905,
              10.406243914048876
            ],
            [
              -66.8951891671471,
              10.407531334143613
            ],
            [
              -66.89596058079816,
              10.409104373623437
            ],
            [
              -66.897692308006,
              10.409390026460125
            ]
          ]
        ]
      },
      "properties": {
        "point_count": 1,
        "density_level": "LOW",
        "avg_speed": 102,
        "unique_vehicles": 1,
        "min_speed": 102,
        "max_speed": 102
      }
    },
    {
      "h3_index": "8967412ca73ffff",
      "type": "Feature",
      "geometry": {
        "type": "Polygon",
        "coordinates": [
          [
            [
              -66.9544369290553,
              10.385476964393742
            ],
            [
              -66.95539818899688,
              10.384188456937098
            ],
            [
              -66.95462652432829,
              10.382614633305401
            ],
            [
              -66.9528936107261,
              10.382329350552636
            ],
            [
              -66.95193238209362,
              10.383617874288904
            ],
            [
              -66.95270403575351,
              10.385191664498649
            ],
            [
              -66.9544369290553,
              10.385476964393742
            ]
          ]
        ]
      },
      "properties": {
        "point_count": 1,
        "density_level": "LOW",
        "avg_speed": 27,
        "unique_vehicles": 1,
        "min_speed": 27,
        "max_speed": 27
      }
    },
    {
      "h3_index": "89674121e97ffff",
      "type": "Feature",
      "geometry": {
        "type": "Polygon",
        "coordinates": [
          [
            [
              -66.99040481214357,
              10.556168217942028
            ],
            [
              -66.99136604978997,
              10.554883161131828
            ],
            [
              -66.9905947221657,
              10.553311952185883
            ],
            [
              -66.9888621678475,
              10.553025833382467
            ],
            [
              -66.98790096143851,
              10.554310906579545
            ],
            [
              -66.98867227810958,
              10.555882082193495
            ],
            [
              -66.99040481214357,
              10.556168217942028
            ]
          ]
        ]
      },
      "properties": {
        "point_count": 1,
        "density_level": "LOW",
        "avg_speed": 84,
        "unique_vehicles": 1,
        "min_speed": 84,
        "max_speed": 84
      }
    },
    {
      "h3_index": "8967412ce9bffff",
      "type": "Feature",
      "geometry": {
        "type": "Polygon",
        "coordinates": [
          [
            [
              -66.94965789848317,
              10.417957311904782
            ],
            [
              -66.95061898080867,
              10.416669576603367
            ],
            [
              -66.94984741630846,
              10.415096320697169
            ],
            [
              -66.94811478049395,
              10.414810833505697
            ],
            [
              -66.94715372947527,
              10.416098585102725
            ],
            [
              -66.94792528296357,
              10.417671807595932
            ],
            [
              -66.94965789848317,
              10.417957311904782
            ]
          ]
        ]
      },
      "properties": {
        "point_count": 1,
        "density_level": "LOW",
        "avg_speed": 56,
        "unique_vehicles": 1,
        "min_speed": 56,
        "max_speed": 56
      }
    },
    {
      "h3_index": "8967412568bffff",
      "type": "Feature",
      "geometry": {
        "type": "Polygon",
        "coordinates": [
          [
            [
              -66.90685249372163,
              10.509154103659176
            ],
            [
              -66.90781263815951,
              10.507868836098423
            ],
            [
              -66.90704144688125,
              10.50629736176734
            ],
            [
              -66.90531012222016,
              10.506011188404875
            ],
            [
              -66.90435000911151,
              10.507296472294366
            ],
            [
              -66.905121189334,
              10.508867913217927
            ],
            [
              -66.90685249372163,
              10.509154103659176
            ]
          ]
        ]
      },
      "properties": {
        "point_count": 1,
        "density_level": "LOW",
        "avg_speed": 60,
        "unique_vehicles": 1,
        "min_speed": 60,
        "max_speed": 60
      }
    },
    {
      "h3_index": "89674121d0bffff",
      "type": "Feature",
      "geometry": {
        "type": "Polygon",
        "coordinates": [
          [
            [
              -66.96248530507617,
              10.541449874737948
            ],
            [
              -66.96344617458678,
              10.540164769426164
            ],
            [
              -66.96267489474863,
              10.538593487491
            ],
            [
              -66.96094275638659,
              10.53830734422485
            ],
            [
              -66.95998191814391,
              10.539592465904649
            ],
            [
              -66.96075318699462,
              10.541163714482924
            ],
            [
              -66.96248530507617,
              10.541449874737948
            ]
          ]
        ]
      },
      "properties": {
        "point_count": 1,
        "density_level": "LOW",
        "avg_speed": 66,
        "unique_vehicles": 1,
        "min_speed": 66,
        "max_speed": 66
      }
    },
    {
      "h3_index": "8967412e12fffff",
      "type": "Feature",
      "geometry": {
        "type": "Polygon",
        "coordinates": [
          [
            [
              -66.92276980937635,
              10.467006021120344
            ],
            [
              -66.92373032961716,
              10.465719651104191
            ],
            [
              -66.92295897778679,
              10.464147376741142
            ],
            [
              -66.92122711675503,
              10.463861505807376
            ],
            [
              -66.92026662783694,
              10.465147892135482
            ],
            [
              -66.92103796862718,
              10.46672013308572
            ],
            [
              -66.92276980937635,
              10.467006021120344
            ]
          ]
        ]
      },
      "properties": {
        "point_count": 1,
        "density_level": "LOW",
        "avg_speed": 1,
        "unique_vehicles": 1,
        "min_speed": 1,
        "max_speed": 1
      }
    },
    {
      "h3_index": "896741260afffff",
      "type": "Feature",
      "geometry": {
        "type": "Polygon",
        "coordinates": [
          [
            [
              -66.80539899386143,
              10.53565602055935
            ],
            [
              -66.80635753262905,
              10.534372370610633
            ],
            [
              -66.80558673124712,
              10.532801972091537
            ],
            [
              -66.80385740227041,
              10.532515256988036
            ],
            [
              -66.80289889492484,
              10.53379892324034
            ],
            [
              -66.8036696851332,
              10.535369288292891
            ],
            [
              -66.80539899386143,
              10.53565602055935
            ]
          ]
        ]
      },
      "properties": {
        "point_count": 1,
        "density_level": "LOW",
        "avg_speed": 43,
        "unique_vehicles": 1,
        "min_speed": 43,
        "max_speed": 43
      }
    },
    {
      "h3_index": "8967412e5b7ffff",
      "type": "Feature",
      "geometry": {
        "type": "Polygon",
        "coordinates": [
          [
            [
              -66.91549446175021,
              10.497585312439655
            ],
            [
              -66.91645477320999,
              10.496299699095687
            ],
            [
              -66.91568352448074,
              10.494727978401775
            ],
            [
              -66.91395197533741,
              10.494441904458222
            ],
            [
              -66.9129916952009,
              10.49572753412799
            ],
            [
              -66.91376293288376,
              10.497299221415847
            ],
            [
              -66.91549446175021,
              10.497585312439655
            ]
          ]
        ]
      },
      "properties": {
        "point_count": 1,
        "density_level": "LOW",
        "avg_speed": 37,
        "unique_vehicles": 1,
        "min_speed": 37,
        "max_speed": 37
      }
    },
    {
      "h3_index": "8967412750fffff",
      "type": "Feature",
      "geometry": {
        "type": "Polygon",
        "coordinates": [
          [
            [
              -66.84960053609805,
              10.541538777600108
            ],
            [
              -66.85055971801191,
              10.5402548125439
            ],
            [
              -66.84978879195874,
              10.538684234917213
            ],
            [
              -66.84805869511197,
              10.538397655781182
            ],
            [
              -66.84709954457611,
              10.539681637161408
            ],
            [
              -66.8478704595083,
              10.54125218135397
            ],
            [
              -66.84960053609805,
              10.541538777600108
            ]
          ]
        ]
      },
      "properties": {
        "point_count": 1,
        "density_level": "LOW",
        "avg_speed": 57,
        "unique_vehicles": 1,
        "min_speed": 57,
        "max_speed": 57
      }
    },
    {
      "h3_index": "8967412cac3ffff",
      "type": "Feature",
      "geometry": {
        "type": "Polygon",
        "coordinates": [
          [
            [
              -66.95637266661967,
              10.395922254041492
            ],
            [
              -66.9573339212844,
              10.394633959949925
            ],
            [
              -66.95656227803403,
              10.393060297127692
            ],
            [
              -66.95482939112382,
              10.392774961814025
            ],
            [
              -66.95386816776407,
              10.394063272191726
            ],
            [
              -66.95463980000883,
              10.395636901597285
            ],
            [
              -66.95637266661967,
              10.395922254041492
            ]
          ]
        ]
      },
      "properties": {
        "point_count": 1,
        "density_level": "LOW",
        "avg_speed": 31,
        "unique_vehicles": 1,
        "min_speed": 31,
        "max_speed": 31
      }
    },
    {
      "h3_index": "896741202b7ffff",
      "type": "Feature",
      "geometry": {
        "type": "Polygon",
        "coordinates": [
          [
            [
              -66.96540634905786,
              10.576576636964063
            ],
            [
              -66.96636714708761,
              10.575292288650276
            ],
            [
              -66.96559595053763,
              10.573721575312277
            ],
            [
              -66.96386396693856,
              10.573435243629625
            ],
            [
              -66.96290320016641,
              10.574719608331542
            ],
            [
              -66.96367438573505,
              10.576290288328302
            ],
            [
              -66.96540634905786,
              10.576576636964063
            ]
          ]
        ]
      },
      "properties": {
        "point_count": 1,
        "density_level": "LOW",
        "avg_speed": 36,
        "unique_vehicles": 1,
        "min_speed": 36,
        "max_speed": 36
      }
    },
    {
      "h3_index": "89674c5b07bffff",
      "type": "Feature",
      "geometry": {
        "type": "Polygon",
        "coordinates": [
          [
            [
              -66.88305150414487,
              10.392516221074189
            ],
            [
              -66.88401167414085,
              10.39122858825387
            ],
            [
              -66.88324025105142,
              10.389655328008283
            ],
            [
              -66.88150866905802,
              10.389369734051726
            ],
            [
              -66.88054853043937,
              10.390657383127383
            ],
            [
              -66.88131994243608,
              10.3922306099046
            ],
            [
              -66.88305150414487,
              10.392516221074189
            ]
          ]
        ]
      },
      "properties": {
        "point_count": 1,
        "density_level": "LOW",
        "avg_speed": 15,
        "unique_vehicles": 1,
        "min_speed": 15,
        "max_speed": 15
      }
    },
    {
      "h3_index": "8967412756bffff",
      "type": "Feature",
      "geometry": {
        "type": "Polygon",
        "coordinates": [
          [
            [
              -66.85516758128463,
              10.536689233703555
            ],
            [
              -66.85612686242114,
              10.535405103812423
            ],
            [
              -66.85535590603511,
              10.53383441060229
            ],
            [
              -66.85362567962669,
              10.533547880715846
            ],
            [
              -66.85266642986379,
              10.534832026930536
            ],
            [
              -66.85343737513504,
              10.536402686708447
            ],
            [
              -66.85516758128463,
              10.536689233703555
            ]
          ]
        ]
      },
      "properties": {
        "point_count": 1,
        "density_level": "LOW",
        "avg_speed": 74,
        "unique_vehicles": 1,
        "min_speed": 74,
        "max_speed": 74
      }
    },
    {
      "h3_index": "89674125833ffff",
      "type": "Feature",
      "geometry": {
        "type": "Polygon",
        "coordinates": [
          [
            [
              -66.85099963756552,
              10.440703674221497
            ],
            [
              -66.85195917019513,
              10.439417439815058
            ],
            [
              -66.8511879746831,
              10.43784517840435
            ],
            [
              -66.84945725766771,
              10.437559184872454
            ],
            [
              -66.8484977564363,
              10.438845435548203
            ],
            [
              -66.84926894082137,
              10.440417663486889
            ],
            [
              -66.85099963756552,
              10.440703674221497
            ]
          ]
        ]
      },
      "properties": {
        "point_count": 1,
        "density_level": "LOW",
        "avg_speed": 38,
        "unique_vehicles": 1,
        "min_speed": 38,
        "max_speed": 38
      }
    },
    {
      "h3_index": "8967412e957ffff",
      "type": "Feature",
      "geometry": {
        "type": "Polygon",
        "coordinates": [
          [
            [
              -66.89887303765053,
              10.431268623081188
            ],
            [
              -66.89983331759778,
              10.429981695595286
            ],
            [
              -66.89906194664702,
              10.428408977632765
            ],
            [
              -66.89733030681937,
              10.42812322059932
            ],
            [
              -66.89637005822576,
              10.429410164368166
            ],
            [
              -66.89714141810545,
              10.430982848887854
            ],
            [
              -66.89887303765053,
              10.431268623081188
            ]
          ]
        ]
      },
      "properties": {
        "point_count": 1,
        "density_level": "LOW",
        "avg_speed": 112,
        "unique_vehicles": 1,
        "min_speed": 112,
        "max_speed": 112
      }
    },
    {
      "h3_index": "896741203b3ffff",
      "type": "Feature",
      "geometry": {
        "type": "Polygon",
        "coordinates": [
          [
            [
              -66.95038801141173,
              10.565434244582434
            ],
            [
              -66.95134862185313,
              10.564149797969515
            ],
            [
              -66.95057744266218,
              10.56257899141462
            ],
            [
              -66.94884566402911,
              10.56229266482885
            ],
            [
              -66.9478850848624,
              10.563577127818036
            ],
            [
              -66.94865625305337,
              10.565147901017047
            ],
            [
              -66.95038801141173,
              10.565434244582434
            ]
          ]
        ]
      },
      "properties": {
        "point_count": 1,
        "density_level": "LOW",
        "avg_speed": 89,
        "unique_vehicles": 1,
        "min_speed": 89,
        "max_speed": 89
      }
    },
    {
      "h3_index": "8967412e657ffff",
      "type": "Feature",
      "geometry": {
        "type": "Polygon",
        "coordinates": [
          [
            [
              -66.9676437536766,
              10.503307861695175
            ],
            [
              -66.96860482505151,
              10.502021851425864
            ],
            [
              -66.96783342894933,
              10.500449901672786
            ],
            [
              -66.96610097245566,
              10.500163995557429
            ],
            [
              -66.96513993235179,
              10.501450022176071
            ],
            [
              -66.9659113174698,
              10.503021938561085
            ],
            [
              -66.9676437536766,
              10.503307861695175
            ]
          ]
        ]
      },
      "properties": {
        "point_count": 1,
        "density_level": "LOW",
        "avg_speed": 52,
        "unique_vehicles": 1,
        "min_speed": 52,
        "max_speed": 52
      }
    },
    {
      "h3_index": "8967412e98fffff",
      "type": "Feature",
      "geometry": {
        "type": "Polygon",
        "coordinates": [
          [
            [
              -66.89079776418254,
              10.43427173823568
            ],
            [
              -66.89175791353239,
              10.432984959102347
            ],
            [
              -66.8909865758042,
              10.431412341472711
            ],
            [
              -66.8892550998059,
              10.431126536423951
            ],
            [
              -66.88829498181694,
              10.432413331838692
            ],
            [
              -66.88906630846469,
              10.433985916021117
            ],
            [
              -66.89079776418254,
              10.43427173823568
            ]
          ]
        ]
      },
      "properties": {
        "point_count": 1,
        "density_level": "LOW",
        "avg_speed": 73,
        "unique_vehicles": 1,
        "min_speed": 73,
        "max_speed": 73
      }
    },
    {
      "h3_index": "89674127183ffff",
      "type": "Feature",
      "geometry": {
        "type": "Polygon",
        "coordinates": [
          [
            [
              -66.84766423925609,
              10.531117570682754
            ],
            [
              -66.84862342626326,
              10.529833391826926
            ],
            [
              -66.84785247892937,
              10.528262652797586
            ],
            [
              -66.84612235571167,
              10.527976126063912
            ],
            [
              -66.8451632000866,
              10.529260321237334
            ],
            [
              -66.84593413629644,
              10.53083102682717
            ],
            [
              -66.84766423925609,
              10.531117570682754
            ]
          ]
        ]
      },
      "properties": {
        "point_count": 1,
        "density_level": "LOW",
        "avg_speed": 36,
        "unique_vehicles": 1,
        "min_speed": 36,
        "max_speed": 36
      }
    },
    {
      "h3_index": "89674135a3bffff",
      "type": "Feature",
      "geometry": {
        "type": "Polygon",
        "coordinates": [
          [
            [
              -66.86328840232015,
              10.572658580991233
            ],
            [
              -66.86424768733177,
              10.57137517485549
            ],
            [
              -66.86347679990583,
              10.56980503050617
            ],
            [
              -66.86174663857003,
              10.569518325705582
            ],
            [
              -66.86078738491643,
              10.570801748187577
            ],
            [
              -66.8615582612399,
              10.572371859124251
            ],
            [
              -66.86328840232015,
              10.572658580991233
            ]
          ]
        ]
      },
      "properties": {
        "point_count": 1,
        "density_level": "LOW",
        "avg_speed": 109,
        "unique_vehicles": 1,
        "min_speed": 109,
        "max_speed": 109
      }
    },
    {
      "h3_index": "89674126307ffff",
      "type": "Feature",
      "geometry": {
        "type": "Polygon",
        "coordinates": [
          [
            [
              -66.81190177042997,
              10.516535083702546
            ],
            [
              -66.81286046922732,
              10.51525093980411
            ],
            [
              -66.81208959689631,
              10.513680182449166
            ],
            [
              -66.8103600369346,
              10.513393602462552
            ],
            [
              -66.8094013695571,
              10.514677762656657
            ],
            [
              -66.81017223072078,
              10.516248486542048
            ],
            [
              -66.81190177042997,
              10.516535083702546
            ]
          ]
        ]
      },
      "properties": {
        "point_count": 1,
        "density_level": "LOW",
        "avg_speed": 92,
        "unique_vehicles": 1,
        "min_speed": 92,
        "max_speed": 92
      }
    },
    {
      "h3_index": "8967412ebb7ffff",
      "type": "Feature",
      "geometry": {
        "type": "Polygon",
        "coordinates": [
          [
            [
              -66.9019428787309,
              10.424547882805372
            ],
            [
              -66.9029032265646,
              10.423260774413675
            ],
            [
              -66.90213182833544,
              10.421687925873092
            ],
            [
              -66.90040009333984,
              10.421402219167813
            ],
            [
              -66.89943977685822,
              10.42268934383997
            ],
            [
              -66.90021116401942,
              10.42426215893728
            ],
            [
              -66.9019428787309,
              10.424547882805372
            ]
          ]
        ]
      },
      "properties": {
        "point_count": 1,
        "density_level": "LOW",
        "avg_speed": 105,
        "unique_vehicles": 1,
        "min_speed": 105,
        "max_speed": 105
      }
    },
    {
      "h3_index": "8967412f5afffff",
      "type": "Feature",
      "geometry": {
        "type": "Polygon",
        "coordinates": [
          [
            [
              -66.97360020855452,
              10.492732869184271
            ],
            [
              -66.9745614034088,
              10.491446562677295
            ],
            [
              -66.97378996104868,
              10.489874399890676
            ],
            [
              -66.97205733481147,
              10.489588576979388
            ],
            [
              -66.97109617122462,
              10.4908748998323
            ],
            [
              -66.97186760260684,
              10.492447029250888
            ],
            [
              -66.97360020855452,
              10.492732869184271
            ]
          ]
        ]
      },
      "properties": {
        "point_count": 1,
        "density_level": "LOW",
        "avg_speed": 35,
        "unique_vehicles": 1,
        "min_speed": 35,
        "max_speed": 35
      }
    },
    {
      "h3_index": "896741276abffff",
      "type": "Feature",
      "geometry": {
        "type": "Polygon",
        "coordinates": [
          [
            [
              -66.88055837180393,
              10.549551387490697
            ],
            [
              -66.88151799084787,
              10.548267289267699
            ],
            [
              -66.88074698828125,
              10.546696651787332
            ],
            [
              -66.87901637775381,
              10.546410145940172
            ],
            [
              -66.87805679005608,
              10.547694260503619
            ],
            [
              -66.87882778153887,
              10.549264864574114
            ],
            [
              -66.88055837180393,
              10.549551387490697
            ]
          ]
        ]
      },
      "properties": {
        "point_count": 1,
        "density_level": "LOW",
        "avg_speed": 109,
        "unique_vehicles": 1,
        "min_speed": 109,
        "max_speed": 109
      }
    },
    {
      "h3_index": "89674134a47ffff",
      "type": "Feature",
      "geometry": {
        "type": "Polygon",
        "coordinates": [
          [
            [
              -66.81583364849907,
              10.576326533745503
            ],
            [
              -66.8167922107079,
              10.57504368967294
            ],
            [
              -66.81602148310733,
              10.573473903173863
            ],
            [
              -66.8142922044554,
              10.573186994191227
            ],
            [
              -66.81333367364981,
              10.574469854593602
            ],
            [
              -66.81410439009221,
              10.57603960764913
            ],
            [
              -66.81583364849907,
              10.576326533745503
            ]
          ]
        ]
      },
      "properties": {
        "point_count": 1,
        "density_level": "LOW",
        "avg_speed": 19,
        "unique_vehicles": 1,
        "min_speed": 19,
        "max_speed": 19
      }
    },
    {
      "h3_index": "8967412c58bffff",
      "type": "Feature",
      "geometry": {
        "type": "Polygon",
        "coordinates": [
          [
            [
              -66.94719453852527,
              10.4551397915418
            ],
            [
              -66.94815546239727,
              10.45385291078906
            ],
            [
              -66.94738400324373,
              10.452280287109215
            ],
            [
              -66.94565163122951,
              10.45199457758301
            ],
            [
              -66.94469073865884,
              10.453281474650783
            ],
            [
              -66.94546218680033,
              10.454854064930078
            ],
            [
              -66.94719453852527,
              10.4551397915418
            ]
          ]
        ]
      },
      "properties": {
        "point_count": 1,
        "density_level": "LOW",
        "avg_speed": 56,
        "unique_vehicles": 1,
        "min_speed": 56,
        "max_speed": 56
      }
    },
    {
      "h3_index": "8967412cca3ffff",
      "type": "Feature",
      "geometry": {
        "type": "Polygon",
        "coordinates": [
          [
            [
              -66.92348256285493,
              10.41653484616189
            ],
            [
              -66.92444325887104,
              10.415247342258997
            ],
            [
              -66.92367177221028,
              10.413674226225071
            ],
            [
              -66.92193960057577,
              10.413388647525888
            ],
            [
              -66.92097893589244,
              10.414676167713296
            ],
            [
              -66.92175041151012,
              10.416249250315703
            ],
            [
              -66.92348256285493,
              10.41653484616189
            ]
          ]
        ]
      },
      "properties": {
        "point_count": 1,
        "density_level": "LOW",
        "avg_speed": 57,
        "unique_vehicles": 1,
        "min_speed": 57,
        "max_speed": 57
      }
    },
    {
      "h3_index": "896741240b7ffff",
      "type": "Feature",
      "geometry": {
        "type": "Polygon",
        "coordinates": [
          [
            [
              -66.82397131085933,
              10.49255540404713
            ],
            [
              -66.82493026899803,
              10.491270601518808
            ],
            [
              -66.82415929530859,
              10.48969936993879
            ],
            [
              -66.82242937463467,
              10.489412974358032
            ],
            [
              -66.82147044790929,
              10.490697793173592
            ],
            [
              -66.82224141044381,
              10.492268991283023
            ],
            [
              -66.82397131085933,
              10.49255540404713
            ]
          ]
        ]
      },
      "properties": {
        "point_count": 1,
        "density_level": "LOW",
        "avg_speed": 74,
        "unique_vehicles": 1,
        "min_speed": 74,
        "max_speed": 74
      }
    },
    {
      "h3_index": "8967412deb7ffff",
      "type": "Feature",
      "geometry": {
        "type": "Polygon",
        "coordinates": [
          [
            [
              -66.99489482526783,
              10.409496726313415
            ],
            [
              -66.99585661016948,
              10.408208348183114
            ],
            [
              -66.99508488325716,
              10.406634670354311
            ],
            [
              -66.9933513824013,
              10.406349404041148
            ],
            [
              -66.99238962876389,
              10.40763779848025
            ],
            [
              -66.99316134471738,
              10.409211442924034
            ],
            [
              -66.99489482526783,
              10.409496726313415
            ]
          ]
        ]
      },
      "properties": {
        "point_count": 1,
        "density_level": "LOW",
        "avg_speed": 115,
        "unique_vehicles": 1,
        "min_speed": 115,
        "max_speed": 115
      }
    },
    {
      "h3_index": "89674c5a46fffff",
      "type": "Feature",
      "geometry": {
        "type": "Polygon",
        "coordinates": [
          [
            [
              -66.82423313037431,
              10.408826244110621
            ],
            [
              -66.82519236611479,
              10.407539567965738
            ],
            [
              -66.8244211715671,
              10.405966947442396
            ],
            [
              -66.82269075243921,
              10.405681036566728
            ],
            [
              -66.8217315481297,
              10.406967728952798
            ],
            [
              -66.82250273151641,
              10.408540315973683
            ],
            [
              -66.82423313037431,
              10.408826244110621
            ]
          ]
        ]
      },
      "properties": {
        "point_count": 1,
        "density_level": "LOW",
        "avg_speed": 89,
        "unique_vehicles": 1,
        "min_speed": 89,
        "max_speed": 89
      }
    },
    {
      "h3_index": "8967412f16fffff",
      "type": "Feature",
      "geometry": {
        "type": "Polygon",
        "coordinates": [
          [
            [
              -66.98589539075701,
              10.465856935112528
            ],
            [
              -66.98685685697156,
              10.464569904731295
            ],
            [
              -66.98608530592756,
              10.462997218535865
            ],
            [
              -66.98435229963363,
              10.46271159609183
            ],
            [
              -66.98339086468017,
              10.463998642809157
            ],
            [
              -66.98416240475883,
              10.465571295634753
            ],
            [
              -66.98589539075701,
              10.465856935112528
            ]
          ]
        ]
      },
      "properties": {
        "point_count": 1,
        "density_level": "LOW",
        "avg_speed": 88,
        "unique_vehicles": 1,
        "min_speed": 88,
        "max_speed": 88
      }
    },
    {
      "h3_index": "8967412cea7ffff",
      "type": "Feature",
      "geometry": {
        "type": "Polygon",
        "coordinates": [
          [
            [
              -66.9398308494777,
              10.407661203259183
            ],
            [
              -66.94079181874775,
              10.406373337076506
            ],
            [
              -66.94002025778886,
              10.404799971910077
            ],
            [
              -66.93828773858354,
              10.40451450635031
            ],
            [
              -66.93732680063216,
              10.405802388819067
            ],
            [
              -66.93809835056672,
              10.407375720561847
            ],
            [
              -66.9398308494777,
              10.407661203259183
            ]
          ]
        ]
      },
      "properties": {
        "point_count": 1,
        "density_level": "LOW",
        "avg_speed": 99,
        "unique_vehicles": 1,
        "min_speed": 99,
        "max_speed": 99
      }
    },
    {
      "h3_index": "89674124e4fffff",
      "type": "Feature",
      "geometry": {
        "type": "Polygon",
        "coordinates": [
          [
            [
              -66.82641542478082,
              10.45541804022864
            ],
            [
              -66.82737454096068,
              10.454132382647817
            ],
            [
              -66.82660346191413,
              10.452560519610687
            ],
            [
              -66.82487327784189,
              10.452274347637916
            ],
            [
              -66.82391419308094,
              10.453560021486524
            ],
            [
              -66.8246852609726,
              10.455131851040449
            ],
            [
              -66.82641542478082,
              10.45541804022864
            ]
          ]
        ]
      },
      "properties": {
        "point_count": 1,
        "density_level": "LOW",
        "avg_speed": 102,
        "unique_vehicles": 1,
        "min_speed": 102,
        "max_speed": 102
      }
    },
    {
      "h3_index": "89674121803ffff",
      "type": "Feature",
      "geometry": {
        "type": "Polygon",
        "coordinates": [
          [
            [
              -66.97864502530862,
              10.53545512449481
            ],
            [
              -66.97960615548702,
              10.534169722474417
            ],
            [
              -66.97883480978973,
              10.532598240428683
            ],
            [
              -66.97710234488204,
              10.532312193751768
            ],
            [
              -66.97614124595704,
              10.533597612143229
            ],
            [
              -66.9769125806856,
              10.535169060840865
            ],
            [
              -66.97864502530862,
              10.53545512449481
            ]
          ]
        ]
      },
      "properties": {
        "point_count": 1,
        "density_level": "LOW",
        "avg_speed": 118,
        "unique_vehicles": 1,
        "min_speed": 118,
        "max_speed": 118
      }
    },
    {
      "h3_index": "8967412cc73ffff",
      "type": "Feature",
      "geometry": {
        "type": "Polygon",
        "coordinates": [
          [
            [
              -66.93425475890861,
              10.412526757325347
            ],
            [
              -66.93521562897486,
              10.411239055703676
            ],
            [
              -66.93444409817309,
              10.409665805958358
            ],
            [
              -66.93271170833493,
              10.409380291260677
            ],
            [
              -66.93175086959178,
              10.4106680091689
            ],
            [
              -66.93252238936296,
              10.412241225488582
            ],
            [
              -66.93425475890861,
              10.412526757325347
            ]
          ]
        ]
      },
      "properties": {
        "point_count": 1,
        "density_level": "LOW",
        "avg_speed": 34,
        "unique_vehicles": 1,
        "min_speed": 34,
        "max_speed": 34
      }
    },
    {
      "h3_index": "8967412c50fffff",
      "type": "Feature",
      "geometry": {
        "type": "Polygon",
        "coordinates": [
          [
            [
              -66.94776294493391,
              10.446560935014856
            ],
            [
              -66.9487239053679,
              10.445273857020808
            ],
            [
              -66.9479524219059,
              10.443701087368035
            ],
            [
              -66.94621998902119,
              10.443415429113092
            ],
            [
              -66.94525905988982,
              10.444702523417707
            ],
            [
              -66.94603053233982,
              10.446275259667036
            ],
            [
              -66.94776294493391,
              10.446560935014856
            ]
          ]
        ]
      },
      "properties": {
        "point_count": 1,
        "density_level": "LOW",
        "avg_speed": 56,
        "unique_vehicles": 1,
        "min_speed": 56,
        "max_speed": 56
      }
    },
    {
      "h3_index": "89674121cc7ffff",
      "type": "Feature",
      "geometry": {
        "type": "Polygon",
        "coordinates": [
          [
            [
              -66.97963048599816,
              10.560163310976774
            ],
            [
              -66.98059154993281,
              10.558878451972008
            ],
            [
              -66.97982026614011,
              10.557307376362827
            ],
            [
              -66.97808792937776,
              10.557021193096586
            ],
            [
              -66.97712689669028,
              10.558306068486168
            ],
            [
              -66.97789816951727,
              10.559877110757498
            ],
            [
              -66.97963048599816,
              10.560163310976774
            ]
          ]
        ]
      },
      "properties": {
        "point_count": 1,
        "density_level": "LOW",
        "avg_speed": 111,
        "unique_vehicles": 1,
        "min_speed": 111,
        "max_speed": 111
      }
    },
    {
      "h3_index": "8967412767bffff",
      "type": "Feature",
      "geometry": {
        "type": "Polygon",
        "coordinates": [
          [
            [
              -66.89132001593734,
              10.545560628451689
            ],
            [
              -66.89227980900137,
              10.544276332262916
            ],
            [
              -66.89150876213057,
              10.54270556115757
            ],
            [
              -66.88977793326639,
              10.542419119645412
            ],
            [
              -66.88881817153894,
              10.543703432176667
            ],
            [
              -66.88958920733835,
              10.545274169877949
            ],
            [
              -66.89132001593734,
              10.545560628451689
            ]
          ]
        ]
      },
      "properties": {
        "point_count": 1,
        "density_level": "LOW",
        "avg_speed": 85,
        "unique_vehicles": 1,
        "min_speed": 85,
        "max_speed": 85
      }
    },
    {
      "h3_index": "8967412ec9bffff",
      "type": "Feature",
      "geometry": {
        "type": "Polygon",
        "coordinates": [
          [
            [
              -66.90930920249384,
              10.472007528861823
            ],
            [
              -66.91026950520559,
              10.470721406112494
            ],
            [
              -66.90949820860685,
              10.469149298828096
            ],
            [
              -66.90776662035132,
              10.468863347713489
            ],
            [
              -66.90680634897433,
              10.470149486772227
            ],
            [
              -66.90757763451741,
              10.471721560636494
            ],
            [
              -66.90930920249384,
              10.472007528861823
            ]
          ]
        ]
      },
      "properties": {
        "point_count": 1,
        "density_level": "LOW",
        "avg_speed": 54,
        "unique_vehicles": 1,
        "min_speed": 54,
        "max_speed": 54
      }
    },
    {
      "h3_index": "89674125933ffff",
      "type": "Feature",
      "geometry": {
        "type": "Polygon",
        "coordinates": [
          [
            [
              -66.83348725634433,
              10.42769571296876
            ],
            [
              -66.83444656912715,
              10.426409364719232
            ],
            [
              -66.83367539482548,
              10.424836998030816
            ],
            [
              -66.83194491888891,
              10.42455101308122
            ],
            [
              -66.83098563752407,
              10.425837377586014
            ],
            [
              -66.83175680067708,
              10.427409710785478
            ],
            [
              -66.83348725634433,
              10.42769571296876
            ]
          ]
        ]
      },
      "properties": {
        "point_count": 1,
        "density_level": "LOW",
        "avg_speed": 47,
        "unique_vehicles": 1,
        "min_speed": 47,
        "max_speed": 47
      }
    },
    {
      "h3_index": "89674120c43ffff",
      "type": "Feature",
      "geometry": {
        "type": "Polygon",
        "coordinates": [
          [
            [
              -66.92998724162278,
              10.556287573356597
            ],
            [
              -66.93094757743744,
              10.555003127462703
            ],
            [
              -66.93017643775175,
              10.553432294733152
            ],
            [
              -66.92844497327555,
              10.553145941271257
            ],
            [
              -66.92748466875749,
              10.554430403528517
            ],
            [
              -66.92825579741833,
              10.55600120288464
            ],
            [
              -66.92998724162278,
              10.556287573356597
            ]
          ]
        ]
      },
      "properties": {
        "point_count": 1,
        "density_level": "LOW",
        "avg_speed": 64,
        "unique_vehicles": 1,
        "min_speed": 64,
        "max_speed": 64
      }
    },
    {
      "h3_index": "8967412c357ffff",
      "type": "Feature",
      "geometry": {
        "type": "Polygon",
        "coordinates": [
          [
            [
              -66.97295620709197,
              10.423241701497377
            ],
            [
              -66.97391761983057,
              10.421953850040753
            ],
            [
              -66.9731459968842,
              10.420380536591455
            ],
            [
              -66.97141297218238,
              10.420095107994063
            ],
            [
              -66.97045159072667,
              10.421382975758386
            ],
            [
              -66.97122320268917,
              10.422956255812736
            ],
            [
              -66.97295620709197,
              10.423241701497377
            ]
          ]
        ]
      },
      "properties": {
        "point_count": 1,
        "density_level": "LOW",
        "avg_speed": 4,
        "unique_vehicles": 1,
        "min_speed": 4,
        "max_speed": 4
      }
    },
    {
      "h3_index": "8967412097bffff",
      "type": "Feature",
      "geometry": {
        "type": "Polygon",
        "coordinates": [
          [
            [
              -66.91147956704754,
              10.518582337000868
            ],
            [
              -66.91243974978805,
              10.517297233714178
            ],
            [
              -66.91166856880861,
              10.515725887502951
            ],
            [
              -66.90993721613752,
              10.515439677979465
            ],
            [
              -66.90897706471972,
              10.516724797601821
            ],
            [
              -66.90974823464957,
              10.518296110412336
            ],
            [
              -66.91147956704754,
              10.518582337000868
            ]
          ]
        ]
      },
      "properties": {
        "point_count": 1,
        "density_level": "LOW",
        "avg_speed": 27,
        "unique_vehicles": 1,
        "min_speed": 27,
        "max_speed": 27
      }
    },
    {
      "h3_index": "89674134aabffff",
      "type": "Feature",
      "geometry": {
        "type": "Polygon",
        "coordinates": [
          [
            [
              -66.8052708348729,
              10.577457315137753
            ],
            [
              -66.80622923501929,
              10.576174603335293
            ],
            [
              -66.80545854397084,
              10.574604901878063
            ],
            [
              -66.80372946394586,
              10.57431794567392
            ],
            [
              -66.80277109521268,
              10.575600673802716
            ],
            [
              -66.8035417750906,
              10.577170341809634
            ],
            [
              -66.8052708348729,
              10.577457315137753
            ]
          ]
        ]
      },
      "properties": {
        "point_count": 1,
        "density_level": "LOW",
        "avg_speed": 91,
        "unique_vehicles": 1,
        "min_speed": 91,
        "max_speed": 91
      }
    },
    {
      "h3_index": "8967412f02bffff",
      "type": "Feature",
      "geometry": {
        "type": "Polygon",
        "coordinates": [
          [
            [
              -66.99803847374318,
              10.480866953034853
            ],
            [
              -66.99900007182684,
              10.479580135900154
            ],
            [
              -66.99822852270633,
              10.47800762410145
            ],
            [
              -66.99649538645123,
              10.477721962793513
            ],
            [
              -66.99553381961356,
              10.479008796277265
            ],
            [
              -66.99630535778428,
              10.480581274720212
            ],
            [
              -66.99803847374318,
              10.480866953034853
            ]
          ]
        ]
      },
      "properties": {
        "point_count": 1,
        "density_level": "LOW",
        "avg_speed": 116,
        "unique_vehicles": 1,
        "min_speed": 116,
        "max_speed": 116
      }
    },
    {
      "h3_index": "896741275b7ffff",
      "type": "Feature",
      "geometry": {
        "type": "Polygon",
        "coordinates": [
          [
            [
              -66.83884426541215,
              10.545527661329915
            ],
            [
              -66.83980327317782,
              10.544243894306893
            ],
            [
              -66.83903239162716,
              10.542673450425395
            ],
            [
              -66.83730251344349,
              10.542386807007182
            ],
            [
              -66.83634353706536,
              10.543670590352212
            ],
            [
              -66.83711440748266,
              10.54524100079378
            ],
            [
              -66.83884426541215,
              10.545527661329915
            ]
          ]
        ]
      },
      "properties": {
        "point_count": 1,
        "density_level": "LOW",
        "avg_speed": 8,
        "unique_vehicles": 1,
        "min_speed": 8,
        "max_speed": 8
      }
    },
    {
      "h3_index": "89674134abbffff",
      "type": "Feature",
      "geometry": {
        "type": "Polygon",
        "coordinates": [
          [
            [
              -66.80508312981955,
              10.580309613792396
            ],
            [
              -66.80604151782228,
              10.579026967853952
            ],
            [
              -66.8052708348729,
              10.577457315137753
            ],
            [
              -66.8035417750906,
              10.577170341809634
            ],
            [
              -66.80258341850062,
              10.578453004075877
            ],
            [
              -66.80335409027948,
              10.580022623342773
            ],
            [
              -66.80508312981955,
              10.580309613792396
            ]
          ]
        ]
      },
      "properties": {
        "point_count": 1,
        "density_level": "LOW",
        "avg_speed": 52,
        "unique_vehicles": 1,
        "min_speed": 52,
        "max_speed": 52
      }
    },
    {
      "h3_index": "89674125d8bffff",
      "type": "Feature",
      "geometry": {
        "type": "Polygon",
        "coordinates": [
          [
            [
              -66.8367970319235,
              10.457135071716623
            ],
            [
              -66.83775629807239,
              10.45584934770571
            ],
            [
              -66.83698519064772,
              10.454277447850867
            ],
            [
              -66.83525482821595,
              10.453991305482704
            ],
            [
              -66.83429559347553,
              10.455277045766412
            ],
            [
              -66.83506668975768,
              10.456848912145812
            ],
            [
              -66.8367970319235,
              10.457135071716623
            ]
          ]
        ]
      },
      "properties": {
        "point_count": 1,
        "density_level": "LOW",
        "avg_speed": 114,
        "unique_vehicles": 1,
        "min_speed": 114,
        "max_speed": 114
      }
    },
    {
      "h3_index": "89674c5b39bffff",
      "type": "Feature",
      "geometry": {
        "type": "Polygon",
        "coordinates": [
          [
            [
              -66.8782342842094,
              10.385937575813436
            ],
            [
              -66.87919440362441,
              10.384649844789454
            ],
            [
              -66.87842297840008,
              10.383076506052284
            ],
            [
              -66.87669144485895,
              10.382790931813599
            ],
            [
              -66.87573135682739,
              10.384078679087365
            ],
            [
              -66.87650277095278,
              10.385651984350385
            ],
            [
              -66.8782342842094,
              10.385937575813436
            ]
          ]
        ]
      },
      "properties": {
        "point_count": 1,
        "density_level": "LOW",
        "avg_speed": 96,
        "unique_vehicles": 1,
        "min_speed": 96,
        "max_speed": 96
      }
    },
    {
      "h3_index": "8967412c23bffff",
      "type": "Feature",
      "geometry": {
        "type": "Polygon",
        "coordinates": [
          [
            [
              -66.98297504286778,
              10.430676462529453
            ],
            [
              -66.98393658070934,
              10.429388676323661
            ],
            [
              -66.98316494627221,
              10.427815423900116
            ],
            [
              -66.98143178496424,
              10.427529991067939
            ],
            [
              -66.98047027839417,
              10.428817793589442
            ],
            [
              -66.98124190185985,
              10.430391012627753
            ],
            [
              -66.98297504286778,
              10.430676462529453
            ]
          ]
        ]
      },
      "properties": {
        "point_count": 1,
        "density_level": "LOW",
        "avg_speed": 57,
        "unique_vehicles": 1,
        "min_speed": 57,
        "max_speed": 57
      }
    },
    {
      "h3_index": "8967412e23bffff",
      "type": "Feature",
      "geometry": {
        "type": "Polygon",
        "coordinates": [
          [
            [
              -66.96145961746778,
              10.47772550804177
            ],
            [
              -66.96242068033243,
              10.476438988280503
            ],
            [
              -66.9616492361898,
              10.474866651184582
            ],
            [
              -66.95991674017523,
              10.474580867232392
            ],
            [
              -66.95895570859314,
              10.47586740332663
            ],
            [
              -66.95972714174233,
              10.477439707040434
            ],
            [
              -66.96145961746778,
              10.47772550804177
            ]
          ]
        ]
      },
      "properties": {
        "point_count": 1,
        "density_level": "LOW",
        "avg_speed": 104,
        "unique_vehicles": 1,
        "min_speed": 104,
        "max_speed": 104
      }
    },
    {
      "h3_index": "89674c5b25bffff",
      "type": "Feature",
      "geometry": {
        "type": "Polygon",
        "coordinates": [
          [
            [
              -66.9067140227374,
              10.392079759783012
            ],
            [
              -66.90767454809331,
              10.390791879119812
            ],
            [
              -66.9069030496311,
              10.389218463231124
            ],
            [
              -66.90517103687701,
              10.388932961458254
            ],
            [
              -66.90421054287546,
              10.390220858385877
            ],
            [
              -66.90498203027292,
              10.391794240822284
            ],
            [
              -66.9067140227374,
              10.392079759783012
            ]
          ]
        ]
      },
      "properties": {
        "point_count": 1,
        "density_level": "LOW",
        "avg_speed": 17,
        "unique_vehicles": 1,
        "min_speed": 17,
        "max_speed": 17
      }
    },
    {
      "h3_index": "89674125597ffff",
      "type": "Feature",
      "geometry": {
        "type": "Polygon",
        "coordinates": [
          [
            [
              -66.86512090442882,
              10.505140367840177
            ],
            [
              -66.866080437774,
              10.50385543134417
            ],
            [
              -66.86530936705223,
              10.50228415089241
            ],
            [
              -66.86357877408997,
              10.50199784037463
            ],
            [
              -66.86261927211547,
              10.503282793180869
            ],
            [
              -66.86339033173184,
              10.50485404019499
            ],
            [
              -66.86512090442882,
              10.505140367840177
            ]
          ]
        ]
      },
      "properties": {
        "point_count": 1,
        "density_level": "LOW",
        "avg_speed": 19,
        "unique_vehicles": 1,
        "min_speed": 19,
        "max_speed": 19
      }
    },
    {
      "h3_index": "89674125357ffff",
      "type": "Feature",
      "geometry": {
        "type": "Polygon",
        "coordinates": [
          [
            [
              -66.89622873926128,
              10.471291653551216
            ],
            [
              -66.89718884874829,
              10.47000564656641
            ],
            [
              -66.8964175912534,
              10.468433609103666
            ],
            [
              -66.89468623534204,
              10.468147612055423
            ],
            [
              -66.89372615720268,
              10.46943363534412
            ],
            [
              -66.89449740362635,
              10.471005639377506
            ],
            [
              -66.89622873926128,
              10.471291653551216
            ]
          ]
        ]
      },
      "properties": {
        "point_count": 1,
        "density_level": "LOW",
        "avg_speed": 66,
        "unique_vehicles": 1,
        "min_speed": 66,
        "max_speed": 66
      }
    },
    {
      "h3_index": "8967412eb13ffff",
      "type": "Feature",
      "geometry": {
        "type": "Polygon",
        "coordinates": [
          [
            [
              -66.91233378928128,
              10.426262122052202
            ],
            [
              -66.91329428685683,
              10.424974947342488
            ],
            [
              -66.91252286059732,
              10.423402062187828
            ],
            [
              -66.91079094781709,
              10.423116385178721
            ],
            [
              -66.90983048158313,
              10.424403576173926
            ],
            [
              -66.91060189678711,
              10.425976427893081
            ],
            [
              -66.91233378928128,
              10.426262122052202
            ]
          ]
        ]
      },
      "properties": {
        "point_count": 1,
        "density_level": "LOW",
        "avg_speed": 11,
        "unique_vehicles": 1,
        "min_speed": 11,
        "max_speed": 11
      }
    },
    {
      "h3_index": "89674125a1bffff",
      "type": "Feature",
      "geometry": {
        "type": "Polygon",
        "coordinates": [
          [
            [
              -66.87734093815135,
              10.439275620918124
            ],
            [
              -66.87830086980479,
              10.43798908906951
            ],
            [
              -66.87752958750976,
              10.436416638690607
            ],
            [
              -66.87579838465652,
              10.436130753615204
            ],
            [
              -66.87483848437599,
              10.437417301742718
            ],
            [
              -66.87560975557506,
              10.438989718667074
            ],
            [
              -66.87734093815135,
              10.439275620918124
            ]
          ]
        ]
      },
      "properties": {
        "point_count": 1,
        "density_level": "LOW",
        "avg_speed": 34,
        "unique_vehicles": 1,
        "min_speed": 34,
        "max_speed": 34
      }
    },
    {
      "h3_index": "896741256b7ffff",
      "type": "Feature",
      "geometry": {
        "type": "Polygon",
        "coordinates": [
          [
            [
              -66.89665394319452,
              10.504580246404753
            ],
            [
              -66.89761395012725,
              10.503294979336205
            ],
            [
              -66.8968427787882,
              10.501723492515373
            ],
            [
              -66.89511161158387,
              10.501437306179714
            ],
            [
              -66.89415163599128,
              10.502722589570498
            ],
            [
              -66.89492279626216,
              10.504294042975047
            ],
            [
              -66.89665394319452,
              10.504580246404753
            ]
          ]
        ]
      },
      "properties": {
        "point_count": 1,
        "density_level": "LOW",
        "avg_speed": 56,
        "unique_vehicles": 1,
        "min_speed": 56,
        "max_speed": 56
      }
    },
    {
      "h3_index": "89674135b1bffff",
      "type": "Feature",
      "geometry": {
        "type": "Polygon",
        "coordinates": [
          [
            [
              -66.85059543735262,
              10.566227867482901
            ],
            [
              -66.85155455339039,
              10.564944445485803
            ],
            [
              -66.85078368911407,
              10.563374273114274
            ],
            [
              -66.84905371991724,
              10.563087556164014
            ],
            [
              -66.84809463525121,
              10.56437099449895
            ],
            [
              -66.8488654884096,
              10.565941133446644
            ],
            [
              -66.85059543735262,
              10.566227867482901
            ]
          ]
        ]
      },
      "properties": {
        "point_count": 1,
        "density_level": "LOW",
        "avg_speed": 103,
        "unique_vehicles": 1,
        "min_speed": 103,
        "max_speed": 103
      }
    },
    {
      "h3_index": "8967412dd53ffff",
      "type": "Feature",
      "geometry": {
        "type": "Polygon",
        "coordinates": [
          [
            [
              -66.97678967380888,
              10.405070078315042
            ],
            [
              -66.97775120320584,
              10.403781783169508
            ],
            [
              -66.97697952065369,
              10.402208144607078
            ],
            [
              -66.97524631968457,
              10.401922834589698
            ],
            [
              -66.9742848215706,
              10.403211146034469
            ],
            [
              -66.97505649314208,
              10.404784751197706
            ],
            [
              -66.97678967380888,
              10.405070078315042
            ]
          ]
        ]
      },
      "properties": {
        "point_count": 1,
        "density_level": "LOW",
        "avg_speed": 26,
        "unique_vehicles": 1,
        "min_speed": 26,
        "max_speed": 26
      }
    },
    {
      "h3_index": "89674c5a273ffff",
      "type": "Feature",
      "geometry": {
        "type": "Polygon",
        "coordinates": [
          [
            [
              -66.84400440254232,
              10.38751899317739
            ],
            [
              -66.84496400422329,
              10.386231642232962
            ],
            [
              -66.84419269109357,
              10.384658544987081
            ],
            [
              -66.84246178742146,
              10.384372832182978
            ],
            [
              -66.84150221715687,
              10.385660199364569
            ],
            [
              -66.84227351914733,
              10.387233263113439
            ],
            [
              -66.84400440254232,
              10.38751899317739
            ]
          ]
        ]
      },
      "properties": {
        "point_count": 1,
        "density_level": "LOW",
        "avg_speed": 111,
        "unique_vehicles": 1,
        "min_speed": 111,
        "max_speed": 111
      }
    },
    {
      "h3_index": "89674126013ffff",
      "type": "Feature",
      "geometry": {
        "type": "Polygon",
        "coordinates": [
          [
            [
              -66.81289951601676,
              10.541227227865981
            ],
            [
              -66.8138581490336,
              10.539943626839955
            ],
            [
              -66.8130873384531,
              10.538373273952788
            ],
            [
              -66.81135790601932,
              10.538086555551248
            ],
            [
              -66.81039930441607,
              10.539370172886825
            ],
            [
              -66.81117010383228,
              10.540940492314725
            ],
            [
              -66.81289951601676,
              10.541227227865981
            ]
          ]
        ]
      },
      "properties": {
        "point_count": 1,
        "density_level": "LOW",
        "avg_speed": 119,
        "unique_vehicles": 1,
        "min_speed": 119,
        "max_speed": 119
      }
    },
    {
      "h3_index": "89674125e37ffff",
      "type": "Feature",
      "geometry": {
        "type": "Polygon",
        "coordinates": [
          [
            [
              -66.86601171023243,
              10.451852814384857
            ],
            [
              -66.86697143119189,
              10.45056667763647
            ],
            [
              -66.86620021761406,
              10.448994506789385
            ],
            [
              -66.86446929418449,
              10.448708506148524
            ],
            [
              -66.86350960460626,
              10.449994659178273
            ],
            [
              -66.86428080707567,
              10.451566796567862
            ],
            [
              -66.86601171023243,
              10.451852814384857
            ]
          ]
        ]
      },
      "properties": {
        "point_count": 1,
        "density_level": "LOW",
        "avg_speed": 63,
        "unique_vehicles": 1,
        "min_speed": 63,
        "max_speed": 63
      }
    },
    {
      "h3_index": "89674124e4bffff",
      "type": "Feature",
      "geometry": {
        "type": "Polygon",
        "coordinates": [
          [
            [
              -66.82891669399562,
              10.457276045114684
            ],
            [
              -66.82987584159157,
              10.455990403803636
            ],
            [
              -66.82910475949855,
              10.454418555829655
            ],
            [
              -66.82737454096068,
              10.454132382647817
            ],
            [
              -66.82641542478082,
              10.45541804022864
            ],
            [
              -66.82718649572205,
              10.456989854721852
            ],
            [
              -66.82891669399562,
              10.457276045114684
            ]
          ]
        ]
      },
      "properties": {
        "point_count": 1,
        "density_level": "LOW",
        "avg_speed": 51,
        "unique_vehicles": 1,
        "min_speed": 51,
        "max_speed": 51
      }
    },
    {
      "h3_index": "89674120933ffff",
      "type": "Feature",
      "geometry": {
        "type": "Polygon",
        "coordinates": [
          [
            [
              -66.90090314075583,
              10.519721134639843
            ],
            [
              -66.90186316167475,
              10.518436163439116
            ],
            [
              -66.90109201681223,
              10.516864902103372
            ],
            [
              -66.89936086209207,
              10.516578645376214
            ],
            [
              -66.8984008725059,
              10.517863632909098
            ],
            [
              -66.89917200630643,
              10.51943486083732
            ],
            [
              -66.90090314075583,
              10.519721134639843
            ]
          ]
        ]
      },
      "properties": {
        "point_count": 1,
        "density_level": "LOW",
        "avg_speed": 33,
        "unique_vehicles": 1,
        "min_speed": 33,
        "max_speed": 33
      }
    },
    {
      "h3_index": "8967412636bffff",
      "type": "Feature",
      "geometry": {
        "type": "Polygon",
        "coordinates": [
          [
            [
              -66.82015486872244,
              10.510687048489268
            ],
            [
              -66.82111371037138,
              10.509402690249425
            ],
            [
              -66.8203427964545,
              10.507831783857657
            ],
            [
              -66.81861305204602,
              10.507545269172244
            ],
            [
              -66.81765424181019,
              10.50882964370777
            ],
            [
              -66.81842514456903,
              10.510400516633352
            ],
            [
              -66.82015486872244,
              10.510687048489268
            ]
          ]
        ]
      },
      "properties": {
        "point_count": 1,
        "density_level": "LOW",
        "avg_speed": 31,
        "unique_vehicles": 1,
        "min_speed": 31,
        "max_speed": 31
      }
    },
    {
      "h3_index": "89674120d4fffff",
      "type": "Feature",
      "geometry": {
        "type": "Polygon",
        "coordinates": [
          [
            [
              -66.91265900971777,
              10.540431578607354
            ],
            [
              -66.91361913856841,
              10.539146952383724
            ],
            [
              -66.91284801133709,
              10.5375759628786
            ],
            [
              -66.91111676630098,
              10.537289632988891
            ],
            [
              -66.91015666876723,
              10.538574275560531
            ],
            [
              -66.91092778495201,
              10.5401452316742
            ],
            [
              -66.91265900971777,
              10.540431578607354
            ]
          ]
        ]
      },
      "properties": {
        "point_count": 1,
        "density_level": "LOW",
        "avg_speed": 69,
        "unique_vehicles": 1,
        "min_speed": 69,
        "max_speed": 69
      }
    },
    {
      "h3_index": "8967412f1c7ffff",
      "type": "Feature",
      "geometry": {
        "type": "Polygon",
        "coordinates": [
          [
            [
              -66.98494587630903,
              10.480153800556993
            ],
            [
              -66.9859072815524,
              10.47886709899773
            ],
            [
              -66.98513577101174,
              10.47729465648481
            ],
            [
              -66.98340286619236,
              10.47700894889652
            ],
            [
              -66.982441492208,
              10.478295666799294
            ],
            [
              -66.98321299178326,
              10.479868075947183
            ],
            [
              -66.98494587630903,
              10.480153800556993
            ]
          ]
        ]
      },
      "properties": {
        "point_count": 1,
        "density_level": "LOW",
        "avg_speed": 99,
        "unique_vehicles": 1,
        "min_speed": 99,
        "max_speed": 99
      }
    },
    {
      "h3_index": "89674135bbbffff",
      "type": "Feature",
      "geometry": {
        "type": "Polygon",
        "coordinates": [
          [
            [
              -66.84271682206099,
              10.566364240461251
            ],
            [
              -66.84367581966762,
              10.565080901155408
            ],
            [
              -66.84290498065559,
              10.563510780299929
            ],
            [
              -66.84117515516343,
              10.563224032179786
            ],
            [
              -66.84021618893615,
              10.564507387820475
            ],
            [
              -66.84098701682095,
              10.566077475246807
            ],
            [
              -66.84271682206099,
              10.566364240461251
            ]
          ]
        ]
      },
      "properties": {
        "point_count": 1,
        "density_level": "LOW",
        "avg_speed": 96,
        "unique_vehicles": 1,
        "min_speed": 96,
        "max_speed": 96
      }
    },
    {
      "h3_index": "8967412c14fffff",
      "type": "Feature",
      "geometry": {
        "type": "Polygon",
        "coordinates": [
          [
            [
              -66.956981029246,
              10.426394190093486
            ],
            [
              -66.95794219328326,
              10.425106569414833
            ],
            [
              -66.95717062818305,
              10.423533407731632
            ],
            [
              -66.95543791004744,
              10.423247900132177
            ],
            [
              -66.95447677730805,
              10.424535537113965
            ],
            [
              -66.95524833140567,
              10.426108665392405
            ],
            [
              -66.956981029246,
              10.426394190093486
            ]
          ]
        ]
      },
      "properties": {
        "point_count": 1,
        "density_level": "LOW",
        "avg_speed": 97,
        "unique_vehicles": 1,
        "min_speed": 97,
        "max_speed": 97
      }
    },
    {
      "h3_index": "89674125a8bffff",
      "type": "Feature",
      "geometry": {
        "type": "Polygon",
        "coordinates": [
          [
            [
              -66.8744612546221,
              10.443134986056602
            ],
            [
              -66.87542113056,
              10.441848569412352
            ],
            [
              -66.87464986746599,
              10.440276201054209
            ],
            [
              -66.87291873953242,
              10.439990282795696
            ],
            [
              -66.87195889496941,
              10.44127671571983
            ],
            [
              -66.87273014696437,
              10.442849050622925
            ],
            [
              -66.8744612546221,
              10.443134986056602
            ]
          ]
        ]
      },
      "properties": {
        "point_count": 1,
        "density_level": "LOW",
        "avg_speed": 14,
        "unique_vehicles": 1,
        "min_speed": 14,
        "max_speed": 14
      }
    },
    {
      "h3_index": "8967412c1abffff",
      "type": "Feature",
      "geometry": {
        "type": "Polygon",
        "coordinates": [
          [
            [
              -66.94370235373216,
              10.428543400249096
            ],
            [
              -66.94466331249612,
              10.427255960965645
            ],
            [
              -66.94389179433597,
              10.425682917704986
            ],
            [
              -66.94215932842936,
              10.425397347141173
            ],
            [
              -66.94119840097584,
              10.426684802723699
            ],
            [
              -66.94196990811778,
              10.428257812571294
            ],
            [
              -66.94370235373216,
              10.428543400249096
            ]
          ]
        ]
      },
      "properties": {
        "point_count": 1,
        "density_level": "LOW",
        "avg_speed": 94,
        "unique_vehicles": 1,
        "min_speed": 94,
        "max_speed": 94
      }
    },
    {
      "h3_index": "8967412152fffff",
      "type": "Feature",
      "geometry": {
        "type": "Polygon",
        "coordinates": [
          [
            [
              -66.98888567928428,
              10.579014213066568
            ],
            [
              -66.98984681943189,
              10.577729683024742
            ],
            [
              -66.98907555657034,
              10.57615886536243
            ],
            [
              -66.98734316451376,
              10.575872611066439
            ],
            [
              -66.98638205560019,
              10.577157157506853
            ],
            [
              -66.98715330750845,
              10.578727941844994
            ],
            [
              -66.98888567928428,
              10.579014213066568
            ]
          ]
        ]
      },
      "properties": {
        "point_count": 1,
        "density_level": "LOW",
        "avg_speed": 78,
        "unique_vehicles": 1,
        "min_speed": 78,
        "max_speed": 78
      }
    },
    {
      "h3_index": "89674127357ffff",
      "type": "Feature",
      "geometry": {
        "type": "Polygon",
        "coordinates": [
          [
            [
              -66.87475066735205,
              10.518282362553082
            ],
            [
              -66.87571030182144,
              10.51699762293148
            ],
            [
              -66.87493923531675,
              10.515426500880208
            ],
            [
              -66.87320854543499,
              10.515140151876835
            ],
            [
              -66.87224894232412,
              10.51642490781959
            ],
            [
              -66.87301999773577,
              10.517995996444894
            ],
            [
              -66.87475066735205,
              10.518282362553082
            ]
          ]
        ]
      },
      "properties": {
        "point_count": 1,
        "density_level": "LOW",
        "avg_speed": 101,
        "unique_vehicles": 1,
        "min_speed": 101,
        "max_speed": 101
      }
    },
    {
      "h3_index": "89674125db7ffff",
      "type": "Feature",
      "geometry": {
        "type": "Polygon",
        "coordinates": [
          [
            [
              -66.82660346191413,
              10.452560519610687
            ],
            [
              -66.82756259025297,
              10.451274796273992
            ],
            [
              -66.82679150310095,
              10.449702884697915
            ],
            [
              -66.82506129876427,
              10.44941672994302
            ],
            [
              -66.82410220184475,
              10.450702469545993
            ],
            [
              -66.82487327784189,
              10.452274347637916
            ],
            [
              -66.82660346191413,
              10.452560519610687
            ]
          ]
        ]
      },
      "properties": {
        "point_count": 1,
        "density_level": "LOW",
        "avg_speed": 86,
        "unique_vehicles": 1,
        "min_speed": 86,
        "max_speed": 86
      }
    },
    {
      "h3_index": "89674c5b6c7ffff",
      "type": "Feature",
      "geometry": {
        "type": "Polygon",
        "coordinates": [
          [
            [
              -66.89731450199204,
              10.415110637218595
            ],
            [
              -66.89827481147553,
              10.413823364826088
            ],
            [
              -66.89750340296266,
              10.412250388967475
            ],
            [
              -66.8957716960397,
              10.411964718951733
            ],
            [
              -66.89481141791482,
              10.413252007617658
            ],
            [
              -66.89558281535358,
              10.414824950026244
            ],
            [
              -66.89731450199204,
              10.415110637218595
            ]
          ]
        ]
      },
      "properties": {
        "point_count": 1,
        "density_level": "LOW",
        "avg_speed": 21,
        "unique_vehicles": 1,
        "min_speed": 21,
        "max_speed": 21
      }
    },
    {
      "h3_index": "89674124b4bffff",
      "type": "Feature",
      "geometry": {
        "type": "Polygon",
        "coordinates": [
          [
            [
              -66.81272375109047,
              10.42426336266732
            ],
            [
              -66.81368276381534,
              10.422977147334366
            ],
            [
              -66.81291164636112,
              10.421404854674163
            ],
            [
              -66.81118152735475,
              10.421118810851706
            ],
            [
              -66.81022254606873,
              10.422405042429869
            ],
            [
              -66.81099365234955,
              10.423977301585621
            ],
            [
              -66.81272375109047,
              10.42426336266732
            ]
          ]
        ]
      },
      "properties": {
        "point_count": 1,
        "density_level": "LOW",
        "avg_speed": 79,
        "unique_vehicles": 1,
        "min_speed": 79,
        "max_speed": 79
      }
    },
    {
      "h3_index": "8967412c213ffff",
      "type": "Feature",
      "geometry": {
        "type": "Polygon",
        "coordinates": [
          [
            [
              -66.98509999301494,
              10.438256788105205
            ],
            [
              -66.98606153773044,
              10.436969149680046
            ],
            [
              -66.98528991663349,
              10.435396009870937
            ],
            [
              -66.98355676178868,
              10.435110541868227
            ],
            [
              -66.98259524834094,
              10.436398196614096
            ],
            [
              -66.98336685846955,
              10.437971303042312
            ],
            [
              -66.98509999301494,
              10.438256788105205
            ]
          ]
        ]
      },
      "properties": {
        "point_count": 1,
        "density_level": "LOW",
        "avg_speed": 44,
        "unique_vehicles": 1,
        "min_speed": 44,
        "max_speed": 44
      }
    },
    {
      "h3_index": "896741218cfffff",
      "type": "Feature",
      "geometry": {
        "type": "Polygon",
        "coordinates": [
          [
            [
              -66.98365269498233,
              10.539170105312872
            ],
            [
              -66.98461388765895,
              10.537884736040597
            ],
            [
              -66.98384253622801,
              10.536313285000173
            ],
            [
              -66.98211000308223,
              10.536027236575588
            ],
            [
              -66.98114884165328,
              10.537312622222924
            ],
            [
              -66.98192018212173,
              10.538884039920118
            ],
            [
              -66.98365269498233,
              10.539170105312872
            ]
          ]
        ]
      },
      "properties": {
        "point_count": 1,
        "density_level": "LOW",
        "avg_speed": 4,
        "unique_vehicles": 1,
        "min_speed": 4,
        "max_speed": 4
      }
    },
    {
      "h3_index": "89674c5a68bffff",
      "type": "Feature",
      "geometry": {
        "type": "Polygon",
        "coordinates": [
          [
            [
              -66.83943162321576,
              10.417117938136284
            ],
            [
              -66.84039105964781,
              10.415831293756447
            ],
            [
              -66.8396198387372,
              10.414258714615103
            ],
            [
              -66.83788919253625,
              10.413972813342857
            ],
            [
              -66.83692978751868,
              10.415259473974455
            ],
            [
              -66.83770099728687,
              10.416832019626877
            ],
            [
              -66.83943162321576,
              10.417117938136284
            ]
          ]
        ]
      },
      "properties": {
        "point_count": 1,
        "density_level": "LOW",
        "avg_speed": 36,
        "unique_vehicles": 1,
        "min_speed": 36,
        "max_speed": 36
      }
    },
    {
      "h3_index": "89674121b17ffff",
      "type": "Feature",
      "geometry": {
        "type": "Polygon",
        "coordinates": [
          [
            [
              -66.97727984389702,
              10.516454396983239
            ],
            [
              -66.9782410159495,
              10.515168583731413
            ],
            [
              -66.97746962453537,
              10.513596793269397
            ],
            [
              -66.97573707203983,
              10.513310849415891
            ],
            [
              -66.97477593124617,
              10.514596679027958
            ],
            [
              -66.97554731168852,
              10.516168436133606
            ],
            [
              -66.97727984389702,
              10.516454396983239
            ]
          ]
        ]
      },
      "properties": {
        "point_count": 1,
        "density_level": "LOW",
        "avg_speed": 76,
        "unique_vehicles": 1,
        "min_speed": 76,
        "max_speed": 76
      }
    },
    {
      "h3_index": "89674127347ffff",
      "type": "Feature",
      "geometry": {
        "type": "Polygon",
        "coordinates": [
          [
            [
              -66.87493923531675,
              10.515426500880208
            ],
            [
              -66.87589888195119,
              10.51414169545057
            ],
            [
              -66.87512780734559,
              10.512570524697557
            ],
            [
              -66.8733970971979,
              10.512284192801456
            ],
            [
              -66.87243748192243,
              10.513569014550768
            ],
            [
              -66.87320854543499,
              10.515140151876835
            ],
            [
              -66.87493923531675,
              10.515426500880208
            ]
          ]
        ]
      },
      "properties": {
        "point_count": 1,
        "density_level": "LOW",
        "avg_speed": 82,
        "unique_vehicles": 1,
        "min_speed": 82,
        "max_speed": 82
      }
    },
    {
      "h3_index": "8967412c55bffff",
      "type": "Feature",
      "geometry": {
        "type": "Polygon",
        "coordinates": [
          [
            [
              -66.95796844674645,
              10.451134718025202
            ],
            [
              -66.95892954455195,
              10.44984763954538
            ],
            [
              -66.95815804138144,
              10.448274882278021
            ],
            [
              -66.95642545140426,
              10.44798923688547
            ],
            [
              -66.9554643848904,
              10.449276331682368
            ],
            [
              -66.95623587706135,
              10.450849055555071
            ],
            [
              -66.95796844674645,
              10.451134718025202
            ]
          ]
        ]
      },
      "properties": {
        "point_count": 1,
        "density_level": "LOW",
        "avg_speed": 20,
        "unique_vehicles": 1,
        "min_speed": 20,
        "max_speed": 20
      }
    },
    {
      "h3_index": "896741253cfffff",
      "type": "Feature",
      "geometry": {
        "type": "Polygon",
        "coordinates": [
          [
            [
              -66.89603989133991,
              10.474149583585628
            ],
            [
              -66.89699998865329,
              10.47286364236964
            ],
            [
              -66.89622873926128,
              10.471291653551216
            ],
            [
              -66.89449740362635,
              10.471005639377506
            ],
            [
              -66.8935373376602,
              10.472291596898849
            ],
            [
              -66.89430857598103,
              10.473863552288876
            ],
            [
              -66.89603989133991,
              10.474149583585628
            ]
          ]
        ]
      },
      "properties": {
        "point_count": 1,
        "density_level": "LOW",
        "avg_speed": 95,
        "unique_vehicles": 1,
        "min_speed": 95,
        "max_speed": 95
      }
    },
    {
      "h3_index": "89674c5a643ffff",
      "type": "Feature",
      "geometry": {
        "type": "Polygon",
        "coordinates": [
          [
            [
              -66.8476905821631,
              10.41125604383879
            ],
            [
              -66.84865016148922,
              10.409969185335934
            ],
            [
              -66.84787889906264,
              10.408396457250559
            ],
            [
              -66.84614806844236,
              10.408110621153881
            ],
            [
              -66.84518852052395,
              10.409397495908506
            ],
            [
              -66.84595977181739,
              10.410970190508392
            ],
            [
              -66.8476905821631,
              10.41125604383879
            ]
          ]
        ]
      },
      "properties": {
        "point_count": 1,
        "density_level": "LOW",
        "avg_speed": 105,
        "unique_vehicles": 1,
        "min_speed": 105,
        "max_speed": 105
      }
    },
    {
      "h3_index": "89674121d8fffff",
      "type": "Feature",
      "geometry": {
        "type": "Polygon",
        "coordinates": [
          [
            [
              -66.95690999402296,
              10.546303707331722
            ],
            [
              -66.95787076444883,
              10.545018766763063
            ],
            [
              -66.95709951468609,
              10.543447600379482
            ],
            [
              -66.95536750549044,
              10.543161407923728
            ],
            [
              -66.95440676633696,
              10.544446364860853
            ],
            [
              -66.95517800510603,
              10.546017497885593
            ],
            [
              -66.95690999402296,
              10.546303707331722
            ]
          ]
        ]
      },
      "properties": {
        "point_count": 1,
        "density_level": "LOW",
        "avg_speed": 64,
        "unique_vehicles": 1,
        "min_speed": 64,
        "max_speed": 64
      }
    },
    {
      "h3_index": "8967412e687ffff",
      "type": "Feature",
      "geometry": {
        "type": "Polygon",
        "coordinates": [
          [
            [
              -66.95687048463542,
              10.507307619351383
            ],
            [
              -66.95783138216763,
              10.50602180685983
            ],
            [
              -66.95706003002087,
              10.504449990587787
            ],
            [
              -66.95532779133784,
              10.50416402018156
            ],
            [
              -66.95436692508633,
              10.505449849020414
            ],
            [
              -66.95513826623645,
              10.507021631918521
            ],
            [
              -66.95687048463542,
              10.507307619351383
            ]
          ]
        ]
      },
      "properties": {
        "point_count": 1,
        "density_level": "LOW",
        "avg_speed": 94,
        "unique_vehicles": 1,
        "min_speed": 94,
        "max_speed": 94
      }
    },
    {
      "h3_index": "89674120827ffff",
      "type": "Feature",
      "geometry": {
        "type": "Polygon",
        "coordinates": [
          [
            [
              -66.91610657855972,
              10.528009801242753
            ],
            [
              -66.91706679958924,
              10.526724862259814
            ],
            [
              -66.91629562891843,
              10.525153644268729
            ],
            [
              -66.91456424826085,
              10.52486739865479
            ],
            [
              -66.91360405854752,
              10.526152353980333
            ],
            [
              -66.91437521817491,
              10.527723538577526
            ],
            [
              -66.91610657855972,
              10.528009801242753
            ]
          ]
        ]
      },
      "properties": {
        "point_count": 1,
        "density_level": "LOW",
        "avg_speed": 105,
        "unique_vehicles": 1,
        "min_speed": 105,
        "max_speed": 105
      }
    },
    {
      "h3_index": "89674120e23ffff",
      "type": "Feature",
      "geometry": {
        "type": "Polygon",
        "coordinates": [
          [
            [
              -66.9361280771744,
              10.542868859520455
            ],
            [
              -66.93708854863104,
              10.541584051349897
            ],
            [
              -66.93631735451417,
              10.54001295659325
            ],
            [
              -66.93458569995855,
              10.53972670338191
            ],
            [
              -66.93362525979538,
              10.541011527910952
            ],
            [
              -66.93439644289367,
              10.54258258929318
            ],
            [
              -66.9361280771744,
              10.542868859520455
            ]
          ]
        ]
      },
      "properties": {
        "point_count": 1,
        "density_level": "LOW",
        "avg_speed": 42,
        "unique_vehicles": 1,
        "min_speed": 42,
        "max_speed": 42
      }
    },
    {
      "h3_index": "89674c5a2dbffff",
      "type": "Feature",
      "geometry": {
        "type": "Polygon",
        "coordinates": [
          [
            [
              -66.84844387412285,
              10.399817012331638
            ],
            [
              -66.84940350212106,
              10.39852989097868
            ],
            [
              -66.84863220726385,
              10.39695696899894
            ],
            [
              -66.84690129554083,
              10.396671201861798
            ],
            [
              -66.84594169895205,
              10.397958339460493
            ],
            [
              -66.84671298267617,
              10.399531227950916
            ],
            [
              -66.84844387412285,
              10.399817012331638
            ]
          ]
        ]
      },
      "properties": {
        "point_count": 1,
        "density_level": "LOW",
        "avg_speed": 27,
        "unique_vehicles": 1,
        "min_speed": 27,
        "max_speed": 27
      }
    },
    {
      "h3_index": "89674126457ffff",
      "type": "Feature",
      "geometry": {
        "type": "Polygon",
        "coordinates": [
          [
            [
              -66.81696071686316,
              10.559209031384269
            ],
            [
              -66.81791935195511,
              10.557925792186927
            ],
            [
              -66.81714857575811,
              10.556355713291431
            ],
            [
              -66.81541917562662,
              10.556068907043104
            ],
            [
              -66.81446057194047,
              10.557352162561383
            ],
            [
              -66.81523133697932,
              10.558922208007386
            ],
            [
              -66.81696071686316,
              10.559209031384269
            ]
          ]
        ]
      },
      "properties": {
        "point_count": 1,
        "density_level": "LOW",
        "avg_speed": 103,
        "unique_vehicles": 1,
        "min_speed": 103,
        "max_speed": 103
      }
    },
    {
      "h3_index": "8967412185bffff",
      "type": "Feature",
      "geometry": {
        "type": "Polygon",
        "coordinates": [
          [
            [
              -66.98904031267224,
              10.537171399797147
            ],
            [
              -66.9900015922146,
              10.535885931636148
            ],
            [
              -66.98923021886803,
              10.534314413913684
            ],
            [
              -66.98749757693464,
              10.534028397692838
            ],
            [
              -66.98653632863511,
              10.53531388222991
            ],
            [
              -66.98730769102544,
              10.536885366612081
            ],
            [
              -66.98904031267224,
              10.537171399797147
            ]
          ]
        ]
      },
      "properties": {
        "point_count": 1,
        "density_level": "LOW",
        "avg_speed": 31,
        "unique_vehicles": 1,
        "min_speed": 31,
        "max_speed": 31
      }
    },
    {
      "h3_index": "896741263cfffff",
      "type": "Feature",
      "geometry": {
        "type": "Polygon",
        "coordinates": [
          [
            [
              -66.81940319829552,
              10.5221069625091
            ],
            [
              -66.82036199133553,
              10.520822867509604
            ],
            [
              -66.81959110982731,
              10.519252155694906
            ],
            [
              -66.81786144643647,
              10.5189655723423
            ],
            [
              -66.81690268480786,
              10.520249683643444
            ],
            [
              -66.817673555158,
              10.521820361995863
            ],
            [
              -66.81940319829552,
              10.5221069625091
            ]
          ]
        ]
      },
      "properties": {
        "point_count": 1,
        "density_level": "LOW",
        "avg_speed": 7,
        "unique_vehicles": 1,
        "min_speed": 7,
        "max_speed": 7
      }
    },
    {
      "h3_index": "89674125b97ffff",
      "type": "Feature",
      "geometry": {
        "type": "Polygon",
        "coordinates": [
          [
            [
              -66.85156466109896,
              10.43212784393871
            ],
            [
              -66.85252423022719,
              10.43084141231408
            ],
            [
              -66.85175301039752,
              10.429269005305164
            ],
            [
              -66.85002223256585,
              10.428983063396135
            ],
            [
              -66.8490626948371,
              10.430269511285585
            ],
            [
              -66.84983390353982,
              10.431841884819592
            ],
            [
              -66.85156466109896,
              10.43212784393871
            ]
          ]
        ]
      },
      "properties": {
        "point_count": 1,
        "density_level": "LOW",
        "avg_speed": 56,
        "unique_vehicles": 1,
        "min_speed": 56,
        "max_speed": 56
      }
    },
    {
      "h3_index": "89674135a7bffff",
      "type": "Feature",
      "geometry": {
        "type": "Polygon",
        "coordinates": [
          [
            [
              -66.87116864803626,
              10.572521967660776
            ],
            [
              -66.8721280514236,
              10.571238478859064
            ],
            [
              -66.87135713880684,
              10.56966828307558
            ],
            [
              -66.86962683389524,
              10.569381609501475
            ],
            [
              -66.86866746185832,
              10.57066511465244
            ],
            [
              -66.86943836338189,
              10.572235277028597
            ],
            [
              -66.87116864803626,
              10.572521967660776
            ]
          ]
        ]
      },
      "properties": {
        "point_count": 1,
        "density_level": "LOW",
        "avg_speed": 64,
        "unique_vehicles": 1,
        "min_speed": 64,
        "max_speed": 64
      }
    },
    {
      "h3_index": "89674127697ffff",
      "type": "Feature",
      "geometry": {
        "type": "Polygon",
        "coordinates": [
          [
            [
              -66.8799925467591,
              10.558114906936995
            ],
            [
              -66.8809521293134,
              10.556831006232594
            ],
            [
              -66.88018115104298,
              10.555260515072883
            ],
            [
              -66.8784506013014,
              10.554973958024842
            ],
            [
              -66.87749105009203,
              10.55625787507412
            ],
            [
              -66.8782620172786,
              10.557828332826903
            ],
            [
              -66.8799925467591,
              10.558114906936995
            ]
          ]
        ]
      },
      "properties": {
        "point_count": 1,
        "density_level": "LOW",
        "avg_speed": 90,
        "unique_vehicles": 1,
        "min_speed": 90,
        "max_speed": 90
      }
    },
    {
      "h3_index": "8967412e083ffff",
      "type": "Feature",
      "geometry": {
        "type": "Polygon",
        "coordinates": [
          [
            [
              -66.94184968372876,
              10.4961607811299
            ],
            [
              -66.94281039353388,
              10.49487487058445
            ],
            [
              -66.94203905881382,
              10.49330296208843
            ],
            [
              -66.94030702530324,
              10.493016997526707
            ],
            [
              -66.93934634679596,
              10.494302924407489
            ],
            [
              -66.94011767050071,
              10.495874799514992
            ],
            [
              -66.94184968372876,
              10.4961607811299
            ]
          ]
        ]
      },
      "properties": {
        "point_count": 1,
        "density_level": "LOW",
        "avg_speed": 109,
        "unique_vehicles": 1,
        "min_speed": 109,
        "max_speed": 109
      }
    },
    {
      "h3_index": "8967412c277ffff",
      "type": "Feature",
      "geometry": {
        "type": "Polygon",
        "coordinates": [
          [
            [
              -66.98566977615431,
              10.429674110198661
            ],
            [
              -66.98663135746223,
              10.428386274582943
            ],
            [
              -66.98585971205682,
              10.426812988775646
            ],
            [
              -66.9841264963111,
              10.426527571968167
            ],
            [
              -66.98316494627221,
              10.427815423900116
            ],
            [
              -66.98393658070934,
              10.429388676323661
            ],
            [
              -66.98566977615431,
              10.429674110198661
            ]
          ]
        ]
      },
      "properties": {
        "point_count": 1,
        "density_level": "LOW",
        "avg_speed": 77,
        "unique_vehicles": 1,
        "min_speed": 77,
        "max_speed": 77
      }
    },
    {
      "h3_index": "89674121b6fffff",
      "type": "Feature",
      "geometry": {
        "type": "Polygon",
        "coordinates": [
          [
            [
              -66.98323700816259,
              10.505880942766185
            ],
            [
              -66.98419830367554,
              10.504594833244068
            ],
            [
              -66.98342686603124,
              10.503022829671378
            ],
            [
              -66.98169414383875,
              10.50273696897748
            ],
            [
              -66.98073287958097,
              10.504023094856445
            ],
            [
              -66.98150430625978,
              10.505595065072795
            ],
            [
              -66.98323700816259,
              10.505880942766185
            ]
          ]
        ]
      },
      "properties": {
        "point_count": 1,
        "density_level": "LOW",
        "avg_speed": 59,
        "unique_vehicles": 1,
        "min_speed": 59,
        "max_speed": 59
      }
    },
    {
      "h3_index": "89674125c0fffff",
      "type": "Feature",
      "geometry": {
        "type": "Polygon",
        "coordinates": [
          [
            [
              -66.85487323417985,
              10.46156830803664
            ],
            [
              -66.85583275660257,
              10.460282500696753
            ],
            [
              -66.85506160368608,
              10.458710560842091
            ],
            [
              -66.85333093946699,
              10.458424461789024
            ],
            [
              -66.85237144843424,
              10.459710285411234
            ],
            [
              -66.85314259022992,
              10.461282191804507
            ],
            [
              -66.85487323417985,
              10.46156830803664
            ]
          ]
        ]
      },
      "properties": {
        "point_count": 1,
        "density_level": "LOW",
        "avg_speed": 52,
        "unique_vehicles": 1,
        "min_speed": 52,
        "max_speed": 52
      }
    },
    {
      "h3_index": "89674126403ffff",
      "type": "Feature",
      "geometry": {
        "type": "Polygon",
        "coordinates": [
          [
            [
              -66.81177266639297,
              10.558348546230526
            ],
            [
              -66.81273122652345,
              10.557065340238372
            ],
            [
              -66.81196046454586,
              10.5554952795297
            ],
            [
              -66.81023115360144,
              10.555208458266874
            ],
            [
              -66.80927262488197,
              10.556491680577489
            ],
            [
              -66.81004337569523,
              10.558061707832797
            ],
            [
              -66.81177266639297,
              10.558348546230526
            ]
          ]
        ]
      },
      "properties": {
        "point_count": 1,
        "density_level": "LOW",
        "avg_speed": 69,
        "unique_vehicles": 1,
        "min_speed": 69,
        "max_speed": 69
      }
    },
    {
      "h3_index": "89674c5a56bffff",
      "type": "Feature",
      "geometry": {
        "type": "Polygon",
        "coordinates": [
          [
            [
              -66.8092242002213,
              10.397674948607644
            ],
            [
              -66.81018324733354,
              10.396388175045862
            ],
            [
              -66.80941207114729,
              10.394815464953105
            ],
            [
              -66.80768185902768,
              10.394529561939382
            ],
            [
              -66.80672284336336,
              10.395816351730272
            ],
            [
              -66.80749400837003,
              10.397389028306097
            ],
            [
              -66.8092242002213,
              10.397674948607644
            ]
          ]
        ]
      },
      "properties": {
        "point_count": 1,
        "density_level": "LOW",
        "avg_speed": 93,
        "unique_vehicles": 1,
        "min_speed": 93,
        "max_speed": 93
      }
    },
    {
      "h3_index": "89674120207ffff",
      "type": "Feature",
      "geometry": {
        "type": "Polygon",
        "coordinates": [
          [
            [
              -66.9734850899055,
              10.573582392781258
            ],
            [
              -66.97444601823909,
              10.572297896076648
            ],
            [
              -66.97367478876382,
              10.570727082723703
            ],
            [
              -66.97194264192619,
              10.570440799412552
            ],
            [
              -66.9709817448429,
              10.571725312506821
            ],
            [
              -66.9717529633462,
              10.57329609252291
            ],
            [
              -66.9734850899055,
              10.573582392781258
            ]
          ]
        ]
      },
      "properties": {
        "point_count": 1,
        "density_level": "LOW",
        "avg_speed": 42,
        "unique_vehicles": 1,
        "min_speed": 42,
        "max_speed": 42
      }
    },
    {
      "h3_index": "89674120ad7ffff",
      "type": "Feature",
      "geometry": {
        "type": "Polygon",
        "coordinates": [
          [
            [
              -66.94439422638908,
              10.537016849282583
            ],
            [
              -66.94535484042456,
              10.535731826891427
            ],
            [
              -66.9445836051726,
              10.534160583208465
            ],
            [
              -66.94285176689368,
              10.533874395288004
            ],
            [
              -66.9418911841448,
              10.535159434037702
            ],
            [
              -66.94266240838753,
              10.536730644349646
            ],
            [
              -66.94439422638908,
              10.537016849282583
            ]
          ]
        ]
      },
      "properties": {
        "point_count": 1,
        "density_level": "LOW",
        "avg_speed": 52,
        "unique_vehicles": 1,
        "min_speed": 52,
        "max_speed": 52
      }
    }
  ]
}